0,0,Mod7ePeH5FrKhSymIhuROJmWTm8=,p6RBKBz5+FGaMt7o1QDZYfkGCxk=
0,1,Mod7ePeH5FrKhSymIhuROJmWTm8=,p6RBKBz5+FGaMt7o1QDZYfkGCxk=
0,2,Mod7ePeH5FrKhSymIhuROJmWTm8=,p6RBKBz5+FGaMt7o1QDZYfkGCxk=
0,18,Mod7ePeH5FrKhSymIhuROJmWTm8=,rH1UWoQYiipenfJGLhD3gAjcbHE=
0,3,Mod7ePeH5FrKhSymIhuROJmWTm8=,7L4+nAxT75WMLx0C4eq5r4O9Mwk=
0,20,Mod7ePeH5FrKhSymIhuROJmWTm8=,WbfRAX5jonKZrmqNwO7czTLDozw=
0,4,Mod7ePeH5FrKhSymIhuROJmWTm8=,WbfRAX5jonKZrmqNwO7czTLDozw=
0,21,Mod7ePeH5FrKhSymIhuROJmWTm8=,WbfRAX5jonKZrmqNwO7czTLDozw=
0,5,Mod7ePeH5FrKhSymIhuROJmWTm8=,WbfRAX5jonKZrmqNwO7czTLDozw=
0,25,Mod7ePeH5FrKhSymIhuROJmWTm8=,WbfRAX5jonKZrmqNwO7czTLDozw=
0,9,Mod7ePeH5FrKhSymIhuROJmWTm8=,WbfRAX5jonKZrmqNwO7czTLDozw=
0,11,Mod7ePeH5FrKhSymIhuROJmWTm8=,WbfRAX5jonKZrmqNwO7czTLDozw=
0,12,Mod7ePeH5FrKhSymIhuROJmWTm8=,WbfRAX5jonKZrmqNwO7czTLDozw=
0,14,Mod7ePeH5FrKhSymIhuROJmWTm8=,WbfRAX5jonKZrmqNwO7czTLDozw=
0,15,Mod7ePeH5FrKhSymIhuROJmWTm8=,WbfRAX5jonKZrmqNwO7czTLDozw=
0,16,Mod7ePeH5FrKhSymIhuROJmWTm8=,WbfRAX5jonKZrmqNwO7czTLDozw=
0,6,Mod7ePeH5FrKhSymIhuROJmWTm8=,WbfRAX5jonKZrmqNwO7czTLDozw=
0,22,Mod7ePeH5FrKhSymIhuROJmWTm8=,LFA4VpDxtG5RGyUIoyoHQ0gpsPk=
0,7,Mod7ePeH5FrKhSymIhuROJmWTm8=,LFA4VpDxtG5RGyUIoyoHQ0gpsPk=
0,24,Mod7ePeH5FrKhSymIhuROJmWTm8=,LFA4VpDxtG5RGyUIoyoHQ0gpsPk=
0,10,Mod7ePeH5FrKhSymIhuROJmWTm8=,LFA4VpDxtG5RGyUIoyoHQ0gpsPk=
0,26,Mod7ePeH5FrKhSymIhuROJmWTm8=,LFA4VpDxtG5RGyUIoyoHQ0gpsPk=
1,1,Mod7ePeH5FrKhSymIhuROJmWTm8=,jRIk0y3SxHzKEoQzQ/Zcy6sl9Mc=
1,0,Mod7ePeH5FrKhSymIhuROJmWTm8=,j8YYOrUCXO0WFt/1sXyVQK9nhDs=
1,3,Mod7ePeH5FrKhSymIhuROJmWTm8=,LFA4VpDxtG5RGyUIoyoHQ0gpsPk=
1,19,Mod7ePeH5FrKhSymIhuROJmWTm8=,LFA4VpDxtG5RGyUIoyoHQ0gpsPk=
1,18,Mod7ePeH5FrKhSymIhuROJmWTm8=,LFA4VpDxtG5RGyUIoyoHQ0gpsPk=
1,2,Mod7ePeH5FrKhSymIhuROJmWTm8=,K/kDzbauakqtMGRddg+iGup87Pk=
1,4,pxp+hBdYKGPtT08rh/QxehZTkio=,LFA4VpDxtG5RGyUIoyoHQ0gpsPk=
1,20,pxp+hBdYKGPtT08rh/QxehZTkio=,LFA4VpDxtG5RGyUIoyoHQ0gpsPk=
1,22,pxp+hBdYKGPtT08rh/QxehZTkio=,LFA4VpDxtG5RGyUIoyoHQ0gpsPk=
1,6,pxp+hBdYKGPtT08rh/QxehZTkio=,LFA4VpDxtG5RGyUIoyoHQ0gpsPk=
1,25,pxp+hBdYKGPtT08rh/QxehZTkio=,LFA4VpDxtG5RGyUIoyoHQ0gpsPk=
1,24,pxp+hBdYKGPtT08rh/QxehZTkio=,LFA4VpDxtG5RGyUIoyoHQ0gpsPk=
1,26,pxp+hBdYKGPtT08rh/QxehZTkio=,LFA4VpDxtG5RGyUIoyoHQ0gpsPk=
1,14,pxp+hBdYKGPtT08rh/QxehZTkio=,SarN7S8XWkPWdNry83YFU3NlEv8=
1,5,pxp+hBdYKGPtT08rh/QxehZTkio=,SarN7S8XWkPWdNry83YFU3NlEv8=
1,21,pxp+hBdYKGPtT08rh/QxehZTkio=,SarN7S8XWkPWdNry83YFU3NlEv8=
1,9,pxp+hBdYKGPtT08rh/QxehZTkio=,SarN7S8XWkPWdNry83YFU3NlEv8=
1,8,pxp+hBdYKGPtT08rh/QxehZTkio=,SarN7S8XWkPWdNry83YFU3NlEv8=
1,11,pxp+hBdYKGPtT08rh/QxehZTkio=,SarN7S8XWkPWdNry83YFU3NlEv8=
1,10,pxp+hBdYKGPtT08rh/QxehZTkio=,SarN7S8XWkPWdNry83YFU3NlEv8=
1,12,pxp+hBdYKGPtT08rh/QxehZTkio=,SarN7S8XWkPWdNry83YFU3NlEv8=
1,15,pxp+hBdYKGPtT08rh/QxehZTkio=,SarN7S8XWkPWdNry83YFU3NlEv8=
2,18,pxp+hBdYKGPtT08rh/QxehZTkio=,SarN7S8XWkPWdNry83YFU3NlEv8=
2,19,pxp+hBdYKGPtT08rh/QxehZTkio=,SarN7S8XWkPWdNry83YFU3NlEv8=
2,0,pxp+hBdYKGPtT08rh/QxehZTkio=,TyC74jBdmeEyZ55U6zcUChsiKrE=
2,22,pxp+hBdYKGPtT08rh/QxehZTkio=,DHO89rMFqDO+OIkfJr98m3rQSHM=
2,21,MzoBZF8K/DqWJr/LFAtrmrjTWVg=,DHO89rMFqDO+OIkfJr98m3rQSHM=
2,26,MzoBZF8K/DqWJr/LFAtrmrjTWVg=,DHO89rMFqDO+OIkfJr98m3rQSHM=
2,25,MzoBZF8K/DqWJr/LFAtrmrjTWVg=,DHO89rMFqDO+OIkfJr98m3rQSHM=
2,2,MzoBZF8K/DqWJr/LFAtrmrjTWVg=,hE3lJgx0nT0lKtcXdI42d6T2dlk=
2,16,MzoBZF8K/DqWJr/LFAtrmrjTWVg=,DHO89rMFqDO+OIkfJr98m3rQSHM=
2,6,MzoBZF8K/DqWJr/LFAtrmrjTWVg=,DHO89rMFqDO+OIkfJr98m3rQSHM=
2,4,MzoBZF8K/DqWJr/LFAtrmrjTWVg=,DHO89rMFqDO+OIkfJr98m3rQSHM=
2,10,MzoBZF8K/DqWJr/LFAtrmrjTWVg=,DHO89rMFqDO+OIkfJr98m3rQSHM=
2,12,MzoBZF8K/DqWJr/LFAtrmrjTWVg=,DHO89rMFqDO+OIkfJr98m3rQSHM=
3,0,MzoBZF8K/DqWJr/LFAtrmrjTWVg=,essyZ1OiGcqxG+fWobaej0r1WLA=
3,7,MzoBZF8K/DqWJr/LFAtrmrjTWVg=,SKOtlvdhwS4B8k6gJ+aYGmh2Hbo=
3,22,MzoBZF8K/DqWJr/LFAtrmrjTWVg=,xT/DiAdSbtya15Q9BJr1zAMZU58=
3,5,MzoBZF8K/DqWJr/LFAtrmrjTWVg=,xT/DiAdSbtya15Q9BJr1zAMZU58=
3,20,MzoBZF8K/DqWJr/LFAtrmrjTWVg=,SKOtlvdhwS4B8k6gJ+aYGmh2Hbo=
3,11,MzoBZF8K/DqWJr/LFAtrmrjTWVg=,xT/DiAdSbtya15Q9BJr1zAMZU58=
3,26,MzoBZF8K/DqWJr/LFAtrmrjTWVg=,xT/DiAdSbtya15Q9BJr1zAMZU58=
3,8,CyE48s4CCrccY87qaDh3jAk9Whc=,xT/DiAdSbtya15Q9BJr1zAMZU58=
3,15,CyE48s4CCrccY87qaDh3jAk9Whc=,SKOtlvdhwS4B8k6gJ+aYGmh2Hbo=
3,14,CyE48s4CCrccY87qaDh3jAk9Whc=,xT/DiAdSbtya15Q9BJr1zAMZU58=
3,3,CyE48s4CCrccY87qaDh3jAk9Whc=,xT/DiAdSbtya15Q9BJr1zAMZU58=
3,16,CyE48s4CCrccY87qaDh3jAk9Whc=,xT/DiAdSbtya15Q9BJr1zAMZU58=
3,10,CyE48s4CCrccY87qaDh3jAk9Whc=,xT/DiAdSbtya15Q9BJr1zAMZU58=
3,24,CyE48s4CCrccY87qaDh3jAk9Whc=,xT/DiAdSbtya15Q9BJr1zAMZU58=
4,4,CyE48s4CCrccY87qaDh3jAk9Whc=,dQFRuhd9UQomRbycBt5oiWBgbCY=
4,5,CyE48s4CCrccY87qaDh3jAk9Whc=,dQFRuhd9UQomRbycBt5oiWBgbCY=
4,6,CyE48s4CCrccY87qaDh3jAk9Whc=,dQFRuhd9UQomRbycBt5oiWBgbCY=
4,0,CyE48s4CCrccY87qaDh3jAk9Whc=,cYj87ITYaCNrMv43Fyc2rkHSSA8=
4,1,CyE48s4CCrccY87qaDh3jAk9Whc=,dQFRuhd9UQomRbycBt5oiWBgbCY=
4,13,CyE48s4CCrccY87qaDh3jAk9Whc=,dQFRuhd9UQomRbycBt5oiWBgbCY=
4,14,CyE48s4CCrccY87qaDh3jAk9Whc=,dQFRuhd9UQomRbycBt5oiWBgbCY=
4,9,CyE48s4CCrccY87qaDh3jAk9Whc=,dQFRuhd9UQomRbycBt5oiWBgbCY=
4,11,CyE48s4CCrccY87qaDh3jAk9Whc=,dQFRuhd9UQomRbycBt5oiWBgbCY=
4,21,CyE48s4CCrccY87qaDh3jAk9Whc=,dQFRuhd9UQomRbycBt5oiWBgbCY=
4,16,CyE48s4CCrccY87qaDh3jAk9Whc=,dQFRuhd9UQomRbycBt5oiWBgbCY=
4,17,CyE48s4CCrccY87qaDh3jAk9Whc=,dQFRuhd9UQomRbycBt5oiWBgbCY=
4,19,CyE48s4CCrccY87qaDh3jAk9Whc=,dQFRuhd9UQomRbycBt5oiWBgbCY=
4,24,14ufOGapNtuwjqyXpXkqB6lHzW4=,dQFRuhd9UQomRbycBt5oiWBgbCY=
4,25,14ufOGapNtuwjqyXpXkqB6lHzW4=,dQFRuhd9UQomRbycBt5oiWBgbCY=
5,5,14ufOGapNtuwjqyXpXkqB6lHzW4=,dQFRuhd9UQomRbycBt5oiWBgbCY=
5,4,14ufOGapNtuwjqyXpXkqB6lHzW4=,dQFRuhd9UQomRbycBt5oiWBgbCY=
5,22,14ufOGapNtuwjqyXpXkqB6lHzW4=,dQFRuhd9UQomRbycBt5oiWBgbCY=
5,6,14ufOGapNtuwjqyXpXkqB6lHzW4=,dQFRuhd9UQomRbycBt5oiWBgbCY=
5,1,14ufOGapNtuwjqyXpXkqB6lHzW4=,dQFRuhd9UQomRbycBt5oiWBgbCY=
5,16,14ufOGapNtuwjqyXpXkqB6lHzW4=,8UpjGr4EZ8iY55IJioT+BPqLi8E=
5,2,14ufOGapNtuwjqyXpXkqB6lHzW4=,8UpjGr4EZ8iY55IJioT+BPqLi8E=
5,14,14ufOGapNtuwjqyXpXkqB6lHzW4=,8UpjGr4EZ8iY55IJioT+BPqLi8E=
5,9,14ufOGapNtuwjqyXpXkqB6lHzW4=,8UpjGr4EZ8iY55IJioT+BPqLi8E=
5,25,14ufOGapNtuwjqyXpXkqB6lHzW4=,8UpjGr4EZ8iY55IJioT+BPqLi8E=
5,8,14ufOGapNtuwjqyXpXkqB6lHzW4=,8UpjGr4EZ8iY55IJioT+BPqLi8E=
5,26,14ufOGapNtuwjqyXpXkqB6lHzW4=,8UpjGr4EZ8iY55IJioT+BPqLi8E=
5,21,14ufOGapNtuwjqyXpXkqB6lHzW4=,8UpjGr4EZ8iY55IJioT+BPqLi8E=
5,20,14ufOGapNtuwjqyXpXkqB6lHzW4=,8UpjGr4EZ8iY55IJioT+BPqLi8E=
5,17,14ufOGapNtuwjqyXpXkqB6lHzW4=,8UpjGr4EZ8iY55IJioT+BPqLi8E=
5,0,14ufOGapNtuwjqyXpXkqB6lHzW4=,8UpjGr4EZ8iY55IJioT+BPqLi8E=
5,19,14ufOGapNtuwjqyXpXkqB6lHzW4=,8UpjGr4EZ8iY55IJioT+BPqLi8E=
5,12,14ufOGapNtuwjqyXpXkqB6lHzW4=,8UpjGr4EZ8iY55IJioT+BPqLi8E=
5,15,14ufOGapNtuwjqyXpXkqB6lHzW4=,8UpjGr4EZ8iY55IJioT+BPqLi8E=
5,24,14ufOGapNtuwjqyXpXkqB6lHzW4=,8UpjGr4EZ8iY55IJioT+BPqLi8E=
5,11,14ufOGapNtuwjqyXpXkqB6lHzW4=,8UpjGr4EZ8iY55IJioT+BPqLi8E=
5,10,14ufOGapNtuwjqyXpXkqB6lHzW4=,8UpjGr4EZ8iY55IJioT+BPqLi8E=
6,22,14ufOGapNtuwjqyXpXkqB6lHzW4=,8UpjGr4EZ8iY55IJioT+BPqLi8E=
6,20,14ufOGapNtuwjqyXpXkqB6lHzW4=,8UpjGr4EZ8iY55IJioT+BPqLi8E=
6,4,14ufOGapNtuwjqyXpXkqB6lHzW4=,8UpjGr4EZ8iY55IJioT+BPqLi8E=
6,21,14ufOGapNtuwjqyXpXkqB6lHzW4=,8UpjGr4EZ8iY55IJioT+BPqLi8E=
6,18,14ufOGapNtuwjqyXpXkqB6lHzW4=,8UpjGr4EZ8iY55IJioT+BPqLi8E=
6,19,nE3IUjw3mt5Buzy4+R1GzVDU71A=,8UpjGr4EZ8iY55IJioT+BPqLi8E=
6,16,nE3IUjw3mt5Buzy4+R1GzVDU71A=,8UpjGr4EZ8iY55IJioT+BPqLi8E=
6,26,nE3IUjw3mt5Buzy4+R1GzVDU71A=,8UpjGr4EZ8iY55IJioT+BPqLi8E=
6,11,nE3IUjw3mt5Buzy4+R1GzVDU71A=,8UpjGr4EZ8iY55IJioT+BPqLi8E=
6,25,nE3IUjw3mt5Buzy4+R1GzVDU71A=,8UpjGr4EZ8iY55IJioT+BPqLi8E=
6,6,nE3IUjw3mt5Buzy4+R1GzVDU71A=,8yfDadlVr2R8IdYXPCKsTajie3M=
6,5,nE3IUjw3mt5Buzy4+R1GzVDU71A=,8yfDadlVr2R8IdYXPCKsTajie3M=
6,2,nE3IUjw3mt5Buzy4+R1GzVDU71A=,8yfDadlVr2R8IdYXPCKsTajie3M=
6,0,nE3IUjw3mt5Buzy4+R1GzVDU71A=,8yfDadlVr2R8IdYXPCKsTajie3M=
6,1,nE3IUjw3mt5Buzy4+R1GzVDU71A=,8yfDadlVr2R8IdYXPCKsTajie3M=
6,15,nE3IUjw3mt5Buzy4+R1GzVDU71A=,8yfDadlVr2R8IdYXPCKsTajie3M=
6,13,nE3IUjw3mt5Buzy4+R1GzVDU71A=,8yfDadlVr2R8IdYXPCKsTajie3M=
6,24,nE3IUjw3mt5Buzy4+R1GzVDU71A=,8yfDadlVr2R8IdYXPCKsTajie3M=
6,8,nE3IUjw3mt5Buzy4+R1GzVDU71A=,8yfDadlVr2R8IdYXPCKsTajie3M=
7,20,nE3IUjw3mt5Buzy4+R1GzVDU71A=,8yfDadlVr2R8IdYXPCKsTajie3M=
7,18,nE3IUjw3mt5Buzy4+R1GzVDU71A=,8yfDadlVr2R8IdYXPCKsTajie3M=
7,16,nE3IUjw3mt5Buzy4+R1GzVDU71A=,8yfDadlVr2R8IdYXPCKsTajie3M=
7,14,nE3IUjw3mt5Buzy4+R1GzVDU71A=,Ovsyyi/Tu0pN64rvSbdq+hbU6ds=
7,26,nE3IUjw3mt5Buzy4+R1GzVDU71A=,8yfDadlVr2R8IdYXPCKsTajie3M=
7,10,nE3IUjw3mt5Buzy4+R1GzVDU71A=,8yfDadlVr2R8IdYXPCKsTajie3M=
7,9,nE3IUjw3mt5Buzy4+R1GzVDU71A=,Ovsyyi/Tu0pN64rvSbdq+hbU6ds=
7,25,nE3IUjw3mt5Buzy4+R1GzVDU71A=,8yfDadlVr2R8IdYXPCKsTajie3M=
7,24,+9CPYOLEdFTdOg0sEmShsTEI6EY=,8yfDadlVr2R8IdYXPCKsTajie3M=
7,6,+9CPYOLEdFTdOg0sEmShsTEI6EY=,8yfDadlVr2R8IdYXPCKsTajie3M=
7,5,+9CPYOLEdFTdOg0sEmShsTEI6EY=,8yfDadlVr2R8IdYXPCKsTajie3M=
7,3,+9CPYOLEdFTdOg0sEmShsTEI6EY=,TdAtRR+Vb+bZJmD73BBjQjQhZuM=
7,0,+9CPYOLEdFTdOg0sEmShsTEI6EY=,TdAtRR+Vb+bZJmD73BBjQjQhZuM=
7,13,+9CPYOLEdFTdOg0sEmShsTEI6EY=,TdAtRR+Vb+bZJmD73BBjQjQhZuM=
8,10,+9CPYOLEdFTdOg0sEmShsTEI6EY=,UZ1NrGaCm/qbhj5STug2frAsgmQ=
8,11,+9CPYOLEdFTdOg0sEmShsTEI6EY=,TdAtRR+Vb+bZJmD73BBjQjQhZuM=
8,15,+9CPYOLEdFTdOg0sEmShsTEI6EY=,TdAtRR+Vb+bZJmD73BBjQjQhZuM=
8,1,+9CPYOLEdFTdOg0sEmShsTEI6EY=,TdAtRR+Vb+bZJmD73BBjQjQhZuM=
8,4,+9CPYOLEdFTdOg0sEmShsTEI6EY=,TdAtRR+Vb+bZJmD73BBjQjQhZuM=
8,7,+9CPYOLEdFTdOg0sEmShsTEI6EY=,TdAtRR+Vb+bZJmD73BBjQjQhZuM=
8,19,+9CPYOLEdFTdOg0sEmShsTEI6EY=,TdAtRR+Vb+bZJmD73BBjQjQhZuM=
8,21,+9CPYOLEdFTdOg0sEmShsTEI6EY=,TdAtRR+Vb+bZJmD73BBjQjQhZuM=
8,23,+9CPYOLEdFTdOg0sEmShsTEI6EY=,TdAtRR+Vb+bZJmD73BBjQjQhZuM=
9,9,+9CPYOLEdFTdOg0sEmShsTEI6EY=,TdAtRR+Vb+bZJmD73BBjQjQhZuM=
9,8,+9CPYOLEdFTdOg0sEmShsTEI6EY=,TdAtRR+Vb+bZJmD73BBjQjQhZuM=
9,11,HBFVGhw7JutoZ439uZjE1LeWz0s=,OIrHS6L4pFWN/rJ/zKxnBlSWjOA=
9,15,HBFVGhw7JutoZ439uZjE1LeWz0s=,OIrHS6L4pFWN/rJ/zKxnBlSWjOA=
9,14,HBFVGhw7JutoZ439uZjE1LeWz0s=,OIrHS6L4pFWN/rJ/zKxnBlSWjOA=
9,1,HBFVGhw7JutoZ439uZjE1LeWz0s=,OIrHS6L4pFWN/rJ/zKxnBlSWjOA=
9,0,HBFVGhw7JutoZ439uZjE1LeWz0s=,OIrHS6L4pFWN/rJ/zKxnBlSWjOA=
9,5,HBFVGhw7JutoZ439uZjE1LeWz0s=,OIrHS6L4pFWN/rJ/zKxnBlSWjOA=
9,4,HBFVGhw7JutoZ439uZjE1LeWz0s=,OIrHS6L4pFWN/rJ/zKxnBlSWjOA=
9,6,HBFVGhw7JutoZ439uZjE1LeWz0s=,OIrHS6L4pFWN/rJ/zKxnBlSWjOA=
9,25,HBFVGhw7JutoZ439uZjE1LeWz0s=,OIrHS6L4pFWN/rJ/zKxnBlSWjOA=
9,24,HBFVGhw7JutoZ439uZjE1LeWz0s=,OIrHS6L4pFWN/rJ/zKxnBlSWjOA=
9,26,HBFVGhw7JutoZ439uZjE1LeWz0s=,OIrHS6L4pFWN/rJ/zKxnBlSWjOA=
9,13,HBFVGhw7JutoZ439uZjE1LeWz0s=,OIrHS6L4pFWN/rJ/zKxnBlSWjOA=
9,17,HBFVGhw7JutoZ439uZjE1LeWz0s=,GHLxOnBNuZAilnDCdXwBmhqtul0=
9,19,HBFVGhw7JutoZ439uZjE1LeWz0s=,OIrHS6L4pFWN/rJ/zKxnBlSWjOA=
9,2,HBFVGhw7JutoZ439uZjE1LeWz0s=,OIrHS6L4pFWN/rJ/zKxnBlSWjOA=
9,21,HBFVGhw7JutoZ439uZjE1LeWz0s=,OIrHS6L4pFWN/rJ/zKxnBlSWjOA=
9,20,HBFVGhw7JutoZ439uZjE1LeWz0s=,OIrHS6L4pFWN/rJ/zKxnBlSWjOA=
9,22,HBFVGhw7JutoZ439uZjE1LeWz0s=,OIrHS6L4pFWN/rJ/zKxnBlSWjOA=
10,10,HBFVGhw7JutoZ439uZjE1LeWz0s=,OIrHS6L4pFWN/rJ/zKxnBlSWjOA=
10,11,HBFVGhw7JutoZ439uZjE1LeWz0s=,OIrHS6L4pFWN/rJ/zKxnBlSWjOA=
10,24,CAwjxlG84x6YRsfv3ibQSHNtsdM=,OIrHS6L4pFWN/rJ/zKxnBlSWjOA=
10,15,CAwjxlG84x6YRsfv3ibQSHNtsdM=,OIrHS6L4pFWN/rJ/zKxnBlSWjOA=
10,12,CAwjxlG84x6YRsfv3ibQSHNtsdM=,9EAsgwwh7oHY9f2nl3ZISRSDAx8=
10,3,CAwjxlG84x6YRsfv3ibQSHNtsdM=,9EAsgwwh7oHY9f2nl3ZISRSDAx8=
10,0,CAwjxlG84x6YRsfv3ibQSHNtsdM=,9EAsgwwh7oHY9f2nl3ZISRSDAx8=
10,17,CAwjxlG84x6YRsfv3ibQSHNtsdM=,9EAsgwwh7oHY9f2nl3ZISRSDAx8=
10,22,CAwjxlG84x6YRsfv3ibQSHNtsdM=,9EAsgwwh7oHY9f2nl3ZISRSDAx8=
10,6,CAwjxlG84x6YRsfv3ibQSHNtsdM=,9EAsgwwh7oHY9f2nl3ZISRSDAx8=
10,7,CAwjxlG84x6YRsfv3ibQSHNtsdM=,9EAsgwwh7oHY9f2nl3ZISRSDAx8=
10,4,CAwjxlG84x6YRsfv3ibQSHNtsdM=,9EAsgwwh7oHY9f2nl3ZISRSDAx8=
10,21,CAwjxlG84x6YRsfv3ibQSHNtsdM=,9EAsgwwh7oHY9f2nl3ZISRSDAx8=
10,5,CAwjxlG84x6YRsfv3ibQSHNtsdM=,9EAsgwwh7oHY9f2nl3ZISRSDAx8=
10,26,CAwjxlG84x6YRsfv3ibQSHNtsdM=,9EAsgwwh7oHY9f2nl3ZISRSDAx8=
10,9,CAwjxlG84x6YRsfv3ibQSHNtsdM=,9EAsgwwh7oHY9f2nl3ZISRSDAx8=
10,25,CAwjxlG84x6YRsfv3ibQSHNtsdM=,9EAsgwwh7oHY9f2nl3ZISRSDAx8=
10,14,CAwjxlG84x6YRsfv3ibQSHNtsdM=,9EAsgwwh7oHY9f2nl3ZISRSDAx8=
10,19,CAwjxlG84x6YRsfv3ibQSHNtsdM=,9EAsgwwh7oHY9f2nl3ZISRSDAx8=
10,16,CAwjxlG84x6YRsfv3ibQSHNtsdM=,9EAsgwwh7oHY9f2nl3ZISRSDAx8=
10,1,CAwjxlG84x6YRsfv3ibQSHNtsdM=,9EAsgwwh7oHY9f2nl3ZISRSDAx8=
10,20,CAwjxlG84x6YRsfv3ibQSHNtsdM=,9EAsgwwh7oHY9f2nl3ZISRSDAx8=
11,26,CAwjxlG84x6YRsfv3ibQSHNtsdM=,9EAsgwwh7oHY9f2nl3ZISRSDAx8=
11,24,CAwjxlG84x6YRsfv3ibQSHNtsdM=,9EAsgwwh7oHY9f2nl3ZISRSDAx8=
11,19,CAwjxlG84x6YRsfv3ibQSHNtsdM=,9EAsgwwh7oHY9f2nl3ZISRSDAx8=
11,18,CAwjxlG84x6YRsfv3ibQSHNtsdM=,9EAsgwwh7oHY9f2nl3ZISRSDAx8=
11,16,CAwjxlG84x6YRsfv3ibQSHNtsdM=,9EAsgwwh7oHY9f2nl3ZISRSDAx8=
11,7,CAwjxlG84x6YRsfv3ibQSHNtsdM=,DrGXv5yBmvxcmetfvbtB6e2Z3q4=
11,21,CAwjxlG84x6YRsfv3ibQSHNtsdM=,9EAsgwwh7oHY9f2nl3ZISRSDAx8=
11,20,CAwjxlG84x6YRsfv3ibQSHNtsdM=,zn8JoYmYhaRdzW+0iGh/EesIBA0=
11,11,Djo6pim2keCn82edwiX+RBianqs=,zn8JoYmYhaRdzW+0iGh/EesIBA0=
11,10,Djo6pim2keCn82edwiX+RBianqs=,zn8JoYmYhaRdzW+0iGh/EesIBA0=
11,25,Djo6pim2keCn82edwiX+RBianqs=,zn8JoYmYhaRdzW+0iGh/EesIBA0=
11,8,Djo6pim2keCn82edwiX+RBianqs=,zn8JoYmYhaRdzW+0iGh/EesIBA0=
11,14,Djo6pim2keCn82edwiX+RBianqs=,zn8JoYmYhaRdzW+0iGh/EesIBA0=
11,13,Djo6pim2keCn82edwiX+RBianqs=,zn8JoYmYhaRdzW+0iGh/EesIBA0=
11,3,Djo6pim2keCn82edwiX+RBianqs=,zn8JoYmYhaRdzW+0iGh/EesIBA0=
11,1,Djo6pim2keCn82edwiX+RBianqs=,zn8JoYmYhaRdzW+0iGh/EesIBA0=
11,0,Djo6pim2keCn82edwiX+RBianqs=,zn8JoYmYhaRdzW+0iGh/EesIBA0=
11,23,Djo6pim2keCn82edwiX+RBianqs=,zn8JoYmYhaRdzW+0iGh/EesIBA0=
11,5,Djo6pim2keCn82edwiX+RBianqs=,zn8JoYmYhaRdzW+0iGh/EesIBA0=
11,4,Djo6pim2keCn82edwiX+RBianqs=,zn8JoYmYhaRdzW+0iGh/EesIBA0=
12,15,Djo6pim2keCn82edwiX+RBianqs=,zn8JoYmYhaRdzW+0iGh/EesIBA0=
12,25,Djo6pim2keCn82edwiX+RBianqs=,zn8JoYmYhaRdzW+0iGh/EesIBA0=
12,26,Djo6pim2keCn82edwiX+RBianqs=,zn8JoYmYhaRdzW+0iGh/EesIBA0=
12,20,Djo6pim2keCn82edwiX+RBianqs=,2bRXzxFyfsunYQFWGkFEVkGcVU4=
12,21,Djo6pim2keCn82edwiX+RBianqs=,2bRXzxFyfsunYQFWGkFEVkGcVU4=
12,22,Djo6pim2keCn82edwiX+RBianqs=,2bRXzxFyfsunYQFWGkFEVkGcVU4=
12,17,Djo6pim2keCn82edwiX+RBianqs=,2bRXzxFyfsunYQFWGkFEVkGcVU4=
12,19,Djo6pim2keCn82edwiX+RBianqs=,2bRXzxFyfsunYQFWGkFEVkGcVU4=
12,12,Djo6pim2keCn82edwiX+RBianqs=,2bRXzxFyfsunYQFWGkFEVkGcVU4=
12,8,3OzAnAqNxY6nOMzPkRT2LD7tUzc=,2bRXzxFyfsunYQFWGkFEVkGcVU4=
12,9,3OzAnAqNxY6nOMzPkRT2LD7tUzc=,2bRXzxFyfsunYQFWGkFEVkGcVU4=
12,6,3OzAnAqNxY6nOMzPkRT2LD7tUzc=,2bRXzxFyfsunYQFWGkFEVkGcVU4=
12,0,3OzAnAqNxY6nOMzPkRT2LD7tUzc=,2bRXzxFyfsunYQFWGkFEVkGcVU4=
12,3,3OzAnAqNxY6nOMzPkRT2LD7tUzc=,2bRXzxFyfsunYQFWGkFEVkGcVU4=
13,15,3OzAnAqNxY6nOMzPkRT2LD7tUzc=,2bRXzxFyfsunYQFWGkFEVkGcVU4=
13,14,3OzAnAqNxY6nOMzPkRT2LD7tUzc=,2bRXzxFyfsunYQFWGkFEVkGcVU4=
13,11,3OzAnAqNxY6nOMzPkRT2LD7tUzc=,LYiRXsyVPFX8Sxx0zqY1XT8ZwTs=
13,10,3OzAnAqNxY6nOMzPkRT2LD7tUzc=,KBZLIPm0zQo4tLVW8JFupuvttUI=
13,5,3OzAnAqNxY6nOMzPkRT2LD7tUzc=,LYiRXsyVPFX8Sxx0zqY1XT8ZwTs=
13,20,3OzAnAqNxY6nOMzPkRT2LD7tUzc=,KBZLIPm0zQo4tLVW8JFupuvttUI=
13,1,3OzAnAqNxY6nOMzPkRT2LD7tUzc=,KBZLIPm0zQo4tLVW8JFupuvttUI=
13,2,3OzAnAqNxY6nOMzPkRT2LD7tUzc=,KBZLIPm0zQo4tLVW8JFupuvttUI=
13,9,3OzAnAqNxY6nOMzPkRT2LD7tUzc=,KBZLIPm0zQo4tLVW8JFupuvttUI=
13,24,3OzAnAqNxY6nOMzPkRT2LD7tUzc=,KBZLIPm0zQo4tLVW8JFupuvttUI=
13,17,3OzAnAqNxY6nOMzPkRT2LD7tUzc=,KBZLIPm0zQo4tLVW8JFupuvttUI=
14,14,3OzAnAqNxY6nOMzPkRT2LD7tUzc=,KBZLIPm0zQo4tLVW8JFupuvttUI=
14,12,3OzAnAqNxY6nOMzPkRT2LD7tUzc=,KBZLIPm0zQo4tLVW8JFupuvttUI=
14,10,3OzAnAqNxY6nOMzPkRT2LD7tUzc=,KBZLIPm0zQo4tLVW8JFupuvttUI=
14,6,tAj6qITVG+Pv8SoJb5WGq+vg37c=,VtyQnTNphOWVcc/BsPbj4R6Bxvc=
14,7,tAj6qITVG+Pv8SoJb5WGq+vg37c=,VtyQnTNphOWVcc/BsPbj4R6Bxvc=
14,4,tAj6qITVG+Pv8SoJb5WGq+vg37c=,VtyQnTNphOWVcc/BsPbj4R6Bxvc=
14,3,tAj6qITVG+Pv8SoJb5WGq+vg37c=,VtyQnTNphOWVcc/BsPbj4R6Bxvc=
14,0,tAj6qITVG+Pv8SoJb5WGq+vg37c=,VtyQnTNphOWVcc/BsPbj4R6Bxvc=
14,15,tAj6qITVG+Pv8SoJb5WGq+vg37c=,VtyQnTNphOWVcc/BsPbj4R6Bxvc=
14,26,tAj6qITVG+Pv8SoJb5WGq+vg37c=,VtyQnTNphOWVcc/BsPbj4R6Bxvc=
14,24,tAj6qITVG+Pv8SoJb5WGq+vg37c=,VtyQnTNphOWVcc/BsPbj4R6Bxvc=
14,25,tAj6qITVG+Pv8SoJb5WGq+vg37c=,VtyQnTNphOWVcc/BsPbj4R6Bxvc=
14,23,tAj6qITVG+Pv8SoJb5WGq+vg37c=,VtyQnTNphOWVcc/BsPbj4R6Bxvc=
14,21,tAj6qITVG+Pv8SoJb5WGq+vg37c=,VtyQnTNphOWVcc/BsPbj4R6Bxvc=
14,18,tAj6qITVG+Pv8SoJb5WGq+vg37c=,VtyQnTNphOWVcc/BsPbj4R6Bxvc=
14,19,tAj6qITVG+Pv8SoJb5WGq+vg37c=,VtyQnTNphOWVcc/BsPbj4R6Bxvc=
14,16,tAj6qITVG+Pv8SoJb5WGq+vg37c=,VtyQnTNphOWVcc/BsPbj4R6Bxvc=
14,1,tAj6qITVG+Pv8SoJb5WGq+vg37c=,VtyQnTNphOWVcc/BsPbj4R6Bxvc=
15,10,tAj6qITVG+Pv8SoJb5WGq+vg37c=,VtyQnTNphOWVcc/BsPbj4R6Bxvc=
15,9,tAj6qITVG+Pv8SoJb5WGq+vg37c=,VtyQnTNphOWVcc/BsPbj4R6Bxvc=
15,22,tAj6qITVG+Pv8SoJb5WGq+vg37c=,VtyQnTNphOWVcc/BsPbj4R6Bxvc=
15,5,tAj6qITVG+Pv8SoJb5WGq+vg37c=,VtyQnTNphOWVcc/BsPbj4R6Bxvc=
15,18,tAj6qITVG+Pv8SoJb5WGq+vg37c=,JMBDF1QQsRLRlsY877qG8f0sqUs=
15,16,tAj6qITVG+Pv8SoJb5WGq+vg37c=,JMBDF1QQsRLRlsY877qG8f0sqUs=
15,15,tAj6qITVG+Pv8SoJb5WGq+vg37c=,JMBDF1QQsRLRlsY877qG8f0sqUs=
15,13,tAj6qITVG+Pv8SoJb5WGq+vg37c=,JMBDF1QQsRLRlsY877qG8f0sqUs=
15,12,tAj6qITVG+Pv8SoJb5WGq+vg37c=,JMBDF1QQsRLRlsY877qG8f0sqUs=
15,11,tAj6qITVG+Pv8SoJb5WGq+vg37c=,JMBDF1QQsRLRlsY877qG8f0sqUs=
15,26,tAj6qITVG+Pv8SoJb5WGq+vg37c=,JMBDF1QQsRLRlsY877qG8f0sqUs=
15,25,tAj6qITVG+Pv8SoJb5WGq+vg37c=,JMBDF1QQsRLRlsY877qG8f0sqUs=
15,24,vIRbnaf9OYC5Iw4odhDfojA/BHM=,JMBDF1QQsRLRlsY877qG8f0sqUs=
15,8,vIRbnaf9OYC5Iw4odhDfojA/BHM=,JMBDF1QQsRLRlsY877qG8f0sqUs=
15,6,vIRbnaf9OYC5Iw4odhDfojA/BHM=,JMBDF1QQsRLRlsY877qG8f0sqUs=
15,21,vIRbnaf9OYC5Iw4odhDfojA/BHM=,JMBDF1QQsRLRlsY877qG8f0sqUs=
15,20,vIRbnaf9OYC5Iw4odhDfojA/BHM=,JMBDF1QQsRLRlsY877qG8f0sqUs=
15,4,vIRbnaf9OYC5Iw4odhDfojA/BHM=,JMBDF1QQsRLRlsY877qG8f0sqUs=
15,19,vIRbnaf9OYC5Iw4odhDfojA/BHM=,JMBDF1QQsRLRlsY877qG8f0sqUs=
15,3,vIRbnaf9OYC5Iw4odhDfojA/BHM=,JMBDF1QQsRLRlsY877qG8f0sqUs=
15,1,vIRbnaf9OYC5Iw4odhDfojA/BHM=,JMBDF1QQsRLRlsY877qG8f0sqUs=
15,0,vIRbnaf9OYC5Iw4odhDfojA/BHM=,JMBDF1QQsRLRlsY877qG8f0sqUs=
16,20,vIRbnaf9OYC5Iw4odhDfojA/BHM=,JMBDF1QQsRLRlsY877qG8f0sqUs=
16,7,vIRbnaf9OYC5Iw4odhDfojA/BHM=,sdO0EsdSeEiLKskFHBIF+wcH1sQ=
16,0,vIRbnaf9OYC5Iw4odhDfojA/BHM=,BWRTNwrI8uaXeGXIHsXJP48VVjI=
16,1,vIRbnaf9OYC5Iw4odhDfojA/BHM=,BWRTNwrI8uaXeGXIHsXJP48VVjI=
16,2,vIRbnaf9OYC5Iw4odhDfojA/BHM=,BWRTNwrI8uaXeGXIHsXJP48VVjI=
16,4,vIRbnaf9OYC5Iw4odhDfojA/BHM=,BWRTNwrI8uaXeGXIHsXJP48VVjI=
16,5,vIRbnaf9OYC5Iw4odhDfojA/BHM=,BWRTNwrI8uaXeGXIHsXJP48VVjI=
16,9,vIRbnaf9OYC5Iw4odhDfojA/BHM=,BWRTNwrI8uaXeGXIHsXJP48VVjI=
16,10,vIRbnaf9OYC5Iw4odhDfojA/BHM=,BWRTNwrI8uaXeGXIHsXJP48VVjI=
16,11,vIRbnaf9OYC5Iw4odhDfojA/BHM=,BWRTNwrI8uaXeGXIHsXJP48VVjI=
16,12,vIRbnaf9OYC5Iw4odhDfojA/BHM=,BWRTNwrI8uaXeGXIHsXJP48VVjI=
16,14,vIRbnaf9OYC5Iw4odhDfojA/BHM=,BWRTNwrI8uaXeGXIHsXJP48VVjI=
16,15,vIRbnaf9OYC5Iw4odhDfojA/BHM=,BWRTNwrI8uaXeGXIHsXJP48VVjI=
16,16,vIRbnaf9OYC5Iw4odhDfojA/BHM=,BWRTNwrI8uaXeGXIHsXJP48VVjI=
16,17,XqqnUCL/RL4T+j6GGj+DKPGMI+w=,BWRTNwrI8uaXeGXIHsXJP48VVjI=
16,19,XqqnUCL/RL4T+j6GGj+DKPGMI+w=,BWRTNwrI8uaXeGXIHsXJP48VVjI=
16,21,XqqnUCL/RL4T+j6GGj+DKPGMI+w=,BWRTNwrI8uaXeGXIHsXJP48VVjI=
16,22,XqqnUCL/RL4T+j6GGj+DKPGMI+w=,BWRTNwrI8uaXeGXIHsXJP48VVjI=
16,24,XqqnUCL/RL4T+j6GGj+DKPGMI+w=,BWRTNwrI8uaXeGXIHsXJP48VVjI=
16,25,XqqnUCL/RL4T+j6GGj+DKPGMI+w=,BWRTNwrI8uaXeGXIHsXJP48VVjI=
16,26,XqqnUCL/RL4T+j6GGj+DKPGMI+w=,BWRTNwrI8uaXeGXIHsXJP48VVjI=
18,19,XqqnUCL/RL4T+j6GGj+DKPGMI+w=,BWRTNwrI8uaXeGXIHsXJP48VVjI=
17,3,XqqnUCL/RL4T+j6GGj+DKPGMI+w=,BWRTNwrI8uaXeGXIHsXJP48VVjI=
18,22,XqqnUCL/RL4T+j6GGj+DKPGMI+w=,BWRTNwrI8uaXeGXIHsXJP48VVjI=
17,5,XqqnUCL/RL4T+j6GGj+DKPGMI+w=,BWRTNwrI8uaXeGXIHsXJP48VVjI=
17,4,XqqnUCL/RL4T+j6GGj+DKPGMI+w=,hO7R6CzjMcv73CBsVyn7LlYIzFs=
17,7,XqqnUCL/RL4T+j6GGj+DKPGMI+w=,hO7R6CzjMcv73CBsVyn7LlYIzFs=
17,6,XqqnUCL/RL4T+j6GGj+DKPGMI+w=,hO7R6CzjMcv73CBsVyn7LlYIzFs=
18,21,XqqnUCL/RL4T+j6GGj+DKPGMI+w=,hO7R6CzjMcv73CBsVyn7LlYIzFs=
18,26,XqqnUCL/RL4T+j6GGj+DKPGMI+w=,zNBkOILUvP4SdpxFr5oCVTXlz6k=
17,11,XqqnUCL/RL4T+j6GGj+DKPGMI+w=,hO7R6CzjMcv73CBsVyn7LlYIzFs=
17,10,XqqnUCL/RL4T+j6GGj+DKPGMI+w=,hO7R6CzjMcv73CBsVyn7LlYIzFs=
17,17,XqqnUCL/RL4T+j6GGj+DKPGMI+w=,hO7R6CzjMcv73CBsVyn7LlYIzFs=
17,16,XqqnUCL/RL4T+j6GGj+DKPGMI+w=,hO7R6CzjMcv73CBsVyn7LlYIzFs=
18,0,XqqnUCL/RL4T+j6GGj+DKPGMI+w=,hO7R6CzjMcv73CBsVyn7LlYIzFs=
18,1,XqqnUCL/RL4T+j6GGj+DKPGMI+w=,hO7R6CzjMcv73CBsVyn7LlYIzFs=
17,20,XqqnUCL/RL4T+j6GGj+DKPGMI+w=,hO7R6CzjMcv73CBsVyn7LlYIzFs=
17,25,XqqnUCL/RL4T+j6GGj+DKPGMI+w=,hO7R6CzjMcv73CBsVyn7LlYIzFs=
17,24,XqqnUCL/RL4T+j6GGj+DKPGMI+w=,hO7R6CzjMcv73CBsVyn7LlYIzFs=
18,9,XqqnUCL/RL4T+j6GGj+DKPGMI+w=,hO7R6CzjMcv73CBsVyn7LlYIzFs=
18,14,XqqnUCL/RL4T+j6GGj+DKPGMI+w=,hO7R6CzjMcv73CBsVyn7LlYIzFs=
18,15,XqqnUCL/RL4T+j6GGj+DKPGMI+w=,hO7R6CzjMcv73CBsVyn7LlYIzFs=
18,12,prSHRl/vwF5waawMv+iE7N8+94k=,hO7R6CzjMcv73CBsVyn7LlYIzFs=
19,19,prSHRl/vwF5waawMv+iE7N8+94k=,hO7R6CzjMcv73CBsVyn7LlYIzFs=
19,23,prSHRl/vwF5waawMv+iE7N8+94k=,LMsBxvW89UdFuMw8m/vv0oHN9yk=
19,21,prSHRl/vwF5waawMv+iE7N8+94k=,LMsBxvW89UdFuMw8m/vv0oHN9yk=
19,20,prSHRl/vwF5waawMv+iE7N8+94k=,LMsBxvW89UdFuMw8m/vv0oHN9yk=
19,24,prSHRl/vwF5waawMv+iE7N8+94k=,LMsBxvW89UdFuMw8m/vv0oHN9yk=
19,3,prSHRl/vwF5waawMv+iE7N8+94k=,LMsBxvW89UdFuMw8m/vv0oHN9yk=
18,18,prSHRl/vwF5waawMv+iE7N8+94k=,LMsBxvW89UdFuMw8m/vv0oHN9yk=
19,1,prSHRl/vwF5waawMv+iE7N8+94k=,LMsBxvW89UdFuMw8m/vv0oHN9yk=
18,16,prSHRl/vwF5waawMv+iE7N8+94k=,LMsBxvW89UdFuMw8m/vv0oHN9yk=
19,0,prSHRl/vwF5waawMv+iE7N8+94k=,LMsBxvW89UdFuMw8m/vv0oHN9yk=
19,6,prSHRl/vwF5waawMv+iE7N8+94k=,LMsBxvW89UdFuMw8m/vv0oHN9yk=
19,5,prSHRl/vwF5waawMv+iE7N8+94k=,LMsBxvW89UdFuMw8m/vv0oHN9yk=
19,4,prSHRl/vwF5waawMv+iE7N8+94k=,LMsBxvW89UdFuMw8m/vv0oHN9yk=
19,11,prSHRl/vwF5waawMv+iE7N8+94k=,LMsBxvW89UdFuMw8m/vv0oHN9yk=
19,10,prSHRl/vwF5waawMv+iE7N8+94k=,LMsBxvW89UdFuMw8m/vv0oHN9yk=
19,9,prSHRl/vwF5waawMv+iE7N8+94k=,LMsBxvW89UdFuMw8m/vv0oHN9yk=
19,8,prSHRl/vwF5waawMv+iE7N8+94k=,LMsBxvW89UdFuMw8m/vv0oHN9yk=
18,25,prSHRl/vwF5waawMv+iE7N8+94k=,LMsBxvW89UdFuMw8m/vv0oHN9yk=
19,15,prSHRl/vwF5waawMv+iE7N8+94k=,ejphagqyctzGirVESra8NOSQJGk=
19,13,prSHRl/vwF5waawMv+iE7N8+94k=,ejphagqyctzGirVESra8NOSQJGk=
19,12,prSHRl/vwF5waawMv+iE7N8+94k=,ejphagqyctzGirVESra8NOSQJGk=
20,20,prSHRl/vwF5waawMv+iE7N8+94k=,ejphagqyctzGirVESra8NOSQJGk=
20,23,prSHRl/vwF5waawMv+iE7N8+94k=,ejphagqyctzGirVESra8NOSQJGk=
20,16,gfM1HF1+DOTYNaJADo7JxHoiRRE=,ejphagqyctzGirVESra8NOSQJGk=
20,17,gfM1HF1+DOTYNaJADo7JxHoiRRE=,ejphagqyctzGirVESra8NOSQJGk=
20,4,gfM1HF1+DOTYNaJADo7JxHoiRRE=,ejphagqyctzGirVESra8NOSQJGk=
20,5,gfM1HF1+DOTYNaJADo7JxHoiRRE=,ejphagqyctzGirVESra8NOSQJGk=
20,0,gfM1HF1+DOTYNaJADo7JxHoiRRE=,ejphagqyctzGirVESra8NOSQJGk=
20,13,gfM1HF1+DOTYNaJADo7JxHoiRRE=,ejphagqyctzGirVESra8NOSQJGk=
20,15,gfM1HF1+DOTYNaJADo7JxHoiRRE=,ejphagqyctzGirVESra8NOSQJGk=
20,9,gfM1HF1+DOTYNaJADo7JxHoiRRE=,ejphagqyctzGirVESra8NOSQJGk=
20,6,gfM1HF1+DOTYNaJADo7JxHoiRRE=,raxbDfFqA6ofIZaSXI8Q3pzwCPg=
20,7,gfM1HF1+DOTYNaJADo7JxHoiRRE=,raxbDfFqA6ofIZaSXI8Q3pzwCPg=
20,1,gfM1HF1+DOTYNaJADo7JxHoiRRE=,raxbDfFqA6ofIZaSXI8Q3pzwCPg=
20,3,gfM1HF1+DOTYNaJADo7JxHoiRRE=,raxbDfFqA6ofIZaSXI8Q3pzwCPg=
20,14,gfM1HF1+DOTYNaJADo7JxHoiRRE=,raxbDfFqA6ofIZaSXI8Q3pzwCPg=
21,25,gfM1HF1+DOTYNaJADo7JxHoiRRE=,raxbDfFqA6ofIZaSXI8Q3pzwCPg=
20,10,gfM1HF1+DOTYNaJADo7JxHoiRRE=,raxbDfFqA6ofIZaSXI8Q3pzwCPg=
20,11,gfM1HF1+DOTYNaJADo7JxHoiRRE=,raxbDfFqA6ofIZaSXI8Q3pzwCPg=
20,21,gfM1HF1+DOTYNaJADo7JxHoiRRE=,raxbDfFqA6ofIZaSXI8Q3pzwCPg=
20,22,gfM1HF1+DOTYNaJADo7JxHoiRRE=,raxbDfFqA6ofIZaSXI8Q3pzwCPg=
20,19,gfM1HF1+DOTYNaJADo7JxHoiRRE=,raxbDfFqA6ofIZaSXI8Q3pzwCPg=
20,25,gfM1HF1+DOTYNaJADo7JxHoiRRE=,raxbDfFqA6ofIZaSXI8Q3pzwCPg=
20,26,gfM1HF1+DOTYNaJADo7JxHoiRRE=,raxbDfFqA6ofIZaSXI8Q3pzwCPg=
21,5,YOYhSi6bJlW8JQPw65w+g+bdbxM=,raxbDfFqA6ofIZaSXI8Q3pzwCPg=
21,4,YOYhSi6bJlW8JQPw65w+g+bdbxM=,raxbDfFqA6ofIZaSXI8Q3pzwCPg=
21,6,YOYhSi6bJlW8JQPw65w+g+bdbxM=,raxbDfFqA6ofIZaSXI8Q3pzwCPg=
21,1,YOYhSi6bJlW8JQPw65w+g+bdbxM=,raxbDfFqA6ofIZaSXI8Q3pzwCPg=
21,0,YOYhSi6bJlW8JQPw65w+g+bdbxM=,raxbDfFqA6ofIZaSXI8Q3pzwCPg=
22,16,YOYhSi6bJlW8JQPw65w+g+bdbxM=,raxbDfFqA6ofIZaSXI8Q3pzwCPg=
21,2,YOYhSi6bJlW8JQPw65w+g+bdbxM=,ZgZOHE0lvE4QPWpYM3dZS3sbumA=
21,12,YOYhSi6bJlW8JQPw65w+g+bdbxM=,ZgZOHE0lvE4QPWpYM3dZS3sbumA=
21,15,YOYhSi6bJlW8JQPw65w+g+bdbxM=,ZgZOHE0lvE4QPWpYM3dZS3sbumA=
21,14,YOYhSi6bJlW8JQPw65w+g+bdbxM=,ZgZOHE0lvE4QPWpYM3dZS3sbumA=
21,8,YOYhSi6bJlW8JQPw65w+g+bdbxM=,ZgZOHE0lvE4QPWpYM3dZS3sbumA=
21,11,YOYhSi6bJlW8JQPw65w+g+bdbxM=,ZgZOHE0lvE4QPWpYM3dZS3sbumA=
21,10,YOYhSi6bJlW8JQPw65w+g+bdbxM=,ZgZOHE0lvE4QPWpYM3dZS3sbumA=
21,21,YOYhSi6bJlW8JQPw65w+g+bdbxM=,ZgZOHE0lvE4QPWpYM3dZS3sbumA=
21,20,YOYhSi6bJlW8JQPw65w+g+bdbxM=,ZgZOHE0lvE4QPWpYM3dZS3sbumA=
21,22,YOYhSi6bJlW8JQPw65w+g+bdbxM=,ZgZOHE0lvE4QPWpYM3dZS3sbumA=
21,17,YOYhSi6bJlW8JQPw65w+g+bdbxM=,ZgZOHE0lvE4QPWpYM3dZS3sbumA=
21,19,YOYhSi6bJlW8JQPw65w+g+bdbxM=,ZgZOHE0lvE4QPWpYM3dZS3sbumA=
21,24,YOYhSi6bJlW8JQPw65w+g+bdbxM=,ZgZOHE0lvE4QPWpYM3dZS3sbumA=
22,9,YOYhSi6bJlW8JQPw65w+g+bdbxM=,ZgZOHE0lvE4QPWpYM3dZS3sbumA=
21,26,YOYhSi6bJlW8JQPw65w+g+bdbxM=,ZgZOHE0lvE4QPWpYM3dZS3sbumA=
22,6,YOYhSi6bJlW8JQPw65w+g+bdbxM=,ZgZOHE0lvE4QPWpYM3dZS3sbumA=
23,23,YOYhSi6bJlW8JQPw65w+g+bdbxM=,ZgZOHE0lvE4QPWpYM3dZS3sbumA=
22,7,YOYhSi6bJlW8JQPw65w+g+bdbxM=,ZgZOHE0lvE4QPWpYM3dZS3sbumA=
23,21,YOYhSi6bJlW8JQPw65w+g+bdbxM=,ZgZOHE0lvE4QPWpYM3dZS3sbumA=
22,4,YOYhSi6bJlW8JQPw65w+g+bdbxM=,ZgZOHE0lvE4QPWpYM3dZS3sbumA=
22,3,YOYhSi6bJlW8JQPw65w+g+bdbxM=,ZgZOHE0lvE4QPWpYM3dZS3sbumA=
23,16,YOYhSi6bJlW8JQPw65w+g+bdbxM=,ZgZOHE0lvE4QPWpYM3dZS3sbumA=
22,1,GOmZ+RRB4MIbNBbMboLTnPGbAWM=,ZgZOHE0lvE4QPWpYM3dZS3sbumA=
22,14,GOmZ+RRB4MIbNBbMboLTnPGbAWM=,ZgZOHE0lvE4QPWpYM3dZS3sbumA=
22,15,GOmZ+RRB4MIbNBbMboLTnPGbAWM=,ZgZOHE0lvE4QPWpYM3dZS3sbumA=
22,13,GOmZ+RRB4MIbNBbMboLTnPGbAWM=,xTYJKtzgaUYkR7j2ufLqwJ5Kyj4=
22,10,GOmZ+RRB4MIbNBbMboLTnPGbAWM=,xTYJKtzgaUYkR7j2ufLqwJ5Kyj4=
22,23,GOmZ+RRB4MIbNBbMboLTnPGbAWM=,xTYJKtzgaUYkR7j2ufLqwJ5Kyj4=
23,5,GOmZ+RRB4MIbNBbMboLTnPGbAWM=,xTYJKtzgaUYkR7j2ufLqwJ5Kyj4=
22,20,GOmZ+RRB4MIbNBbMboLTnPGbAWM=,xTYJKtzgaUYkR7j2ufLqwJ5Kyj4=
22,19,GOmZ+RRB4MIbNBbMboLTnPGbAWM=,xTYJKtzgaUYkR7j2ufLqwJ5Kyj4=
22,17,GOmZ+RRB4MIbNBbMboLTnPGbAWM=,xTYJKtzgaUYkR7j2ufLqwJ5Kyj4=
23,0,GOmZ+RRB4MIbNBbMboLTnPGbAWM=,xTYJKtzgaUYkR7j2ufLqwJ5Kyj4=
22,26,GOmZ+RRB4MIbNBbMboLTnPGbAWM=,xTYJKtzgaUYkR7j2ufLqwJ5Kyj4=
23,11,GOmZ+RRB4MIbNBbMboLTnPGbAWM=,xTYJKtzgaUYkR7j2ufLqwJ5Kyj4=
23,9,GOmZ+RRB4MIbNBbMboLTnPGbAWM=,xTYJKtzgaUYkR7j2ufLqwJ5Kyj4=
22,25,GOmZ+RRB4MIbNBbMboLTnPGbAWM=,xTYJKtzgaUYkR7j2ufLqwJ5Kyj4=
24,24,GOmZ+RRB4MIbNBbMboLTnPGbAWM=,xTYJKtzgaUYkR7j2ufLqwJ5Kyj4=
24,25,GOmZ+RRB4MIbNBbMboLTnPGbAWM=,xTYJKtzgaUYkR7j2ufLqwJ5Kyj4=
24,16,GOmZ+RRB4MIbNBbMboLTnPGbAWM=,xTYJKtzgaUYkR7j2ufLqwJ5Kyj4=
24,18,GOmZ+RRB4MIbNBbMboLTnPGbAWM=,FVolnmQlAzlQIZvCSkgh+as+NR4=
24,21,GOmZ+RRB4MIbNBbMboLTnPGbAWM=,xTYJKtzgaUYkR7j2ufLqwJ5Kyj4=
24,8,GOmZ+RRB4MIbNBbMboLTnPGbAWM=,FVolnmQlAzlQIZvCSkgh+as+NR4=
24,10,GOmZ+RRB4MIbNBbMboLTnPGbAWM=,xTYJKtzgaUYkR7j2ufLqwJ5Kyj4=
24,11,GOmZ+RRB4MIbNBbMboLTnPGbAWM=,xTYJKtzgaUYkR7j2ufLqwJ5Kyj4=
24,12,GOmZ+RRB4MIbNBbMboLTnPGbAWM=,nDeVWJYUoyV1VB1ipLp5LZU2p7s=
24,14,TJe+1bJB4kBSDlWqWHlPcKYffVQ=,nDeVWJYUoyV1VB1ipLp5LZU2p7s=
24,15,TJe+1bJB4kBSDlWqWHlPcKYffVQ=,nDeVWJYUoyV1VB1ipLp5LZU2p7s=
24,0,TJe+1bJB4kBSDlWqWHlPcKYffVQ=,nDeVWJYUoyV1VB1ipLp5LZU2p7s=
24,1,TJe+1bJB4kBSDlWqWHlPcKYffVQ=,nDeVWJYUoyV1VB1ipLp5LZU2p7s=
24,3,TJe+1bJB4kBSDlWqWHlPcKYffVQ=,dboV7Zoi2SEBoNzgaR+O7fdHFf8=
23,26,TJe+1bJB4kBSDlWqWHlPcKYffVQ=,nDeVWJYUoyV1VB1ipLp5LZU2p7s=
24,6,TJe+1bJB4kBSDlWqWHlPcKYffVQ=,nDeVWJYUoyV1VB1ipLp5LZU2p7s=
24,5,TJe+1bJB4kBSDlWqWHlPcKYffVQ=,nDeVWJYUoyV1VB1ipLp5LZU2p7s=
25,2,TJe+1bJB4kBSDlWqWHlPcKYffVQ=,nDeVWJYUoyV1VB1ipLp5LZU2p7s=
25,5,TJe+1bJB4kBSDlWqWHlPcKYffVQ=,nDeVWJYUoyV1VB1ipLp5LZU2p7s=
24,20,TJe+1bJB4kBSDlWqWHlPcKYffVQ=,nDeVWJYUoyV1VB1ipLp5LZU2p7s=
24,22,TJe+1bJB4kBSDlWqWHlPcKYffVQ=,nDeVWJYUoyV1VB1ipLp5LZU2p7s=
25,1,TJe+1bJB4kBSDlWqWHlPcKYffVQ=,Qv8osYE3VdQSSNlwWs7oyaHG9qg=
25,0,TJe+1bJB4kBSDlWqWHlPcKYffVQ=,Qv8osYE3VdQSSNlwWs7oyaHG9qg=
25,4,TJe+1bJB4kBSDlWqWHlPcKYffVQ=,Qv8osYE3VdQSSNlwWs7oyaHG9qg=
