52,-33,qWNISmKe8arA3JyW+P51yuieEts=,oBb5utvirJJHhs9jRnXefRPvnh4=
53,-33,qWNISmKe8arA3JyW+P51yuieEts=,oBb5utvirJJHhs9jRnXefRPvnh4=
51,-33,qWNISmKe8arA3JyW+P51yuieEts=,oBb5utvirJJHhs9jRnXefRPvnh4=
50,-33,qWNISmKe8arA3JyW+P51yuieEts=,oBb5utvirJJHhs9jRnXefRPvnh4=
54,-33,qWNISmKe8arA3JyW+P51yuieEts=,oBb5utvirJJHhs9jRnXefRPvnh4=
48,-33,qWNISmKe8arA3JyW+P51yuieEts=,oBb5utvirJJHhs9jRnXefRPvnh4=
49,-33,qWNISmKe8arA3JyW+P51yuieEts=,oBb5utvirJJHhs9jRnXefRPvnh4=
55,-34,qWNISmKe8arA3JyW+P51yuieEts=,oBb5utvirJJHhs9jRnXefRPvnh4=
55,-33,qWNISmKe8arA3JyW+P51yuieEts=,oBb5utvirJJHhs9jRnXefRPvnh4=
53,-34,qWNISmKe8arA3JyW+P51yuieEts=,oBb5utvirJJHhs9jRnXefRPvnh4=
52,-34,qWNISmKe8arA3JyW+P51yuieEts=,oBb5utvirJJHhs9jRnXefRPvnh4=
50,-34,qWNISmKe8arA3JyW+P51yuieEts=,oBb5utvirJJHhs9jRnXefRPvnh4=
54,-34,qWNISmKe8arA3JyW+P51yuieEts=,oBb5utvirJJHhs9jRnXefRPvnh4=
51,-34,qWNISmKe8arA3JyW+P51yuieEts=,oBb5utvirJJHhs9jRnXefRPvnh4=
49,-34,qWNISmKe8arA3JyW+P51yuieEts=,oBb5utvirJJHhs9jRnXefRPvnh4=
48,-34,qWNISmKe8arA3JyW+P51yuieEts=,oBb5utvirJJHhs9jRnXefRPvnh4=
54,-35,qWNISmKe8arA3JyW+P51yuieEts=,oBb5utvirJJHhs9jRnXefRPvnh4=
55,-35,qWNISmKe8arA3JyW+P51yuieEts=,oBb5utvirJJHhs9jRnXefRPvnh4=
53,-35,qWNISmKe8arA3JyW+P51yuieEts=,oBb5utvirJJHhs9jRnXefRPvnh4=
51,-35,qWNISmKe8arA3JyW+P51yuieEts=,oBb5utvirJJHhs9jRnXefRPvnh4=
50,-35,qWNISmKe8arA3JyW+P51yuieEts=,oBb5utvirJJHhs9jRnXefRPvnh4=
49,-35,qWNISmKe8arA3JyW+P51yuieEts=,oBb5utvirJJHhs9jRnXefRPvnh4=
54,-36,qWNISmKe8arA3JyW+P51yuieEts=,oBb5utvirJJHhs9jRnXefRPvnh4=
55,-36,qWNISmKe8arA3JyW+P51yuieEts=,oBb5utvirJJHhs9jRnXefRPvnh4=
48,-35,qWNISmKe8arA3JyW+P51yuieEts=,oBb5utvirJJHhs9jRnXefRPvnh4=
52,-35,qWNISmKe8arA3JyW+P51yuieEts=,oBb5utvirJJHhs9jRnXefRPvnh4=
49,-36,qWNISmKe8arA3JyW+P51yuieEts=,oBb5utvirJJHhs9jRnXefRPvnh4=
52,-36,qWNISmKe8arA3JyW+P51yuieEts=,oBb5utvirJJHhs9jRnXefRPvnh4=
51,-36,qWNISmKe8arA3JyW+P51yuieEts=,oBb5utvirJJHhs9jRnXefRPvnh4=
53,-36,qWNISmKe8arA3JyW+P51yuieEts=,oBb5utvirJJHhs9jRnXefRPvnh4=
55,-37,qWNISmKe8arA3JyW+P51yuieEts=,oBb5utvirJJHhs9jRnXefRPvnh4=
48,-36,qWNISmKe8arA3JyW+P51yuieEts=,oBb5utvirJJHhs9jRnXefRPvnh4=
50,-36,qWNISmKe8arA3JyW+P51yuieEts=,oBb5utvirJJHhs9jRnXefRPvnh4=
53,-37,qWNISmKe8arA3JyW+P51yuieEts=,oBb5utvirJJHhs9jRnXefRPvnh4=
54,-37,qWNISmKe8arA3JyW+P51yuieEts=,oBb5utvirJJHhs9jRnXefRPvnh4=
52,-37,qWNISmKe8arA3JyW+P51yuieEts=,oBb5utvirJJHhs9jRnXefRPvnh4=
51,-37,qWNISmKe8arA3JyW+P51yuieEts=,oBb5utvirJJHhs9jRnXefRPvnh4=
50,-37,qWNISmKe8arA3JyW+P51yuieEts=,oBb5utvirJJHhs9jRnXefRPvnh4=
49,-37,qWNISmKe8arA3JyW+P51yuieEts=,oBb5utvirJJHhs9jRnXefRPvnh4=
54,-38,qWNISmKe8arA3JyW+P51yuieEts=,oBb5utvirJJHhs9jRnXefRPvnh4=
55,-38,qWNISmKe8arA3JyW+P51yuieEts=,oBb5utvirJJHhs9jRnXefRPvnh4=
48,-37,qWNISmKe8arA3JyW+P51yuieEts=,oBb5utvirJJHhs9jRnXefRPvnh4=
51,-38,qWNISmKe8arA3JyW+P51yuieEts=,oBb5utvirJJHhs9jRnXefRPvnh4=
53,-38,qWNISmKe8arA3JyW+P51yuieEts=,oBb5utvirJJHhs9jRnXefRPvnh4=
49,-38,qWNISmKe8arA3JyW+P51yuieEts=,oBb5utvirJJHhs9jRnXefRPvnh4=
52,-38,qWNISmKe8arA3JyW+P51yuieEts=,oBb5utvirJJHhs9jRnXefRPvnh4=
50,-38,qWNISmKe8arA3JyW+P51yuieEts=,oBb5utvirJJHhs9jRnXefRPvnh4=
54,-39,qWNISmKe8arA3JyW+P51yuieEts=,oBb5utvirJJHhs9jRnXefRPvnh4=
48,-38,qWNISmKe8arA3JyW+P51yuieEts=,oBb5utvirJJHhs9jRnXefRPvnh4=
55,-39,qWNISmKe8arA3JyW+P51yuieEts=,oBb5utvirJJHhs9jRnXefRPvnh4=
52,-39,qWNISmKe8arA3JyW+P51yuieEts=,oBb5utvirJJHhs9jRnXefRPvnh4=
53,-39,qWNISmKe8arA3JyW+P51yuieEts=,oBb5utvirJJHhs9jRnXefRPvnh4=
51,-39,qWNISmKe8arA3JyW+P51yuieEts=,oBb5utvirJJHhs9jRnXefRPvnh4=
49,-39,qWNISmKe8arA3JyW+P51yuieEts=,oBb5utvirJJHhs9jRnXefRPvnh4=
50,-39,qWNISmKe8arA3JyW+P51yuieEts=,oBb5utvirJJHhs9jRnXefRPvnh4=
48,-39,qWNISmKe8arA3JyW+P51yuieEts=,oBb5utvirJJHhs9jRnXefRPvnh4=
54,-41,qWNISmKe8arA3JyW+P51yuieEts=,jSGfRvsTY4YY56kWcGfbhfSfoZ8=
53,-41,qWNISmKe8arA3JyW+P51yuieEts=,jSGfRvsTY4YY56kWcGfbhfSfoZ8=
53,-46,qWNISmKe8arA3JyW+P51yuieEts=,jSGfRvsTY4YY56kWcGfbhfSfoZ8=
51,-48,qWNISmKe8arA3JyW+P51yuieEts=,jSGfRvsTY4YY56kWcGfbhfSfoZ8=
51,-46,qWNISmKe8arA3JyW+P51yuieEts=,jSGfRvsTY4YY56kWcGfbhfSfoZ8=
52,-46,qWNISmKe8arA3JyW+P51yuieEts=,jSGfRvsTY4YY56kWcGfbhfSfoZ8=
50,-46,qWNISmKe8arA3JyW+P51yuieEts=,jSGfRvsTY4YY56kWcGfbhfSfoZ8=
49,-46,qWNISmKe8arA3JyW+P51yuieEts=,jSGfRvsTY4YY56kWcGfbhfSfoZ8=
50,-48,qWNISmKe8arA3JyW+P51yuieEts=,jSGfRvsTY4YY56kWcGfbhfSfoZ8=
55,-41,qWNISmKe8arA3JyW+P51yuieEts=,jSGfRvsTY4YY56kWcGfbhfSfoZ8=
50,-41,qWNISmKe8arA3JyW+P51yuieEts=,jSGfRvsTY4YY56kWcGfbhfSfoZ8=
50,-45,qWNISmKe8arA3JyW+P51yuieEts=,jSGfRvsTY4YY56kWcGfbhfSfoZ8=
53,-42,qWNISmKe8arA3JyW+P51yuieEts=,jSGfRvsTY4YY56kWcGfbhfSfoZ8=
52,-41,qWNISmKe8arA3JyW+P51yuieEts=,jSGfRvsTY4YY56kWcGfbhfSfoZ8=
52,-42,qWNISmKe8arA3JyW+P51yuieEts=,jSGfRvsTY4YY56kWcGfbhfSfoZ8=
51,-41,qWNISmKe8arA3JyW+P51yuieEts=,jSGfRvsTY4YY56kWcGfbhfSfoZ8=
50,-42,qWNISmKe8arA3JyW+P51yuieEts=,jSGfRvsTY4YY56kWcGfbhfSfoZ8=
52,-45,qWNISmKe8arA3JyW+P51yuieEts=,jSGfRvsTY4YY56kWcGfbhfSfoZ8=
51,-45,qWNISmKe8arA3JyW+P51yuieEts=,jSGfRvsTY4YY56kWcGfbhfSfoZ8=
55,-42,qWNISmKe8arA3JyW+P51yuieEts=,jSGfRvsTY4YY56kWcGfbhfSfoZ8=
51,-42,qWNISmKe8arA3JyW+P51yuieEts=,jSGfRvsTY4YY56kWcGfbhfSfoZ8=
55,-47,qWNISmKe8arA3JyW+P51yuieEts=,jSGfRvsTY4YY56kWcGfbhfSfoZ8=
53,-43,qWNISmKe8arA3JyW+P51yuieEts=,jSGfRvsTY4YY56kWcGfbhfSfoZ8=
49,-42,qWNISmKe8arA3JyW+P51yuieEts=,jSGfRvsTY4YY56kWcGfbhfSfoZ8=
55,-43,qWNISmKe8arA3JyW+P51yuieEts=,jSGfRvsTY4YY56kWcGfbhfSfoZ8=
53,-45,qWNISmKe8arA3JyW+P51yuieEts=,jSGfRvsTY4YY56kWcGfbhfSfoZ8=
50,-43,qWNISmKe8arA3JyW+P51yuieEts=,jSGfRvsTY4YY56kWcGfbhfSfoZ8=
52,-43,qWNISmKe8arA3JyW+P51yuieEts=,jSGfRvsTY4YY56kWcGfbhfSfoZ8=
51,-43,qWNISmKe8arA3JyW+P51yuieEts=,jSGfRvsTY4YY56kWcGfbhfSfoZ8=
49,-43,qWNISmKe8arA3JyW+P51yuieEts=,jSGfRvsTY4YY56kWcGfbhfSfoZ8=
49,-45,qWNISmKe8arA3JyW+P51yuieEts=,jSGfRvsTY4YY56kWcGfbhfSfoZ8=
55,-40,qWNISmKe8arA3JyW+P51yuieEts=,oBb5utvirJJHhs9jRnXefRPvnh4=
54,-45,qWNISmKe8arA3JyW+P51yuieEts=,jSGfRvsTY4YY56kWcGfbhfSfoZ8=
54,-43,qWNISmKe8arA3JyW+P51yuieEts=,jSGfRvsTY4YY56kWcGfbhfSfoZ8=
48,-47,qWNISmKe8arA3JyW+P51yuieEts=,jSGfRvsTY4YY56kWcGfbhfSfoZ8=
54,-40,qWNISmKe8arA3JyW+P51yuieEts=,oBb5utvirJJHhs9jRnXefRPvnh4=
53,-40,qWNISmKe8arA3JyW+P51yuieEts=,oBb5utvirJJHhs9jRnXefRPvnh4=
55,-48,qWNISmKe8arA3JyW+P51yuieEts=,jSGfRvsTY4YY56kWcGfbhfSfoZ8=
49,-47,qWNISmKe8arA3JyW+P51yuieEts=,jSGfRvsTY4YY56kWcGfbhfSfoZ8=
55,-45,qWNISmKe8arA3JyW+P51yuieEts=,jSGfRvsTY4YY56kWcGfbhfSfoZ8=
52,-40,qWNISmKe8arA3JyW+P51yuieEts=,oBb5utvirJJHhs9jRnXefRPvnh4=
53,-47,qWNISmKe8arA3JyW+P51yuieEts=,jSGfRvsTY4YY56kWcGfbhfSfoZ8=
55,-44,qWNISmKe8arA3JyW+P51yuieEts=,jSGfRvsTY4YY56kWcGfbhfSfoZ8=
51,-40,qWNISmKe8arA3JyW+P51yuieEts=,oBb5utvirJJHhs9jRnXefRPvnh4=
50,-40,qWNISmKe8arA3JyW+P51yuieEts=,oBb5utvirJJHhs9jRnXefRPvnh4=
52,-48,qWNISmKe8arA3JyW+P51yuieEts=,jSGfRvsTY4YY56kWcGfbhfSfoZ8=
49,-48,qWNISmKe8arA3JyW+P51yuieEts=,jSGfRvsTY4YY56kWcGfbhfSfoZ8=
49,-40,qWNISmKe8arA3JyW+P51yuieEts=,oBb5utvirJJHhs9jRnXefRPvnh4=
54,-44,qWNISmKe8arA3JyW+P51yuieEts=,jSGfRvsTY4YY56kWcGfbhfSfoZ8=
48,-48,qWNISmKe8arA3JyW+P51yuieEts=,jSGfRvsTY4YY56kWcGfbhfSfoZ8=
52,-47,qWNISmKe8arA3JyW+P51yuieEts=,jSGfRvsTY4YY56kWcGfbhfSfoZ8=
54,-48,qWNISmKe8arA3JyW+P51yuieEts=,jSGfRvsTY4YY56kWcGfbhfSfoZ8=
53,-44,qWNISmKe8arA3JyW+P51yuieEts=,jSGfRvsTY4YY56kWcGfbhfSfoZ8=
54,-47,qWNISmKe8arA3JyW+P51yuieEts=,jSGfRvsTY4YY56kWcGfbhfSfoZ8=
51,-47,qWNISmKe8arA3JyW+P51yuieEts=,jSGfRvsTY4YY56kWcGfbhfSfoZ8=
53,-48,qWNISmKe8arA3JyW+P51yuieEts=,jSGfRvsTY4YY56kWcGfbhfSfoZ8=
50,-44,qWNISmKe8arA3JyW+P51yuieEts=,jSGfRvsTY4YY56kWcGfbhfSfoZ8=
49,-44,qWNISmKe8arA3JyW+P51yuieEts=,jSGfRvsTY4YY56kWcGfbhfSfoZ8=
51,-44,qWNISmKe8arA3JyW+P51yuieEts=,jSGfRvsTY4YY56kWcGfbhfSfoZ8=
52,-44,qWNISmKe8arA3JyW+P51yuieEts=,jSGfRvsTY4YY56kWcGfbhfSfoZ8=
50,-47,qWNISmKe8arA3JyW+P51yuieEts=,jSGfRvsTY4YY56kWcGfbhfSfoZ8=
48,-45,qWNISmKe8arA3JyW+P51yuieEts=,jSGfRvsTY4YY56kWcGfbhfSfoZ8=
48,-44,qWNISmKe8arA3JyW+P51yuieEts=,jSGfRvsTY4YY56kWcGfbhfSfoZ8=
54,-46,qWNISmKe8arA3JyW+P51yuieEts=,jSGfRvsTY4YY56kWcGfbhfSfoZ8=
48,-46,qWNISmKe8arA3JyW+P51yuieEts=,jSGfRvsTY4YY56kWcGfbhfSfoZ8=
55,-46,qWNISmKe8arA3JyW+P51yuieEts=,jSGfRvsTY4YY56kWcGfbhfSfoZ8=
49,-41,qWNISmKe8arA3JyW+P51yuieEts=,jSGfRvsTY4YY56kWcGfbhfSfoZ8=
48,-41,qWNISmKe8arA3JyW+P51yuieEts=,jSGfRvsTY4YY56kWcGfbhfSfoZ8=
54,-42,qWNISmKe8arA3JyW+P51yuieEts=,jSGfRvsTY4YY56kWcGfbhfSfoZ8=
48,-40,qWNISmKe8arA3JyW+P51yuieEts=,oBb5utvirJJHhs9jRnXefRPvnh4=
48,-43,qWNISmKe8arA3JyW+P51yuieEts=,jSGfRvsTY4YY56kWcGfbhfSfoZ8=
48,-42,qWNISmKe8arA3JyW+P51yuieEts=,jSGfRvsTY4YY56kWcGfbhfSfoZ8=
52,-53,qWNISmKe8arA3JyW+P51yuieEts=,4RPaiwouGvPxECSJ13H0uuY9lic=
50,-53,qWNISmKe8arA3JyW+P51yuieEts=,4RPaiwouGvPxECSJ13H0uuY9lic=
54,-49,qWNISmKe8arA3JyW+P51yuieEts=,4RPaiwouGvPxECSJ13H0uuY9lic=
55,-49,qWNISmKe8arA3JyW+P51yuieEts=,4RPaiwouGvPxECSJ13H0uuY9lic=
53,-49,qWNISmKe8arA3JyW+P51yuieEts=,4RPaiwouGvPxECSJ13H0uuY9lic=
49,-53,qWNISmKe8arA3JyW+P51yuieEts=,4RPaiwouGvPxECSJ13H0uuY9lic=
52,-49,qWNISmKe8arA3JyW+P51yuieEts=,4RPaiwouGvPxECSJ13H0uuY9lic=
51,-49,qWNISmKe8arA3JyW+P51yuieEts=,4RPaiwouGvPxECSJ13H0uuY9lic=
48,-53,qWNISmKe8arA3JyW+P51yuieEts=,4RPaiwouGvPxECSJ13H0uuY9lic=
55,-54,qWNISmKe8arA3JyW+P51yuieEts=,4RPaiwouGvPxECSJ13H0uuY9lic=
54,-54,qWNISmKe8arA3JyW+P51yuieEts=,4RPaiwouGvPxECSJ13H0uuY9lic=
49,-49,qWNISmKe8arA3JyW+P51yuieEts=,4RPaiwouGvPxECSJ13H0uuY9lic=
48,-49,qWNISmKe8arA3JyW+P51yuieEts=,4RPaiwouGvPxECSJ13H0uuY9lic=
55,-50,qWNISmKe8arA3JyW+P51yuieEts=,4RPaiwouGvPxECSJ13H0uuY9lic=
53,-54,qWNISmKe8arA3JyW+P51yuieEts=,4RPaiwouGvPxECSJ13H0uuY9lic=
50,-49,qWNISmKe8arA3JyW+P51yuieEts=,4RPaiwouGvPxECSJ13H0uuY9lic=
54,-50,qWNISmKe8arA3JyW+P51yuieEts=,4RPaiwouGvPxECSJ13H0uuY9lic=
53,-50,qWNISmKe8arA3JyW+P51yuieEts=,4RPaiwouGvPxECSJ13H0uuY9lic=
52,-54,qWNISmKe8arA3JyW+P51yuieEts=,4RPaiwouGvPxECSJ13H0uuY9lic=
52,-50,qWNISmKe8arA3JyW+P51yuieEts=,4RPaiwouGvPxECSJ13H0uuY9lic=
51,-54,qWNISmKe8arA3JyW+P51yuieEts=,4RPaiwouGvPxECSJ13H0uuY9lic=
50,-54,qWNISmKe8arA3JyW+P51yuieEts=,4RPaiwouGvPxECSJ13H0uuY9lic=
48,-54,qWNISmKe8arA3JyW+P51yuieEts=,4RPaiwouGvPxECSJ13H0uuY9lic=
55,-55,qWNISmKe8arA3JyW+P51yuieEts=,4RPaiwouGvPxECSJ13H0uuY9lic=
49,-54,qWNISmKe8arA3JyW+P51yuieEts=,4RPaiwouGvPxECSJ13H0uuY9lic=
51,-50,qWNISmKe8arA3JyW+P51yuieEts=,4RPaiwouGvPxECSJ13H0uuY9lic=
50,-50,qWNISmKe8arA3JyW+P51yuieEts=,4RPaiwouGvPxECSJ13H0uuY9lic=
48,-50,qWNISmKe8arA3JyW+P51yuieEts=,4RPaiwouGvPxECSJ13H0uuY9lic=
55,-51,qWNISmKe8arA3JyW+P51yuieEts=,4RPaiwouGvPxECSJ13H0uuY9lic=
54,-51,qWNISmKe8arA3JyW+P51yuieEts=,4RPaiwouGvPxECSJ13H0uuY9lic=
54,-55,qWNISmKe8arA3JyW+P51yuieEts=,4RPaiwouGvPxECSJ13H0uuY9lic=
53,-55,qWNISmKe8arA3JyW+P51yuieEts=,4RPaiwouGvPxECSJ13H0uuY9lic=
49,-50,qWNISmKe8arA3JyW+P51yuieEts=,4RPaiwouGvPxECSJ13H0uuY9lic=
50,-51,qWNISmKe8arA3JyW+P51yuieEts=,4RPaiwouGvPxECSJ13H0uuY9lic=
49,-51,qWNISmKe8arA3JyW+P51yuieEts=,4RPaiwouGvPxECSJ13H0uuY9lic=
53,-51,qWNISmKe8arA3JyW+P51yuieEts=,4RPaiwouGvPxECSJ13H0uuY9lic=
51,-51,qWNISmKe8arA3JyW+P51yuieEts=,4RPaiwouGvPxECSJ13H0uuY9lic=
52,-51,qWNISmKe8arA3JyW+P51yuieEts=,4RPaiwouGvPxECSJ13H0uuY9lic=
55,-52,qWNISmKe8arA3JyW+P51yuieEts=,4RPaiwouGvPxECSJ13H0uuY9lic=
48,-51,qWNISmKe8arA3JyW+P51yuieEts=,4RPaiwouGvPxECSJ13H0uuY9lic=
52,-55,qWNISmKe8arA3JyW+P51yuieEts=,4RPaiwouGvPxECSJ13H0uuY9lic=
53,-52,qWNISmKe8arA3JyW+P51yuieEts=,4RPaiwouGvPxECSJ13H0uuY9lic=
49,-55,qWNISmKe8arA3JyW+P51yuieEts=,4RPaiwouGvPxECSJ13H0uuY9lic=
50,-55,qWNISmKe8arA3JyW+P51yuieEts=,4RPaiwouGvPxECSJ13H0uuY9lic=
54,-52,qWNISmKe8arA3JyW+P51yuieEts=,4RPaiwouGvPxECSJ13H0uuY9lic=
52,-52,qWNISmKe8arA3JyW+P51yuieEts=,4RPaiwouGvPxECSJ13H0uuY9lic=
50,-52,qWNISmKe8arA3JyW+P51yuieEts=,4RPaiwouGvPxECSJ13H0uuY9lic=
51,-52,qWNISmKe8arA3JyW+P51yuieEts=,4RPaiwouGvPxECSJ13H0uuY9lic=
48,-55,qWNISmKe8arA3JyW+P51yuieEts=,4RPaiwouGvPxECSJ13H0uuY9lic=
49,-52,qWNISmKe8arA3JyW+P51yuieEts=,4RPaiwouGvPxECSJ13H0uuY9lic=
48,-52,qWNISmKe8arA3JyW+P51yuieEts=,4RPaiwouGvPxECSJ13H0uuY9lic=
55,-53,qWNISmKe8arA3JyW+P51yuieEts=,4RPaiwouGvPxECSJ13H0uuY9lic=
54,-53,qWNISmKe8arA3JyW+P51yuieEts=,4RPaiwouGvPxECSJ13H0uuY9lic=
53,-53,qWNISmKe8arA3JyW+P51yuieEts=,4RPaiwouGvPxECSJ13H0uuY9lic=
51,-53,qWNISmKe8arA3JyW+P51yuieEts=,4RPaiwouGvPxECSJ13H0uuY9lic=
51,-55,qWNISmKe8arA3JyW+P51yuieEts=,4RPaiwouGvPxECSJ13H0uuY9lic=
55,-63,qWNISmKe8arA3JyW+P51yuieEts=,wpHX4gEe4ZtDjmlQVQyLoxsTEt0=
53,-60,qWNISmKe8arA3JyW+P51yuieEts=,wpHX4gEe4ZtDjmlQVQyLoxsTEt0=
50,-63,qWNISmKe8arA3JyW+P51yuieEts=,wpHX4gEe4ZtDjmlQVQyLoxsTEt0=
51,-64,qWNISmKe8arA3JyW+P51yuieEts=,wpHX4gEe4ZtDjmlQVQyLoxsTEt0=
53,-63,qWNISmKe8arA3JyW+P51yuieEts=,wpHX4gEe4ZtDjmlQVQyLoxsTEt0=
49,-63,qWNISmKe8arA3JyW+P51yuieEts=,wpHX4gEe4ZtDjmlQVQyLoxsTEt0=
52,-60,qWNISmKe8arA3JyW+P51yuieEts=,wpHX4gEe4ZtDjmlQVQyLoxsTEt0=
52,-59,qWNISmKe8arA3JyW+P51yuieEts=,wpHX4gEe4ZtDjmlQVQyLoxsTEt0=
53,-61,qWNISmKe8arA3JyW+P51yuieEts=,wpHX4gEe4ZtDjmlQVQyLoxsTEt0=
54,-63,qWNISmKe8arA3JyW+P51yuieEts=,wpHX4gEe4ZtDjmlQVQyLoxsTEt0=
55,-62,qWNISmKe8arA3JyW+P51yuieEts=,wpHX4gEe4ZtDjmlQVQyLoxsTEt0=
53,-59,qWNISmKe8arA3JyW+P51yuieEts=,wpHX4gEe4ZtDjmlQVQyLoxsTEt0=
51,-60,qWNISmKe8arA3JyW+P51yuieEts=,wpHX4gEe4ZtDjmlQVQyLoxsTEt0=
52,-61,qWNISmKe8arA3JyW+P51yuieEts=,wpHX4gEe4ZtDjmlQVQyLoxsTEt0=
50,-60,qWNISmKe8arA3JyW+P51yuieEts=,wpHX4gEe4ZtDjmlQVQyLoxsTEt0=
51,-61,qWNISmKe8arA3JyW+P51yuieEts=,wpHX4gEe4ZtDjmlQVQyLoxsTEt0=
54,-62,qWNISmKe8arA3JyW+P51yuieEts=,wpHX4gEe4ZtDjmlQVQyLoxsTEt0=
51,-63,qWNISmKe8arA3JyW+P51yuieEts=,wpHX4gEe4ZtDjmlQVQyLoxsTEt0=
49,-60,qWNISmKe8arA3JyW+P51yuieEts=,wpHX4gEe4ZtDjmlQVQyLoxsTEt0=
50,-59,qWNISmKe8arA3JyW+P51yuieEts=,wpHX4gEe4ZtDjmlQVQyLoxsTEt0=
48,-60,qWNISmKe8arA3JyW+P51yuieEts=,wpHX4gEe4ZtDjmlQVQyLoxsTEt0=
50,-61,qWNISmKe8arA3JyW+P51yuieEts=,wpHX4gEe4ZtDjmlQVQyLoxsTEt0=
48,-63,qWNISmKe8arA3JyW+P51yuieEts=,wpHX4gEe4ZtDjmlQVQyLoxsTEt0=
53,-62,qWNISmKe8arA3JyW+P51yuieEts=,wpHX4gEe4ZtDjmlQVQyLoxsTEt0=
55,-61,qWNISmKe8arA3JyW+P51yuieEts=,wpHX4gEe4ZtDjmlQVQyLoxsTEt0=
49,-61,qWNISmKe8arA3JyW+P51yuieEts=,wpHX4gEe4ZtDjmlQVQyLoxsTEt0=
54,-59,qWNISmKe8arA3JyW+P51yuieEts=,wpHX4gEe4ZtDjmlQVQyLoxsTEt0=
55,-56,qWNISmKe8arA3JyW+P51yuieEts=,4RPaiwouGvPxECSJ13H0uuY9lic=
51,-59,qWNISmKe8arA3JyW+P51yuieEts=,wpHX4gEe4ZtDjmlQVQyLoxsTEt0=
53,-56,qWNISmKe8arA3JyW+P51yuieEts=,4RPaiwouGvPxECSJ13H0uuY9lic=
49,-59,qWNISmKe8arA3JyW+P51yuieEts=,wpHX4gEe4ZtDjmlQVQyLoxsTEt0=
49,-56,qWNISmKe8arA3JyW+P51yuieEts=,4RPaiwouGvPxECSJ13H0uuY9lic=
50,-56,qWNISmKe8arA3JyW+P51yuieEts=,4RPaiwouGvPxECSJ13H0uuY9lic=
54,-56,qWNISmKe8arA3JyW+P51yuieEts=,4RPaiwouGvPxECSJ13H0uuY9lic=
54,-60,qWNISmKe8arA3JyW+P51yuieEts=,wpHX4gEe4ZtDjmlQVQyLoxsTEt0=
55,-57,qWNISmKe8arA3JyW+P51yuieEts=,wpHX4gEe4ZtDjmlQVQyLoxsTEt0=
48,-56,qWNISmKe8arA3JyW+P51yuieEts=,4RPaiwouGvPxECSJ13H0uuY9lic=
48,-61,qWNISmKe8arA3JyW+P51yuieEts=,wpHX4gEe4ZtDjmlQVQyLoxsTEt0=
51,-56,qWNISmKe8arA3JyW+P51yuieEts=,4RPaiwouGvPxECSJ13H0uuY9lic=
52,-64,qWNISmKe8arA3JyW+P51yuieEts=,wpHX4gEe4ZtDjmlQVQyLoxsTEt0=
52,-56,qWNISmKe8arA3JyW+P51yuieEts=,4RPaiwouGvPxECSJ13H0uuY9lic=
54,-61,qWNISmKe8arA3JyW+P51yuieEts=,wpHX4gEe4ZtDjmlQVQyLoxsTEt0=
52,-62,qWNISmKe8arA3JyW+P51yuieEts=,wpHX4gEe4ZtDjmlQVQyLoxsTEt0=
53,-57,qWNISmKe8arA3JyW+P51yuieEts=,wpHX4gEe4ZtDjmlQVQyLoxsTEt0=
52,-57,qWNISmKe8arA3JyW+P51yuieEts=,wpHX4gEe4ZtDjmlQVQyLoxsTEt0=
55,-64,qWNISmKe8arA3JyW+P51yuieEts=,wpHX4gEe4ZtDjmlQVQyLoxsTEt0=
50,-64,qWNISmKe8arA3JyW+P51yuieEts=,wpHX4gEe4ZtDjmlQVQyLoxsTEt0=
54,-57,qWNISmKe8arA3JyW+P51yuieEts=,wpHX4gEe4ZtDjmlQVQyLoxsTEt0=
51,-62,qWNISmKe8arA3JyW+P51yuieEts=,wpHX4gEe4ZtDjmlQVQyLoxsTEt0=
51,-57,qWNISmKe8arA3JyW+P51yuieEts=,wpHX4gEe4ZtDjmlQVQyLoxsTEt0=
53,-64,qWNISmKe8arA3JyW+P51yuieEts=,wpHX4gEe4ZtDjmlQVQyLoxsTEt0=
50,-62,qWNISmKe8arA3JyW+P51yuieEts=,wpHX4gEe4ZtDjmlQVQyLoxsTEt0=
50,-57,qWNISmKe8arA3JyW+P51yuieEts=,wpHX4gEe4ZtDjmlQVQyLoxsTEt0=
48,-59,qWNISmKe8arA3JyW+P51yuieEts=,wpHX4gEe4ZtDjmlQVQyLoxsTEt0=
49,-62,qWNISmKe8arA3JyW+P51yuieEts=,wpHX4gEe4ZtDjmlQVQyLoxsTEt0=
49,-57,qWNISmKe8arA3JyW+P51yuieEts=,wpHX4gEe4ZtDjmlQVQyLoxsTEt0=
48,-57,qWNISmKe8arA3JyW+P51yuieEts=,wpHX4gEe4ZtDjmlQVQyLoxsTEt0=
55,-58,qWNISmKe8arA3JyW+P51yuieEts=,wpHX4gEe4ZtDjmlQVQyLoxsTEt0=
48,-62,qWNISmKe8arA3JyW+P51yuieEts=,wpHX4gEe4ZtDjmlQVQyLoxsTEt0=
54,-64,qWNISmKe8arA3JyW+P51yuieEts=,wpHX4gEe4ZtDjmlQVQyLoxsTEt0=
53,-58,qWNISmKe8arA3JyW+P51yuieEts=,wpHX4gEe4ZtDjmlQVQyLoxsTEt0=
52,-58,qWNISmKe8arA3JyW+P51yuieEts=,wpHX4gEe4ZtDjmlQVQyLoxsTEt0=
51,-58,qWNISmKe8arA3JyW+P51yuieEts=,wpHX4gEe4ZtDjmlQVQyLoxsTEt0=
50,-58,qWNISmKe8arA3JyW+P51yuieEts=,wpHX4gEe4ZtDjmlQVQyLoxsTEt0=
54,-58,qWNISmKe8arA3JyW+P51yuieEts=,wpHX4gEe4ZtDjmlQVQyLoxsTEt0=
49,-58,qWNISmKe8arA3JyW+P51yuieEts=,wpHX4gEe4ZtDjmlQVQyLoxsTEt0=
48,-58,qWNISmKe8arA3JyW+P51yuieEts=,wpHX4gEe4ZtDjmlQVQyLoxsTEt0=
55,-59,qWNISmKe8arA3JyW+P51yuieEts=,wpHX4gEe4ZtDjmlQVQyLoxsTEt0=
55,-60,qWNISmKe8arA3JyW+P51yuieEts=,wpHX4gEe4ZtDjmlQVQyLoxsTEt0=
52,-63,qWNISmKe8arA3JyW+P51yuieEts=,wpHX4gEe4ZtDjmlQVQyLoxsTEt0=
48,-64,qWNISmKe8arA3JyW+P51yuieEts=,wpHX4gEe4ZtDjmlQVQyLoxsTEt0=
49,-64,qWNISmKe8arA3JyW+P51yuieEts=,wpHX4gEe4ZtDjmlQVQyLoxsTEt0=
36,-53,1rgf6mmA6vEBxW60EzQurH7s354=,UwwPNvL1S6MhBSfHW+u7L0amfE4=
35,-53,1rgf6mmA6vEBxW60EzQurH7s354=,UwwPNvL1S6MhBSfHW+u7L0amfE4=
34,-53,1rgf6mmA6vEBxW60EzQurH7s354=,UwwPNvL1S6MhBSfHW+u7L0amfE4=
33,-53,1rgf6mmA6vEBxW60EzQurH7s354=,UwwPNvL1S6MhBSfHW+u7L0amfE4=
37,-53,1rgf6mmA6vEBxW60EzQurH7s354=,UwwPNvL1S6MhBSfHW+u7L0amfE4=
38,-53,1rgf6mmA6vEBxW60EzQurH7s354=,UwwPNvL1S6MhBSfHW+u7L0amfE4=
33,-52,1rgf6mmA6vEBxW60EzQurH7s354=,UwwPNvL1S6MhBSfHW+u7L0amfE4=
34,-52,1rgf6mmA6vEBxW60EzQurH7s354=,UwwPNvL1S6MhBSfHW+u7L0amfE4=
35,-52,1rgf6mmA6vEBxW60EzQurH7s354=,UwwPNvL1S6MhBSfHW+u7L0amfE4=
36,-52,1rgf6mmA6vEBxW60EzQurH7s354=,UwwPNvL1S6MhBSfHW+u7L0amfE4=
38,-54,1rgf6mmA6vEBxW60EzQurH7s354=,UwwPNvL1S6MhBSfHW+u7L0amfE4=
37,-54,1rgf6mmA6vEBxW60EzQurH7s354=,UwwPNvL1S6MhBSfHW+u7L0amfE4=
38,-50,1rgf6mmA6vEBxW60EzQurH7s354=,UwwPNvL1S6MhBSfHW+u7L0amfE4=
37,-52,1rgf6mmA6vEBxW60EzQurH7s354=,UwwPNvL1S6MhBSfHW+u7L0amfE4=
38,-52,1rgf6mmA6vEBxW60EzQurH7s354=,UwwPNvL1S6MhBSfHW+u7L0amfE4=
36,-54,1rgf6mmA6vEBxW60EzQurH7s354=,UwwPNvL1S6MhBSfHW+u7L0amfE4=
35,-54,1rgf6mmA6vEBxW60EzQurH7s354=,UwwPNvL1S6MhBSfHW+u7L0amfE4=
34,-54,1rgf6mmA6vEBxW60EzQurH7s354=,UwwPNvL1S6MhBSfHW+u7L0amfE4=
37,-50,1rgf6mmA6vEBxW60EzQurH7s354=,UwwPNvL1S6MhBSfHW+u7L0amfE4=
33,-54,1rgf6mmA6vEBxW60EzQurH7s354=,UwwPNvL1S6MhBSfHW+u7L0amfE4=
36,-50,1rgf6mmA6vEBxW60EzQurH7s354=,UwwPNvL1S6MhBSfHW+u7L0amfE4=
35,-50,1rgf6mmA6vEBxW60EzQurH7s354=,UwwPNvL1S6MhBSfHW+u7L0amfE4=
34,-50,1rgf6mmA6vEBxW60EzQurH7s354=,UwwPNvL1S6MhBSfHW+u7L0amfE4=
33,-50,1rgf6mmA6vEBxW60EzQurH7s354=,UwwPNvL1S6MhBSfHW+u7L0amfE4=
38,-51,1rgf6mmA6vEBxW60EzQurH7s354=,UwwPNvL1S6MhBSfHW+u7L0amfE4=
37,-51,1rgf6mmA6vEBxW60EzQurH7s354=,UwwPNvL1S6MhBSfHW+u7L0amfE4=
36,-51,1rgf6mmA6vEBxW60EzQurH7s354=,UwwPNvL1S6MhBSfHW+u7L0amfE4=
35,-51,1rgf6mmA6vEBxW60EzQurH7s354=,UwwPNvL1S6MhBSfHW+u7L0amfE4=
38,-55,1rgf6mmA6vEBxW60EzQurH7s354=,UwwPNvL1S6MhBSfHW+u7L0amfE4=
34,-51,1rgf6mmA6vEBxW60EzQurH7s354=,UwwPNvL1S6MhBSfHW+u7L0amfE4=
37,-55,1rgf6mmA6vEBxW60EzQurH7s354=,UwwPNvL1S6MhBSfHW+u7L0amfE4=
36,-55,1rgf6mmA6vEBxW60EzQurH7s354=,UwwPNvL1S6MhBSfHW+u7L0amfE4=
35,-55,1rgf6mmA6vEBxW60EzQurH7s354=,UwwPNvL1S6MhBSfHW+u7L0amfE4=
33,-51,1rgf6mmA6vEBxW60EzQurH7s354=,UwwPNvL1S6MhBSfHW+u7L0amfE4=
34,-55,1rgf6mmA6vEBxW60EzQurH7s354=,UwwPNvL1S6MhBSfHW+u7L0amfE4=
33,-55,1rgf6mmA6vEBxW60EzQurH7s354=,UwwPNvL1S6MhBSfHW+u7L0amfE4=
33,-49,1rgf6mmA6vEBxW60EzQurH7s354=,UwwPNvL1S6MhBSfHW+u7L0amfE4=
34,-49,1rgf6mmA6vEBxW60EzQurH7s354=,UwwPNvL1S6MhBSfHW+u7L0amfE4=
35,-49,1rgf6mmA6vEBxW60EzQurH7s354=,UwwPNvL1S6MhBSfHW+u7L0amfE4=
36,-49,1rgf6mmA6vEBxW60EzQurH7s354=,UwwPNvL1S6MhBSfHW+u7L0amfE4=
37,-49,1rgf6mmA6vEBxW60EzQurH7s354=,UwwPNvL1S6MhBSfHW+u7L0amfE4=
38,-49,1rgf6mmA6vEBxW60EzQurH7s354=,UwwPNvL1S6MhBSfHW+u7L0amfE4=
40,-51,1rgf6mmA6vEBxW60EzQurH7s354=,//Sh2SqNsX0XTf9Nz2sVcLp8UFU=
41,-51,1rgf6mmA6vEBxW60EzQurH7s354=,//Sh2SqNsX0XTf9Nz2sVcLp8UFU=
43,-55,1rgf6mmA6vEBxW60EzQurH7s354=,//Sh2SqNsX0XTf9Nz2sVcLp8UFU=
41,-55,1rgf6mmA6vEBxW60EzQurH7s354=,//Sh2SqNsX0XTf9Nz2sVcLp8UFU=
45,-51,1rgf6mmA6vEBxW60EzQurH7s354=,//Sh2SqNsX0XTf9Nz2sVcLp8UFU=
40,-55,1rgf6mmA6vEBxW60EzQurH7s354=,//Sh2SqNsX0XTf9Nz2sVcLp8UFU=
42,-55,1rgf6mmA6vEBxW60EzQurH7s354=,//Sh2SqNsX0XTf9Nz2sVcLp8UFU=
41,-54,1rgf6mmA6vEBxW60EzQurH7s354=,//Sh2SqNsX0XTf9Nz2sVcLp8UFU=
44,-55,1rgf6mmA6vEBxW60EzQurH7s354=,//Sh2SqNsX0XTf9Nz2sVcLp8UFU=
46,-51,1rgf6mmA6vEBxW60EzQurH7s354=,//Sh2SqNsX0XTf9Nz2sVcLp8UFU=
41,-50,1rgf6mmA6vEBxW60EzQurH7s354=,//Sh2SqNsX0XTf9Nz2sVcLp8UFU=
40,-50,1rgf6mmA6vEBxW60EzQurH7s354=,//Sh2SqNsX0XTf9Nz2sVcLp8UFU=
41,-53,1rgf6mmA6vEBxW60EzQurH7s354=,//Sh2SqNsX0XTf9Nz2sVcLp8UFU=
42,-50,1rgf6mmA6vEBxW60EzQurH7s354=,//Sh2SqNsX0XTf9Nz2sVcLp8UFU=
43,-50,1rgf6mmA6vEBxW60EzQurH7s354=,//Sh2SqNsX0XTf9Nz2sVcLp8UFU=
45,-55,1rgf6mmA6vEBxW60EzQurH7s354=,//Sh2SqNsX0XTf9Nz2sVcLp8UFU=
46,-50,1rgf6mmA6vEBxW60EzQurH7s354=,//Sh2SqNsX0XTf9Nz2sVcLp8UFU=
45,-50,1rgf6mmA6vEBxW60EzQurH7s354=,//Sh2SqNsX0XTf9Nz2sVcLp8UFU=
44,-50,1rgf6mmA6vEBxW60EzQurH7s354=,//Sh2SqNsX0XTf9Nz2sVcLp8UFU=
39,-53,1rgf6mmA6vEBxW60EzQurH7s354=,UwwPNvL1S6MhBSfHW+u7L0amfE4=
46,-55,1rgf6mmA6vEBxW60EzQurH7s354=,//Sh2SqNsX0XTf9Nz2sVcLp8UFU=
42,-53,1rgf6mmA6vEBxW60EzQurH7s354=,//Sh2SqNsX0XTf9Nz2sVcLp8UFU=
39,-49,1rgf6mmA6vEBxW60EzQurH7s354=,UwwPNvL1S6MhBSfHW+u7L0amfE4=
42,-56,1rgf6mmA6vEBxW60EzQurH7s354=,//Sh2SqNsX0XTf9Nz2sVcLp8UFU=
45,-56,1rgf6mmA6vEBxW60EzQurH7s354=,//Sh2SqNsX0XTf9Nz2sVcLp8UFU=
46,-60,1rgf6mmA6vEBxW60EzQurH7s354=,okZaAoWitseStyfVgW2x/ibybSA=
46,-56,1rgf6mmA6vEBxW60EzQurH7s354=,//Sh2SqNsX0XTf9Nz2sVcLp8UFU=
41,-56,1rgf6mmA6vEBxW60EzQurH7s354=,//Sh2SqNsX0XTf9Nz2sVcLp8UFU=
41,-59,1rgf6mmA6vEBxW60EzQurH7s354=,okZaAoWitseStyfVgW2x/ibybSA=
42,-59,1rgf6mmA6vEBxW60EzQurH7s354=,okZaAoWitseStyfVgW2x/ibybSA=
43,-56,1rgf6mmA6vEBxW60EzQurH7s354=,//Sh2SqNsX0XTf9Nz2sVcLp8UFU=
43,-59,1rgf6mmA6vEBxW60EzQurH7s354=,okZaAoWitseStyfVgW2x/ibybSA=
44,-59,1rgf6mmA6vEBxW60EzQurH7s354=,okZaAoWitseStyfVgW2x/ibybSA=
45,-59,1rgf6mmA6vEBxW60EzQurH7s354=,okZaAoWitseStyfVgW2x/ibybSA=
46,-59,1rgf6mmA6vEBxW60EzQurH7s354=,okZaAoWitseStyfVgW2x/ibybSA=
42,-58,1rgf6mmA6vEBxW60EzQurH7s354=,okZaAoWitseStyfVgW2x/ibybSA=
41,-58,1rgf6mmA6vEBxW60EzQurH7s354=,okZaAoWitseStyfVgW2x/ibybSA=
43,-58,1rgf6mmA6vEBxW60EzQurH7s354=,okZaAoWitseStyfVgW2x/ibybSA=
45,-58,1rgf6mmA6vEBxW60EzQurH7s354=,okZaAoWitseStyfVgW2x/ibybSA=
46,-58,1rgf6mmA6vEBxW60EzQurH7s354=,okZaAoWitseStyfVgW2x/ibybSA=
40,-49,1rgf6mmA6vEBxW60EzQurH7s354=,//Sh2SqNsX0XTf9Nz2sVcLp8UFU=
44,-58,1rgf6mmA6vEBxW60EzQurH7s354=,okZaAoWitseStyfVgW2x/ibybSA=
47,-52,1rgf6mmA6vEBxW60EzQurH7s354=,//Sh2SqNsX0XTf9Nz2sVcLp8UFU=
47,-51,1rgf6mmA6vEBxW60EzQurH7s354=,//Sh2SqNsX0XTf9Nz2sVcLp8UFU=
47,-50,1rgf6mmA6vEBxW60EzQurH7s354=,//Sh2SqNsX0XTf9Nz2sVcLp8UFU=
47,-53,1rgf6mmA6vEBxW60EzQurH7s354=,//Sh2SqNsX0XTf9Nz2sVcLp8UFU=
47,-55,1rgf6mmA6vEBxW60EzQurH7s354=,//Sh2SqNsX0XTf9Nz2sVcLp8UFU=
47,-54,1rgf6mmA6vEBxW60EzQurH7s354=,//Sh2SqNsX0XTf9Nz2sVcLp8UFU=
41,-63,1rgf6mmA6vEBxW60EzQurH7s354=,okZaAoWitseStyfVgW2x/ibybSA=
42,-49,1rgf6mmA6vEBxW60EzQurH7s354=,//Sh2SqNsX0XTf9Nz2sVcLp8UFU=
43,-49,1rgf6mmA6vEBxW60EzQurH7s354=,//Sh2SqNsX0XTf9Nz2sVcLp8UFU=
44,-49,1rgf6mmA6vEBxW60EzQurH7s354=,//Sh2SqNsX0XTf9Nz2sVcLp8UFU=
41,-49,1rgf6mmA6vEBxW60EzQurH7s354=,//Sh2SqNsX0XTf9Nz2sVcLp8UFU=
42,-54,1rgf6mmA6vEBxW60EzQurH7s354=,//Sh2SqNsX0XTf9Nz2sVcLp8UFU=
46,-49,1rgf6mmA6vEBxW60EzQurH7s354=,//Sh2SqNsX0XTf9Nz2sVcLp8UFU=
43,-53,1rgf6mmA6vEBxW60EzQurH7s354=,//Sh2SqNsX0XTf9Nz2sVcLp8UFU=
45,-49,1rgf6mmA6vEBxW60EzQurH7s354=,//Sh2SqNsX0XTf9Nz2sVcLp8UFU=
44,-53,1rgf6mmA6vEBxW60EzQurH7s354=,//Sh2SqNsX0XTf9Nz2sVcLp8UFU=
43,-54,1rgf6mmA6vEBxW60EzQurH7s354=,//Sh2SqNsX0XTf9Nz2sVcLp8UFU=
39,-52,1rgf6mmA6vEBxW60EzQurH7s354=,UwwPNvL1S6MhBSfHW+u7L0amfE4=
44,-54,1rgf6mmA6vEBxW60EzQurH7s354=,//Sh2SqNsX0XTf9Nz2sVcLp8UFU=
45,-54,1rgf6mmA6vEBxW60EzQurH7s354=,//Sh2SqNsX0XTf9Nz2sVcLp8UFU=
39,-51,1rgf6mmA6vEBxW60EzQurH7s354=,UwwPNvL1S6MhBSfHW+u7L0amfE4=
46,-54,1rgf6mmA6vEBxW60EzQurH7s354=,//Sh2SqNsX0XTf9Nz2sVcLp8UFU=
39,-55,1rgf6mmA6vEBxW60EzQurH7s354=,UwwPNvL1S6MhBSfHW+u7L0amfE4=
45,-53,1rgf6mmA6vEBxW60EzQurH7s354=,//Sh2SqNsX0XTf9Nz2sVcLp8UFU=
39,-50,1rgf6mmA6vEBxW60EzQurH7s354=,UwwPNvL1S6MhBSfHW+u7L0amfE4=
40,-54,1rgf6mmA6vEBxW60EzQurH7s354=,//Sh2SqNsX0XTf9Nz2sVcLp8UFU=
40,-52,1rgf6mmA6vEBxW60EzQurH7s354=,//Sh2SqNsX0XTf9Nz2sVcLp8UFU=
42,-51,1rgf6mmA6vEBxW60EzQurH7s354=,//Sh2SqNsX0XTf9Nz2sVcLp8UFU=
41,-52,1rgf6mmA6vEBxW60EzQurH7s354=,//Sh2SqNsX0XTf9Nz2sVcLp8UFU=
42,-52,1rgf6mmA6vEBxW60EzQurH7s354=,//Sh2SqNsX0XTf9Nz2sVcLp8UFU=
43,-51,1rgf6mmA6vEBxW60EzQurH7s354=,//Sh2SqNsX0XTf9Nz2sVcLp8UFU=
40,-53,1rgf6mmA6vEBxW60EzQurH7s354=,//Sh2SqNsX0XTf9Nz2sVcLp8UFU=
43,-52,1rgf6mmA6vEBxW60EzQurH7s354=,//Sh2SqNsX0XTf9Nz2sVcLp8UFU=
46,-53,1rgf6mmA6vEBxW60EzQurH7s354=,//Sh2SqNsX0XTf9Nz2sVcLp8UFU=
39,-54,1rgf6mmA6vEBxW60EzQurH7s354=,UwwPNvL1S6MhBSfHW+u7L0amfE4=
44,-52,1rgf6mmA6vEBxW60EzQurH7s354=,//Sh2SqNsX0XTf9Nz2sVcLp8UFU=
45,-52,1rgf6mmA6vEBxW60EzQurH7s354=,//Sh2SqNsX0XTf9Nz2sVcLp8UFU=
46,-52,1rgf6mmA6vEBxW60EzQurH7s354=,//Sh2SqNsX0XTf9Nz2sVcLp8UFU=
44,-51,1rgf6mmA6vEBxW60EzQurH7s354=,//Sh2SqNsX0XTf9Nz2sVcLp8UFU=
42,-63,1rgf6mmA6vEBxW60EzQurH7s354=,okZaAoWitseStyfVgW2x/ibybSA=
43,-63,1rgf6mmA6vEBxW60EzQurH7s354=,okZaAoWitseStyfVgW2x/ibybSA=
44,-63,1rgf6mmA6vEBxW60EzQurH7s354=,okZaAoWitseStyfVgW2x/ibybSA=
45,-63,1rgf6mmA6vEBxW60EzQurH7s354=,okZaAoWitseStyfVgW2x/ibybSA=
46,-63,1rgf6mmA6vEBxW60EzQurH7s354=,okZaAoWitseStyfVgW2x/ibybSA=
41,-57,1rgf6mmA6vEBxW60EzQurH7s354=,okZaAoWitseStyfVgW2x/ibybSA=
41,-62,1rgf6mmA6vEBxW60EzQurH7s354=,okZaAoWitseStyfVgW2x/ibybSA=
42,-62,1rgf6mmA6vEBxW60EzQurH7s354=,okZaAoWitseStyfVgW2x/ibybSA=
43,-62,1rgf6mmA6vEBxW60EzQurH7s354=,okZaAoWitseStyfVgW2x/ibybSA=
44,-62,1rgf6mmA6vEBxW60EzQurH7s354=,okZaAoWitseStyfVgW2x/ibybSA=
42,-57,1rgf6mmA6vEBxW60EzQurH7s354=,okZaAoWitseStyfVgW2x/ibybSA=
43,-57,1rgf6mmA6vEBxW60EzQurH7s354=,okZaAoWitseStyfVgW2x/ibybSA=
45,-62,1rgf6mmA6vEBxW60EzQurH7s354=,okZaAoWitseStyfVgW2x/ibybSA=
46,-62,1rgf6mmA6vEBxW60EzQurH7s354=,okZaAoWitseStyfVgW2x/ibybSA=
44,-57,1rgf6mmA6vEBxW60EzQurH7s354=,okZaAoWitseStyfVgW2x/ibybSA=
41,-61,1rgf6mmA6vEBxW60EzQurH7s354=,okZaAoWitseStyfVgW2x/ibybSA=
45,-57,1rgf6mmA6vEBxW60EzQurH7s354=,okZaAoWitseStyfVgW2x/ibybSA=
42,-61,1rgf6mmA6vEBxW60EzQurH7s354=,okZaAoWitseStyfVgW2x/ibybSA=
46,-57,1rgf6mmA6vEBxW60EzQurH7s354=,okZaAoWitseStyfVgW2x/ibybSA=
43,-61,1rgf6mmA6vEBxW60EzQurH7s354=,okZaAoWitseStyfVgW2x/ibybSA=
44,-56,1rgf6mmA6vEBxW60EzQurH7s354=,//Sh2SqNsX0XTf9Nz2sVcLp8UFU=
44,-61,1rgf6mmA6vEBxW60EzQurH7s354=,okZaAoWitseStyfVgW2x/ibybSA=
45,-61,1rgf6mmA6vEBxW60EzQurH7s354=,okZaAoWitseStyfVgW2x/ibybSA=
46,-61,1rgf6mmA6vEBxW60EzQurH7s354=,okZaAoWitseStyfVgW2x/ibybSA=
41,-60,1rgf6mmA6vEBxW60EzQurH7s354=,okZaAoWitseStyfVgW2x/ibybSA=
42,-60,1rgf6mmA6vEBxW60EzQurH7s354=,okZaAoWitseStyfVgW2x/ibybSA=
45,-60,1rgf6mmA6vEBxW60EzQurH7s354=,okZaAoWitseStyfVgW2x/ibybSA=
44,-60,1rgf6mmA6vEBxW60EzQurH7s354=,okZaAoWitseStyfVgW2x/ibybSA=
43,-60,1rgf6mmA6vEBxW60EzQurH7s354=,okZaAoWitseStyfVgW2x/ibybSA=
41,-64,1rgf6mmA6vEBxW60EzQurH7s354=,okZaAoWitseStyfVgW2x/ibybSA=
32,-52,1rgf6mmA6vEBxW60EzQurH7s354=,UwwPNvL1S6MhBSfHW+u7L0amfE4=
32,-51,1rgf6mmA6vEBxW60EzQurH7s354=,UwwPNvL1S6MhBSfHW+u7L0amfE4=
32,-55,1rgf6mmA6vEBxW60EzQurH7s354=,UwwPNvL1S6MhBSfHW+u7L0amfE4=
32,-50,1rgf6mmA6vEBxW60EzQurH7s354=,UwwPNvL1S6MhBSfHW+u7L0amfE4=
32,-54,1rgf6mmA6vEBxW60EzQurH7s354=,UwwPNvL1S6MhBSfHW+u7L0amfE4=
32,-53,1rgf6mmA6vEBxW60EzQurH7s354=,UwwPNvL1S6MhBSfHW+u7L0amfE4=
42,-64,1rgf6mmA6vEBxW60EzQurH7s354=,okZaAoWitseStyfVgW2x/ibybSA=
43,-64,1rgf6mmA6vEBxW60EzQurH7s354=,okZaAoWitseStyfVgW2x/ibybSA=
44,-64,1rgf6mmA6vEBxW60EzQurH7s354=,okZaAoWitseStyfVgW2x/ibybSA=
45,-64,1rgf6mmA6vEBxW60EzQurH7s354=,okZaAoWitseStyfVgW2x/ibybSA=
46,-64,1rgf6mmA6vEBxW60EzQurH7s354=,okZaAoWitseStyfVgW2x/ibybSA=
32,-49,1rgf6mmA6vEBxW60EzQurH7s354=,UwwPNvL1S6MhBSfHW+u7L0amfE4=
47,-60,1rgf6mmA6vEBxW60EzQurH7s354=,okZaAoWitseStyfVgW2x/ibybSA=
47,-56,1rgf6mmA6vEBxW60EzQurH7s354=,//Sh2SqNsX0XTf9Nz2sVcLp8UFU=
47,-59,1rgf6mmA6vEBxW60EzQurH7s354=,okZaAoWitseStyfVgW2x/ibybSA=
47,-64,1rgf6mmA6vEBxW60EzQurH7s354=,okZaAoWitseStyfVgW2x/ibybSA=
47,-63,1rgf6mmA6vEBxW60EzQurH7s354=,okZaAoWitseStyfVgW2x/ibybSA=
47,-58,1rgf6mmA6vEBxW60EzQurH7s354=,okZaAoWitseStyfVgW2x/ibybSA=
47,-62,1rgf6mmA6vEBxW60EzQurH7s354=,okZaAoWitseStyfVgW2x/ibybSA=
47,-57,1rgf6mmA6vEBxW60EzQurH7s354=,okZaAoWitseStyfVgW2x/ibybSA=
47,-49,1rgf6mmA6vEBxW60EzQurH7s354=,//Sh2SqNsX0XTf9Nz2sVcLp8UFU=
47,-61,1rgf6mmA6vEBxW60EzQurH7s354=,okZaAoWitseStyfVgW2x/ibybSA=
39,-57,1rgf6mmA6vEBxW60EzQurH7s354=,w6sF9rYJthNAaHHLwHd8YK+RE74=
40,-56,1rgf6mmA6vEBxW60EzQurH7s354=,//Sh2SqNsX0XTf9Nz2sVcLp8UFU=
38,-57,1rgf6mmA6vEBxW60EzQurH7s354=,w6sF9rYJthNAaHHLwHd8YK+RE74=
37,-57,1rgf6mmA6vEBxW60EzQurH7s354=,w6sF9rYJthNAaHHLwHd8YK+RE74=
36,-57,1rgf6mmA6vEBxW60EzQurH7s354=,w6sF9rYJthNAaHHLwHd8YK+RE74=
37,-62,1rgf6mmA6vEBxW60EzQurH7s354=,w6sF9rYJthNAaHHLwHd8YK+RE74=
35,-57,1rgf6mmA6vEBxW60EzQurH7s354=,w6sF9rYJthNAaHHLwHd8YK+RE74=
35,-62,1rgf6mmA6vEBxW60EzQurH7s354=,w6sF9rYJthNAaHHLwHd8YK+RE74=
36,-62,1rgf6mmA6vEBxW60EzQurH7s354=,w6sF9rYJthNAaHHLwHd8YK+RE74=
35,-63,1rgf6mmA6vEBxW60EzQurH7s354=,w6sF9rYJthNAaHHLwHd8YK+RE74=
40,-60,1rgf6mmA6vEBxW60EzQurH7s354=,okZaAoWitseStyfVgW2x/ibybSA=
36,-63,1rgf6mmA6vEBxW60EzQurH7s354=,w6sF9rYJthNAaHHLwHd8YK+RE74=
38,-63,1rgf6mmA6vEBxW60EzQurH7s354=,w6sF9rYJthNAaHHLwHd8YK+RE74=
38,-62,1rgf6mmA6vEBxW60EzQurH7s354=,w6sF9rYJthNAaHHLwHd8YK+RE74=
39,-63,1rgf6mmA6vEBxW60EzQurH7s354=,w6sF9rYJthNAaHHLwHd8YK+RE74=
34,-62,1rgf6mmA6vEBxW60EzQurH7s354=,w6sF9rYJthNAaHHLwHd8YK+RE74=
33,-62,1rgf6mmA6vEBxW60EzQurH7s354=,w6sF9rYJthNAaHHLwHd8YK+RE74=
39,-62,1rgf6mmA6vEBxW60EzQurH7s354=,w6sF9rYJthNAaHHLwHd8YK+RE74=
32,-62,1rgf6mmA6vEBxW60EzQurH7s354=,w6sF9rYJthNAaHHLwHd8YK+RE74=
39,-64,1rgf6mmA6vEBxW60EzQurH7s354=,w6sF9rYJthNAaHHLwHd8YK+RE74=
39,-58,1rgf6mmA6vEBxW60EzQurH7s354=,w6sF9rYJthNAaHHLwHd8YK+RE74=
34,-57,1rgf6mmA6vEBxW60EzQurH7s354=,w6sF9rYJthNAaHHLwHd8YK+RE74=
38,-58,1rgf6mmA6vEBxW60EzQurH7s354=,w6sF9rYJthNAaHHLwHd8YK+RE74=
37,-58,1rgf6mmA6vEBxW60EzQurH7s354=,w6sF9rYJthNAaHHLwHd8YK+RE74=
32,-63,1rgf6mmA6vEBxW60EzQurH7s354=,w6sF9rYJthNAaHHLwHd8YK+RE74=
38,-64,1rgf6mmA6vEBxW60EzQurH7s354=,w6sF9rYJthNAaHHLwHd8YK+RE74=
34,-63,1rgf6mmA6vEBxW60EzQurH7s354=,w6sF9rYJthNAaHHLwHd8YK+RE74=
36,-58,1rgf6mmA6vEBxW60EzQurH7s354=,w6sF9rYJthNAaHHLwHd8YK+RE74=
33,-63,1rgf6mmA6vEBxW60EzQurH7s354=,w6sF9rYJthNAaHHLwHd8YK+RE74=
39,-56,1rgf6mmA6vEBxW60EzQurH7s354=,UwwPNvL1S6MhBSfHW+u7L0amfE4=
32,-64,1rgf6mmA6vEBxW60EzQurH7s354=,w6sF9rYJthNAaHHLwHd8YK+RE74=
38,-56,1rgf6mmA6vEBxW60EzQurH7s354=,UwwPNvL1S6MhBSfHW+u7L0amfE4=
33,-57,1rgf6mmA6vEBxW60EzQurH7s354=,w6sF9rYJthNAaHHLwHd8YK+RE74=
40,-57,1rgf6mmA6vEBxW60EzQurH7s354=,okZaAoWitseStyfVgW2x/ibybSA=
37,-56,1rgf6mmA6vEBxW60EzQurH7s354=,UwwPNvL1S6MhBSfHW+u7L0amfE4=
32,-57,1rgf6mmA6vEBxW60EzQurH7s354=,w6sF9rYJthNAaHHLwHd8YK+RE74=
36,-56,1rgf6mmA6vEBxW60EzQurH7s354=,UwwPNvL1S6MhBSfHW+u7L0amfE4=
36,-64,1rgf6mmA6vEBxW60EzQurH7s354=,w6sF9rYJthNAaHHLwHd8YK+RE74=
35,-56,1rgf6mmA6vEBxW60EzQurH7s354=,UwwPNvL1S6MhBSfHW+u7L0amfE4=
37,-64,1rgf6mmA6vEBxW60EzQurH7s354=,w6sF9rYJthNAaHHLwHd8YK+RE74=
34,-56,1rgf6mmA6vEBxW60EzQurH7s354=,UwwPNvL1S6MhBSfHW+u7L0amfE4=
33,-56,1rgf6mmA6vEBxW60EzQurH7s354=,UwwPNvL1S6MhBSfHW+u7L0amfE4=
39,-59,1rgf6mmA6vEBxW60EzQurH7s354=,w6sF9rYJthNAaHHLwHd8YK+RE74=
38,-59,1rgf6mmA6vEBxW60EzQurH7s354=,w6sF9rYJthNAaHHLwHd8YK+RE74=
37,-59,1rgf6mmA6vEBxW60EzQurH7s354=,w6sF9rYJthNAaHHLwHd8YK+RE74=
35,-64,1rgf6mmA6vEBxW60EzQurH7s354=,w6sF9rYJthNAaHHLwHd8YK+RE74=
32,-56,1rgf6mmA6vEBxW60EzQurH7s354=,UwwPNvL1S6MhBSfHW+u7L0amfE4=
36,-59,1rgf6mmA6vEBxW60EzQurH7s354=,w6sF9rYJthNAaHHLwHd8YK+RE74=
33,-64,1rgf6mmA6vEBxW60EzQurH7s354=,w6sF9rYJthNAaHHLwHd8YK+RE74=
40,-58,1rgf6mmA6vEBxW60EzQurH7s354=,okZaAoWitseStyfVgW2x/ibybSA=
40,-61,1rgf6mmA6vEBxW60EzQurH7s354=,okZaAoWitseStyfVgW2x/ibybSA=
32,-61,1rgf6mmA6vEBxW60EzQurH7s354=,w6sF9rYJthNAaHHLwHd8YK+RE74=
34,-64,1rgf6mmA6vEBxW60EzQurH7s354=,w6sF9rYJthNAaHHLwHd8YK+RE74=
40,-59,1rgf6mmA6vEBxW60EzQurH7s354=,okZaAoWitseStyfVgW2x/ibybSA=
34,-58,1rgf6mmA6vEBxW60EzQurH7s354=,w6sF9rYJthNAaHHLwHd8YK+RE74=
39,-60,1rgf6mmA6vEBxW60EzQurH7s354=,w6sF9rYJthNAaHHLwHd8YK+RE74=
40,-62,1rgf6mmA6vEBxW60EzQurH7s354=,okZaAoWitseStyfVgW2x/ibybSA=
37,-60,1rgf6mmA6vEBxW60EzQurH7s354=,w6sF9rYJthNAaHHLwHd8YK+RE74=
33,-58,1rgf6mmA6vEBxW60EzQurH7s354=,w6sF9rYJthNAaHHLwHd8YK+RE74=
35,-58,1rgf6mmA6vEBxW60EzQurH7s354=,w6sF9rYJthNAaHHLwHd8YK+RE74=
32,-58,1rgf6mmA6vEBxW60EzQurH7s354=,w6sF9rYJthNAaHHLwHd8YK+RE74=
36,-60,1rgf6mmA6vEBxW60EzQurH7s354=,w6sF9rYJthNAaHHLwHd8YK+RE74=
40,-64,1rgf6mmA6vEBxW60EzQurH7s354=,okZaAoWitseStyfVgW2x/ibybSA=
35,-60,1rgf6mmA6vEBxW60EzQurH7s354=,w6sF9rYJthNAaHHLwHd8YK+RE74=
38,-60,1rgf6mmA6vEBxW60EzQurH7s354=,w6sF9rYJthNAaHHLwHd8YK+RE74=
37,-61,1rgf6mmA6vEBxW60EzQurH7s354=,w6sF9rYJthNAaHHLwHd8YK+RE74=
35,-59,1rgf6mmA6vEBxW60EzQurH7s354=,w6sF9rYJthNAaHHLwHd8YK+RE74=
39,-61,1rgf6mmA6vEBxW60EzQurH7s354=,w6sF9rYJthNAaHHLwHd8YK+RE74=
38,-61,1rgf6mmA6vEBxW60EzQurH7s354=,w6sF9rYJthNAaHHLwHd8YK+RE74=
33,-59,1rgf6mmA6vEBxW60EzQurH7s354=,w6sF9rYJthNAaHHLwHd8YK+RE74=
32,-59,1rgf6mmA6vEBxW60EzQurH7s354=,w6sF9rYJthNAaHHLwHd8YK+RE74=
37,-63,1rgf6mmA6vEBxW60EzQurH7s354=,w6sF9rYJthNAaHHLwHd8YK+RE74=
33,-61,1rgf6mmA6vEBxW60EzQurH7s354=,w6sF9rYJthNAaHHLwHd8YK+RE74=
34,-60,1rgf6mmA6vEBxW60EzQurH7s354=,w6sF9rYJthNAaHHLwHd8YK+RE74=
34,-59,1rgf6mmA6vEBxW60EzQurH7s354=,w6sF9rYJthNAaHHLwHd8YK+RE74=
36,-61,1rgf6mmA6vEBxW60EzQurH7s354=,w6sF9rYJthNAaHHLwHd8YK+RE74=
35,-61,1rgf6mmA6vEBxW60EzQurH7s354=,w6sF9rYJthNAaHHLwHd8YK+RE74=
32,-60,1rgf6mmA6vEBxW60EzQurH7s354=,w6sF9rYJthNAaHHLwHd8YK+RE74=
34,-61,1rgf6mmA6vEBxW60EzQurH7s354=,w6sF9rYJthNAaHHLwHd8YK+RE74=
40,-63,1rgf6mmA6vEBxW60EzQurH7s354=,okZaAoWitseStyfVgW2x/ibybSA=
33,-60,1rgf6mmA6vEBxW60EzQurH7s354=,w6sF9rYJthNAaHHLwHd8YK+RE74=
36,-37,1rgf6mmA6vEBxW60EzQurH7s354=,oM612/V5NP6+iJm+p2fH8pwR34M=
37,-37,1rgf6mmA6vEBxW60EzQurH7s354=,oM612/V5NP6+iJm+p2fH8pwR34M=
38,-37,1rgf6mmA6vEBxW60EzQurH7s354=,oM612/V5NP6+iJm+p2fH8pwR34M=
35,-37,1rgf6mmA6vEBxW60EzQurH7s354=,oM612/V5NP6+iJm+p2fH8pwR34M=
33,-36,1rgf6mmA6vEBxW60EzQurH7s354=,oM612/V5NP6+iJm+p2fH8pwR34M=
34,-36,1rgf6mmA6vEBxW60EzQurH7s354=,oM612/V5NP6+iJm+p2fH8pwR34M=
35,-36,1rgf6mmA6vEBxW60EzQurH7s354=,oM612/V5NP6+iJm+p2fH8pwR34M=
36,-36,1rgf6mmA6vEBxW60EzQurH7s354=,oM612/V5NP6+iJm+p2fH8pwR34M=
37,-36,1rgf6mmA6vEBxW60EzQurH7s354=,oM612/V5NP6+iJm+p2fH8pwR34M=
38,-36,1rgf6mmA6vEBxW60EzQurH7s354=,oM612/V5NP6+iJm+p2fH8pwR34M=
33,-35,1rgf6mmA6vEBxW60EzQurH7s354=,oM612/V5NP6+iJm+p2fH8pwR34M=
34,-35,1rgf6mmA6vEBxW60EzQurH7s354=,oM612/V5NP6+iJm+p2fH8pwR34M=
35,-35,1rgf6mmA6vEBxW60EzQurH7s354=,oM612/V5NP6+iJm+p2fH8pwR34M=
36,-35,1rgf6mmA6vEBxW60EzQurH7s354=,oM612/V5NP6+iJm+p2fH8pwR34M=
37,-35,1rgf6mmA6vEBxW60EzQurH7s354=,oM612/V5NP6+iJm+p2fH8pwR34M=
38,-35,1rgf6mmA6vEBxW60EzQurH7s354=,oM612/V5NP6+iJm+p2fH8pwR34M=
33,-39,1rgf6mmA6vEBxW60EzQurH7s354=,oM612/V5NP6+iJm+p2fH8pwR34M=
34,-39,1rgf6mmA6vEBxW60EzQurH7s354=,oM612/V5NP6+iJm+p2fH8pwR34M=
35,-39,1rgf6mmA6vEBxW60EzQurH7s354=,oM612/V5NP6+iJm+p2fH8pwR34M=
36,-39,1rgf6mmA6vEBxW60EzQurH7s354=,oM612/V5NP6+iJm+p2fH8pwR34M=
33,-34,1rgf6mmA6vEBxW60EzQurH7s354=,oM612/V5NP6+iJm+p2fH8pwR34M=
37,-39,1rgf6mmA6vEBxW60EzQurH7s354=,oM612/V5NP6+iJm+p2fH8pwR34M=
38,-39,1rgf6mmA6vEBxW60EzQurH7s354=,oM612/V5NP6+iJm+p2fH8pwR34M=
34,-34,1rgf6mmA6vEBxW60EzQurH7s354=,oM612/V5NP6+iJm+p2fH8pwR34M=
35,-34,1rgf6mmA6vEBxW60EzQurH7s354=,oM612/V5NP6+iJm+p2fH8pwR34M=
36,-34,1rgf6mmA6vEBxW60EzQurH7s354=,oM612/V5NP6+iJm+p2fH8pwR34M=
33,-38,1rgf6mmA6vEBxW60EzQurH7s354=,oM612/V5NP6+iJm+p2fH8pwR34M=
34,-38,1rgf6mmA6vEBxW60EzQurH7s354=,oM612/V5NP6+iJm+p2fH8pwR34M=
35,-38,1rgf6mmA6vEBxW60EzQurH7s354=,oM612/V5NP6+iJm+p2fH8pwR34M=
36,-38,1rgf6mmA6vEBxW60EzQurH7s354=,oM612/V5NP6+iJm+p2fH8pwR34M=
37,-34,1rgf6mmA6vEBxW60EzQurH7s354=,oM612/V5NP6+iJm+p2fH8pwR34M=
38,-34,1rgf6mmA6vEBxW60EzQurH7s354=,oM612/V5NP6+iJm+p2fH8pwR34M=
37,-38,1rgf6mmA6vEBxW60EzQurH7s354=,oM612/V5NP6+iJm+p2fH8pwR34M=
38,-38,1rgf6mmA6vEBxW60EzQurH7s354=,oM612/V5NP6+iJm+p2fH8pwR34M=
33,-37,1rgf6mmA6vEBxW60EzQurH7s354=,oM612/V5NP6+iJm+p2fH8pwR34M=
34,-37,1rgf6mmA6vEBxW60EzQurH7s354=,oM612/V5NP6+iJm+p2fH8pwR34M=
43,-47,1rgf6mmA6vEBxW60EzQurH7s354=,vVCvFFggAyvCO4JN+7KwaMam5Ws=
42,-47,1rgf6mmA6vEBxW60EzQurH7s354=,vVCvFFggAyvCO4JN+7KwaMam5Ws=
41,-47,1rgf6mmA6vEBxW60EzQurH7s354=,vVCvFFggAyvCO4JN+7KwaMam5Ws=
44,-47,1rgf6mmA6vEBxW60EzQurH7s354=,vVCvFFggAyvCO4JN+7KwaMam5Ws=
45,-47,1rgf6mmA6vEBxW60EzQurH7s354=,vVCvFFggAyvCO4JN+7KwaMam5Ws=
41,-46,1rgf6mmA6vEBxW60EzQurH7s354=,vVCvFFggAyvCO4JN+7KwaMam5Ws=
46,-47,1rgf6mmA6vEBxW60EzQurH7s354=,vVCvFFggAyvCO4JN+7KwaMam5Ws=
47,-47,1rgf6mmA6vEBxW60EzQurH7s354=,vVCvFFggAyvCO4JN+7KwaMam5Ws=
46,-43,1rgf6mmA6vEBxW60EzQurH7s354=,vVCvFFggAyvCO4JN+7KwaMam5Ws=
45,-42,1rgf6mmA6vEBxW60EzQurH7s354=,vVCvFFggAyvCO4JN+7KwaMam5Ws=
43,-43,1rgf6mmA6vEBxW60EzQurH7s354=,vVCvFFggAyvCO4JN+7KwaMam5Ws=
47,-46,1rgf6mmA6vEBxW60EzQurH7s354=,vVCvFFggAyvCO4JN+7KwaMam5Ws=
44,-42,1rgf6mmA6vEBxW60EzQurH7s354=,vVCvFFggAyvCO4JN+7KwaMam5Ws=
44,-43,1rgf6mmA6vEBxW60EzQurH7s354=,vVCvFFggAyvCO4JN+7KwaMam5Ws=
46,-44,1rgf6mmA6vEBxW60EzQurH7s354=,vVCvFFggAyvCO4JN+7KwaMam5Ws=
42,-42,1rgf6mmA6vEBxW60EzQurH7s354=,vVCvFFggAyvCO4JN+7KwaMam5Ws=
41,-42,1rgf6mmA6vEBxW60EzQurH7s354=,vVCvFFggAyvCO4JN+7KwaMam5Ws=
47,-45,1rgf6mmA6vEBxW60EzQurH7s354=,vVCvFFggAyvCO4JN+7KwaMam5Ws=
46,-42,1rgf6mmA6vEBxW60EzQurH7s354=,vVCvFFggAyvCO4JN+7KwaMam5Ws=
47,-44,1rgf6mmA6vEBxW60EzQurH7s354=,vVCvFFggAyvCO4JN+7KwaMam5Ws=
45,-44,1rgf6mmA6vEBxW60EzQurH7s354=,vVCvFFggAyvCO4JN+7KwaMam5Ws=
42,-43,1rgf6mmA6vEBxW60EzQurH7s354=,vVCvFFggAyvCO4JN+7KwaMam5Ws=
47,-42,1rgf6mmA6vEBxW60EzQurH7s354=,vVCvFFggAyvCO4JN+7KwaMam5Ws=
41,-44,1rgf6mmA6vEBxW60EzQurH7s354=,vVCvFFggAyvCO4JN+7KwaMam5Ws=
45,-45,1rgf6mmA6vEBxW60EzQurH7s354=,vVCvFFggAyvCO4JN+7KwaMam5Ws=
46,-45,1rgf6mmA6vEBxW60EzQurH7s354=,vVCvFFggAyvCO4JN+7KwaMam5Ws=
44,-44,1rgf6mmA6vEBxW60EzQurH7s354=,vVCvFFggAyvCO4JN+7KwaMam5Ws=
41,-43,1rgf6mmA6vEBxW60EzQurH7s354=,vVCvFFggAyvCO4JN+7KwaMam5Ws=
42,-45,1rgf6mmA6vEBxW60EzQurH7s354=,vVCvFFggAyvCO4JN+7KwaMam5Ws=
45,-43,1rgf6mmA6vEBxW60EzQurH7s354=,vVCvFFggAyvCO4JN+7KwaMam5Ws=
44,-45,1rgf6mmA6vEBxW60EzQurH7s354=,vVCvFFggAyvCO4JN+7KwaMam5Ws=
41,-45,1rgf6mmA6vEBxW60EzQurH7s354=,vVCvFFggAyvCO4JN+7KwaMam5Ws=
47,-43,1rgf6mmA6vEBxW60EzQurH7s354=,vVCvFFggAyvCO4JN+7KwaMam5Ws=
43,-44,1rgf6mmA6vEBxW60EzQurH7s354=,vVCvFFggAyvCO4JN+7KwaMam5Ws=
42,-44,1rgf6mmA6vEBxW60EzQurH7s354=,vVCvFFggAyvCO4JN+7KwaMam5Ws=
43,-42,1rgf6mmA6vEBxW60EzQurH7s354=,vVCvFFggAyvCO4JN+7KwaMam5Ws=
42,-46,1rgf6mmA6vEBxW60EzQurH7s354=,vVCvFFggAyvCO4JN+7KwaMam5Ws=
43,-45,1rgf6mmA6vEBxW60EzQurH7s354=,vVCvFFggAyvCO4JN+7KwaMam5Ws=
46,-46,1rgf6mmA6vEBxW60EzQurH7s354=,vVCvFFggAyvCO4JN+7KwaMam5Ws=
43,-46,1rgf6mmA6vEBxW60EzQurH7s354=,vVCvFFggAyvCO4JN+7KwaMam5Ws=
44,-46,1rgf6mmA6vEBxW60EzQurH7s354=,vVCvFFggAyvCO4JN+7KwaMam5Ws=
42,-36,1rgf6mmA6vEBxW60EzQurH7s354=,ZdWIZj8R1BZ1aOSloI7NB9q5eZs=
33,-48,1rgf6mmA6vEBxW60EzQurH7s354=,kHrX2hKslhI2DZrdD9fvppfy5l8=
45,-46,1rgf6mmA6vEBxW60EzQurH7s354=,vVCvFFggAyvCO4JN+7KwaMam5Ws=
35,-48,1rgf6mmA6vEBxW60EzQurH7s354=,kHrX2hKslhI2DZrdD9fvppfy5l8=
44,-33,1rgf6mmA6vEBxW60EzQurH7s354=,ZdWIZj8R1BZ1aOSloI7NB9q5eZs=
32,-36,1rgf6mmA6vEBxW60EzQurH7s354=,oM612/V5NP6+iJm+p2fH8pwR34M=
45,-33,1rgf6mmA6vEBxW60EzQurH7s354=,ZdWIZj8R1BZ1aOSloI7NB9q5eZs=
32,-35,1rgf6mmA6vEBxW60EzQurH7s354=,oM612/V5NP6+iJm+p2fH8pwR34M=
34,-48,1rgf6mmA6vEBxW60EzQurH7s354=,kHrX2hKslhI2DZrdD9fvppfy5l8=
43,-41,1rgf6mmA6vEBxW60EzQurH7s354=,vVCvFFggAyvCO4JN+7KwaMam5Ws=
40,-41,1rgf6mmA6vEBxW60EzQurH7s354=,vVCvFFggAyvCO4JN+7KwaMam5Ws=
36,-43,1rgf6mmA6vEBxW60EzQurH7s354=,kHrX2hKslhI2DZrdD9fvppfy5l8=
35,-43,1rgf6mmA6vEBxW60EzQurH7s354=,kHrX2hKslhI2DZrdD9fvppfy5l8=
44,-41,1rgf6mmA6vEBxW60EzQurH7s354=,vVCvFFggAyvCO4JN+7KwaMam5Ws=
34,-43,1rgf6mmA6vEBxW60EzQurH7s354=,kHrX2hKslhI2DZrdD9fvppfy5l8=
46,-33,1rgf6mmA6vEBxW60EzQurH7s354=,ZdWIZj8R1BZ1aOSloI7NB9q5eZs=
39,-44,1rgf6mmA6vEBxW60EzQurH7s354=,kHrX2hKslhI2DZrdD9fvppfy5l8=
32,-41,1rgf6mmA6vEBxW60EzQurH7s354=,kHrX2hKslhI2DZrdD9fvppfy5l8=
32,-43,1rgf6mmA6vEBxW60EzQurH7s354=,kHrX2hKslhI2DZrdD9fvppfy5l8=
36,-48,1rgf6mmA6vEBxW60EzQurH7s354=,kHrX2hKslhI2DZrdD9fvppfy5l8=
42,-40,1rgf6mmA6vEBxW60EzQurH7s354=,ZdWIZj8R1BZ1aOSloI7NB9q5eZs=
33,-43,1rgf6mmA6vEBxW60EzQurH7s354=,kHrX2hKslhI2DZrdD9fvppfy5l8=
38,-48,1rgf6mmA6vEBxW60EzQurH7s354=,kHrX2hKslhI2DZrdD9fvppfy5l8=
45,-41,1rgf6mmA6vEBxW60EzQurH7s354=,vVCvFFggAyvCO4JN+7KwaMam5Ws=
40,-42,1rgf6mmA6vEBxW60EzQurH7s354=,vVCvFFggAyvCO4JN+7KwaMam5Ws=
37,-43,1rgf6mmA6vEBxW60EzQurH7s354=,kHrX2hKslhI2DZrdD9fvppfy5l8=
32,-40,1rgf6mmA6vEBxW60EzQurH7s354=,oM612/V5NP6+iJm+p2fH8pwR34M=
38,-44,1rgf6mmA6vEBxW60EzQurH7s354=,kHrX2hKslhI2DZrdD9fvppfy5l8=
37,-48,1rgf6mmA6vEBxW60EzQurH7s354=,kHrX2hKslhI2DZrdD9fvppfy5l8=
36,-44,1rgf6mmA6vEBxW60EzQurH7s354=,kHrX2hKslhI2DZrdD9fvppfy5l8=
40,-35,1rgf6mmA6vEBxW60EzQurH7s354=,ZdWIZj8R1BZ1aOSloI7NB9q5eZs=
32,-34,1rgf6mmA6vEBxW60EzQurH7s354=,oM612/V5NP6+iJm+p2fH8pwR34M=
32,-39,1rgf6mmA6vEBxW60EzQurH7s354=,oM612/V5NP6+iJm+p2fH8pwR34M=
32,-38,1rgf6mmA6vEBxW60EzQurH7s354=,oM612/V5NP6+iJm+p2fH8pwR34M=
32,-37,1rgf6mmA6vEBxW60EzQurH7s354=,oM612/V5NP6+iJm+p2fH8pwR34M=
45,-34,1rgf6mmA6vEBxW60EzQurH7s354=,ZdWIZj8R1BZ1aOSloI7NB9q5eZs=
37,-44,1rgf6mmA6vEBxW60EzQurH7s354=,kHrX2hKslhI2DZrdD9fvppfy5l8=
35,-44,1rgf6mmA6vEBxW60EzQurH7s354=,kHrX2hKslhI2DZrdD9fvppfy5l8=
34,-44,1rgf6mmA6vEBxW60EzQurH7s354=,kHrX2hKslhI2DZrdD9fvppfy5l8=
43,-40,1rgf6mmA6vEBxW60EzQurH7s354=,ZdWIZj8R1BZ1aOSloI7NB9q5eZs=
38,-33,1rgf6mmA6vEBxW60EzQurH7s354=,oM612/V5NP6+iJm+p2fH8pwR34M=
46,-41,1rgf6mmA6vEBxW60EzQurH7s354=,vVCvFFggAyvCO4JN+7KwaMam5Ws=
39,-45,1rgf6mmA6vEBxW60EzQurH7s354=,kHrX2hKslhI2DZrdD9fvppfy5l8=
39,-37,1rgf6mmA6vEBxW60EzQurH7s354=,oM612/V5NP6+iJm+p2fH8pwR34M=
38,-45,1rgf6mmA6vEBxW60EzQurH7s354=,kHrX2hKslhI2DZrdD9fvppfy5l8=
39,-33,1rgf6mmA6vEBxW60EzQurH7s354=,oM612/V5NP6+iJm+p2fH8pwR34M=
36,-45,1rgf6mmA6vEBxW60EzQurH7s354=,kHrX2hKslhI2DZrdD9fvppfy5l8=
43,-33,1rgf6mmA6vEBxW60EzQurH7s354=,ZdWIZj8R1BZ1aOSloI7NB9q5eZs=
41,-41,1rgf6mmA6vEBxW60EzQurH7s354=,vVCvFFggAyvCO4JN+7KwaMam5Ws=
35,-45,1rgf6mmA6vEBxW60EzQurH7s354=,kHrX2hKslhI2DZrdD9fvppfy5l8=
34,-33,1rgf6mmA6vEBxW60EzQurH7s354=,oM612/V5NP6+iJm+p2fH8pwR34M=
41,-35,1rgf6mmA6vEBxW60EzQurH7s354=,ZdWIZj8R1BZ1aOSloI7NB9q5eZs=
33,-33,1rgf6mmA6vEBxW60EzQurH7s354=,oM612/V5NP6+iJm+p2fH8pwR34M=
42,-41,1rgf6mmA6vEBxW60EzQurH7s354=,vVCvFFggAyvCO4JN+7KwaMam5Ws=
39,-36,1rgf6mmA6vEBxW60EzQurH7s354=,oM612/V5NP6+iJm+p2fH8pwR34M=
37,-33,1rgf6mmA6vEBxW60EzQurH7s354=,oM612/V5NP6+iJm+p2fH8pwR34M=
40,-43,1rgf6mmA6vEBxW60EzQurH7s354=,vVCvFFggAyvCO4JN+7KwaMam5Ws=
33,-44,1rgf6mmA6vEBxW60EzQurH7s354=,kHrX2hKslhI2DZrdD9fvppfy5l8=
43,-36,1rgf6mmA6vEBxW60EzQurH7s354=,ZdWIZj8R1BZ1aOSloI7NB9q5eZs=
36,-33,1rgf6mmA6vEBxW60EzQurH7s354=,oM612/V5NP6+iJm+p2fH8pwR34M=
39,-46,1rgf6mmA6vEBxW60EzQurH7s354=,kHrX2hKslhI2DZrdD9fvppfy5l8=
33,-45,1rgf6mmA6vEBxW60EzQurH7s354=,kHrX2hKslhI2DZrdD9fvppfy5l8=
42,-35,1rgf6mmA6vEBxW60EzQurH7s354=,ZdWIZj8R1BZ1aOSloI7NB9q5eZs=
32,-33,1rgf6mmA6vEBxW60EzQurH7s354=,oM612/V5NP6+iJm+p2fH8pwR34M=
32,-44,1rgf6mmA6vEBxW60EzQurH7s354=,kHrX2hKslhI2DZrdD9fvppfy5l8=
37,-45,1rgf6mmA6vEBxW60EzQurH7s354=,kHrX2hKslhI2DZrdD9fvppfy5l8=
39,-38,1rgf6mmA6vEBxW60EzQurH7s354=,oM612/V5NP6+iJm+p2fH8pwR34M=
35,-33,1rgf6mmA6vEBxW60EzQurH7s354=,oM612/V5NP6+iJm+p2fH8pwR34M=
32,-45,1rgf6mmA6vEBxW60EzQurH7s354=,kHrX2hKslhI2DZrdD9fvppfy5l8=
38,-46,1rgf6mmA6vEBxW60EzQurH7s354=,kHrX2hKslhI2DZrdD9fvppfy5l8=
34,-45,1rgf6mmA6vEBxW60EzQurH7s354=,kHrX2hKslhI2DZrdD9fvppfy5l8=
44,-40,1rgf6mmA6vEBxW60EzQurH7s354=,ZdWIZj8R1BZ1aOSloI7NB9q5eZs=
40,-33,1rgf6mmA6vEBxW60EzQurH7s354=,ZdWIZj8R1BZ1aOSloI7NB9q5eZs=
37,-46,1rgf6mmA6vEBxW60EzQurH7s354=,kHrX2hKslhI2DZrdD9fvppfy5l8=
34,-46,1rgf6mmA6vEBxW60EzQurH7s354=,kHrX2hKslhI2DZrdD9fvppfy5l8=
43,-37,1rgf6mmA6vEBxW60EzQurH7s354=,ZdWIZj8R1BZ1aOSloI7NB9q5eZs=
42,-33,1rgf6mmA6vEBxW60EzQurH7s354=,ZdWIZj8R1BZ1aOSloI7NB9q5eZs=
39,-47,1rgf6mmA6vEBxW60EzQurH7s354=,kHrX2hKslhI2DZrdD9fvppfy5l8=
36,-46,1rgf6mmA6vEBxW60EzQurH7s354=,kHrX2hKslhI2DZrdD9fvppfy5l8=
33,-46,1rgf6mmA6vEBxW60EzQurH7s354=,kHrX2hKslhI2DZrdD9fvppfy5l8=
35,-46,1rgf6mmA6vEBxW60EzQurH7s354=,kHrX2hKslhI2DZrdD9fvppfy5l8=
44,-36,1rgf6mmA6vEBxW60EzQurH7s354=,ZdWIZj8R1BZ1aOSloI7NB9q5eZs=
47,-33,1rgf6mmA6vEBxW60EzQurH7s354=,ZdWIZj8R1BZ1aOSloI7NB9q5eZs=
45,-35,1rgf6mmA6vEBxW60EzQurH7s354=,ZdWIZj8R1BZ1aOSloI7NB9q5eZs=
32,-48,1rgf6mmA6vEBxW60EzQurH7s354=,kHrX2hKslhI2DZrdD9fvppfy5l8=
40,-44,1rgf6mmA6vEBxW60EzQurH7s354=,vVCvFFggAyvCO4JN+7KwaMam5Ws=
32,-46,1rgf6mmA6vEBxW60EzQurH7s354=,kHrX2hKslhI2DZrdD9fvppfy5l8=
35,-47,1rgf6mmA6vEBxW60EzQurH7s354=,kHrX2hKslhI2DZrdD9fvppfy5l8=
39,-40,1rgf6mmA6vEBxW60EzQurH7s354=,oM612/V5NP6+iJm+p2fH8pwR34M=
38,-47,1rgf6mmA6vEBxW60EzQurH7s354=,kHrX2hKslhI2DZrdD9fvppfy5l8=
37,-47,1rgf6mmA6vEBxW60EzQurH7s354=,kHrX2hKslhI2DZrdD9fvppfy5l8=
38,-40,1rgf6mmA6vEBxW60EzQurH7s354=,oM612/V5NP6+iJm+p2fH8pwR34M=
41,-33,1rgf6mmA6vEBxW60EzQurH7s354=,ZdWIZj8R1BZ1aOSloI7NB9q5eZs=
47,-34,1rgf6mmA6vEBxW60EzQurH7s354=,ZdWIZj8R1BZ1aOSloI7NB9q5eZs=
46,-35,1rgf6mmA6vEBxW60EzQurH7s354=,ZdWIZj8R1BZ1aOSloI7NB9q5eZs=
36,-40,1rgf6mmA6vEBxW60EzQurH7s354=,oM612/V5NP6+iJm+p2fH8pwR34M=
34,-47,1rgf6mmA6vEBxW60EzQurH7s354=,kHrX2hKslhI2DZrdD9fvppfy5l8=
35,-40,1rgf6mmA6vEBxW60EzQurH7s354=,oM612/V5NP6+iJm+p2fH8pwR34M=
46,-34,1rgf6mmA6vEBxW60EzQurH7s354=,ZdWIZj8R1BZ1aOSloI7NB9q5eZs=
33,-40,1rgf6mmA6vEBxW60EzQurH7s354=,oM612/V5NP6+iJm+p2fH8pwR34M=
39,-41,1rgf6mmA6vEBxW60EzQurH7s354=,kHrX2hKslhI2DZrdD9fvppfy5l8=
47,-48,1rgf6mmA6vEBxW60EzQurH7s354=,vVCvFFggAyvCO4JN+7KwaMam5Ws=
32,-47,1rgf6mmA6vEBxW60EzQurH7s354=,kHrX2hKslhI2DZrdD9fvppfy5l8=
37,-40,1rgf6mmA6vEBxW60EzQurH7s354=,oM612/V5NP6+iJm+p2fH8pwR34M=
33,-47,1rgf6mmA6vEBxW60EzQurH7s354=,kHrX2hKslhI2DZrdD9fvppfy5l8=
46,-48,1rgf6mmA6vEBxW60EzQurH7s354=,vVCvFFggAyvCO4JN+7KwaMam5Ws=
39,-48,1rgf6mmA6vEBxW60EzQurH7s354=,kHrX2hKslhI2DZrdD9fvppfy5l8=
40,-40,1rgf6mmA6vEBxW60EzQurH7s354=,ZdWIZj8R1BZ1aOSloI7NB9q5eZs=
35,-41,1rgf6mmA6vEBxW60EzQurH7s354=,kHrX2hKslhI2DZrdD9fvppfy5l8=
40,-45,1rgf6mmA6vEBxW60EzQurH7s354=,vVCvFFggAyvCO4JN+7KwaMam5Ws=
36,-41,1rgf6mmA6vEBxW60EzQurH7s354=,kHrX2hKslhI2DZrdD9fvppfy5l8=
45,-48,1rgf6mmA6vEBxW60EzQurH7s354=,vVCvFFggAyvCO4JN+7KwaMam5Ws=
44,-48,1rgf6mmA6vEBxW60EzQurH7s354=,vVCvFFggAyvCO4JN+7KwaMam5Ws=
34,-40,1rgf6mmA6vEBxW60EzQurH7s354=,oM612/V5NP6+iJm+p2fH8pwR34M=
40,-48,1rgf6mmA6vEBxW60EzQurH7s354=,vVCvFFggAyvCO4JN+7KwaMam5Ws=
38,-41,1rgf6mmA6vEBxW60EzQurH7s354=,kHrX2hKslhI2DZrdD9fvppfy5l8=
43,-48,1rgf6mmA6vEBxW60EzQurH7s354=,vVCvFFggAyvCO4JN+7KwaMam5Ws=
39,-42,1rgf6mmA6vEBxW60EzQurH7s354=,kHrX2hKslhI2DZrdD9fvppfy5l8=
33,-41,1rgf6mmA6vEBxW60EzQurH7s354=,kHrX2hKslhI2DZrdD9fvppfy5l8=
39,-34,1rgf6mmA6vEBxW60EzQurH7s354=,oM612/V5NP6+iJm+p2fH8pwR34M=
34,-41,1rgf6mmA6vEBxW60EzQurH7s354=,kHrX2hKslhI2DZrdD9fvppfy5l8=
38,-43,1rgf6mmA6vEBxW60EzQurH7s354=,kHrX2hKslhI2DZrdD9fvppfy5l8=
42,-48,1rgf6mmA6vEBxW60EzQurH7s354=,vVCvFFggAyvCO4JN+7KwaMam5Ws=
38,-42,1rgf6mmA6vEBxW60EzQurH7s354=,kHrX2hKslhI2DZrdD9fvppfy5l8=
35,-42,1rgf6mmA6vEBxW60EzQurH7s354=,kHrX2hKslhI2DZrdD9fvppfy5l8=
39,-43,1rgf6mmA6vEBxW60EzQurH7s354=,kHrX2hKslhI2DZrdD9fvppfy5l8=
47,-35,1rgf6mmA6vEBxW60EzQurH7s354=,ZdWIZj8R1BZ1aOSloI7NB9q5eZs=
37,-41,1rgf6mmA6vEBxW60EzQurH7s354=,kHrX2hKslhI2DZrdD9fvppfy5l8=
47,-36,1rgf6mmA6vEBxW60EzQurH7s354=,ZdWIZj8R1BZ1aOSloI7NB9q5eZs=
36,-42,1rgf6mmA6vEBxW60EzQurH7s354=,kHrX2hKslhI2DZrdD9fvppfy5l8=
44,-38,1rgf6mmA6vEBxW60EzQurH7s354=,ZdWIZj8R1BZ1aOSloI7NB9q5eZs=
34,-42,1rgf6mmA6vEBxW60EzQurH7s354=,kHrX2hKslhI2DZrdD9fvppfy5l8=
32,-42,1rgf6mmA6vEBxW60EzQurH7s354=,kHrX2hKslhI2DZrdD9fvppfy5l8=
41,-36,1rgf6mmA6vEBxW60EzQurH7s354=,ZdWIZj8R1BZ1aOSloI7NB9q5eZs=
36,-47,1rgf6mmA6vEBxW60EzQurH7s354=,kHrX2hKslhI2DZrdD9fvppfy5l8=
40,-36,1rgf6mmA6vEBxW60EzQurH7s354=,ZdWIZj8R1BZ1aOSloI7NB9q5eZs=
41,-39,1rgf6mmA6vEBxW60EzQurH7s354=,ZdWIZj8R1BZ1aOSloI7NB9q5eZs=
44,-35,1rgf6mmA6vEBxW60EzQurH7s354=,ZdWIZj8R1BZ1aOSloI7NB9q5eZs=
41,-37,1rgf6mmA6vEBxW60EzQurH7s354=,ZdWIZj8R1BZ1aOSloI7NB9q5eZs=
43,-38,1rgf6mmA6vEBxW60EzQurH7s354=,ZdWIZj8R1BZ1aOSloI7NB9q5eZs=
40,-46,1rgf6mmA6vEBxW60EzQurH7s354=,vVCvFFggAyvCO4JN+7KwaMam5Ws=
46,-37,1rgf6mmA6vEBxW60EzQurH7s354=,ZdWIZj8R1BZ1aOSloI7NB9q5eZs=
42,-37,1rgf6mmA6vEBxW60EzQurH7s354=,ZdWIZj8R1BZ1aOSloI7NB9q5eZs=
40,-34,1rgf6mmA6vEBxW60EzQurH7s354=,ZdWIZj8R1BZ1aOSloI7NB9q5eZs=
40,-37,1rgf6mmA6vEBxW60EzQurH7s354=,ZdWIZj8R1BZ1aOSloI7NB9q5eZs=
46,-36,1rgf6mmA6vEBxW60EzQurH7s354=,ZdWIZj8R1BZ1aOSloI7NB9q5eZs=
40,-39,1rgf6mmA6vEBxW60EzQurH7s354=,ZdWIZj8R1BZ1aOSloI7NB9q5eZs=
39,-39,1rgf6mmA6vEBxW60EzQurH7s354=,oM612/V5NP6+iJm+p2fH8pwR34M=
37,-42,1rgf6mmA6vEBxW60EzQurH7s354=,kHrX2hKslhI2DZrdD9fvppfy5l8=
47,-40,1rgf6mmA6vEBxW60EzQurH7s354=,ZdWIZj8R1BZ1aOSloI7NB9q5eZs=
45,-40,1rgf6mmA6vEBxW60EzQurH7s354=,ZdWIZj8R1BZ1aOSloI7NB9q5eZs=
45,-37,1rgf6mmA6vEBxW60EzQurH7s354=,ZdWIZj8R1BZ1aOSloI7NB9q5eZs=
45,-36,1rgf6mmA6vEBxW60EzQurH7s354=,ZdWIZj8R1BZ1aOSloI7NB9q5eZs=
46,-40,1rgf6mmA6vEBxW60EzQurH7s354=,ZdWIZj8R1BZ1aOSloI7NB9q5eZs=
47,-37,1rgf6mmA6vEBxW60EzQurH7s354=,ZdWIZj8R1BZ1aOSloI7NB9q5eZs=
41,-40,1rgf6mmA6vEBxW60EzQurH7s354=,ZdWIZj8R1BZ1aOSloI7NB9q5eZs=
44,-37,1rgf6mmA6vEBxW60EzQurH7s354=,ZdWIZj8R1BZ1aOSloI7NB9q5eZs=
47,-41,1rgf6mmA6vEBxW60EzQurH7s354=,vVCvFFggAyvCO4JN+7KwaMam5Ws=
39,-35,1rgf6mmA6vEBxW60EzQurH7s354=,oM612/V5NP6+iJm+p2fH8pwR34M=
41,-38,1rgf6mmA6vEBxW60EzQurH7s354=,ZdWIZj8R1BZ1aOSloI7NB9q5eZs=
45,-38,1rgf6mmA6vEBxW60EzQurH7s354=,ZdWIZj8R1BZ1aOSloI7NB9q5eZs=
40,-38,1rgf6mmA6vEBxW60EzQurH7s354=,ZdWIZj8R1BZ1aOSloI7NB9q5eZs=
46,-38,1rgf6mmA6vEBxW60EzQurH7s354=,ZdWIZj8R1BZ1aOSloI7NB9q5eZs=
45,-39,1rgf6mmA6vEBxW60EzQurH7s354=,ZdWIZj8R1BZ1aOSloI7NB9q5eZs=
42,-39,1rgf6mmA6vEBxW60EzQurH7s354=,ZdWIZj8R1BZ1aOSloI7NB9q5eZs=
41,-34,1rgf6mmA6vEBxW60EzQurH7s354=,ZdWIZj8R1BZ1aOSloI7NB9q5eZs=
43,-39,1rgf6mmA6vEBxW60EzQurH7s354=,ZdWIZj8R1BZ1aOSloI7NB9q5eZs=
46,-39,1rgf6mmA6vEBxW60EzQurH7s354=,ZdWIZj8R1BZ1aOSloI7NB9q5eZs=
44,-34,1rgf6mmA6vEBxW60EzQurH7s354=,ZdWIZj8R1BZ1aOSloI7NB9q5eZs=
47,-38,1rgf6mmA6vEBxW60EzQurH7s354=,ZdWIZj8R1BZ1aOSloI7NB9q5eZs=
43,-35,1rgf6mmA6vEBxW60EzQurH7s354=,ZdWIZj8R1BZ1aOSloI7NB9q5eZs=
41,-48,1rgf6mmA6vEBxW60EzQurH7s354=,vVCvFFggAyvCO4JN+7KwaMam5Ws=
42,-38,1rgf6mmA6vEBxW60EzQurH7s354=,ZdWIZj8R1BZ1aOSloI7NB9q5eZs=
42,-34,1rgf6mmA6vEBxW60EzQurH7s354=,ZdWIZj8R1BZ1aOSloI7NB9q5eZs=
47,-39,1rgf6mmA6vEBxW60EzQurH7s354=,ZdWIZj8R1BZ1aOSloI7NB9q5eZs=
40,-47,1rgf6mmA6vEBxW60EzQurH7s354=,vVCvFFggAyvCO4JN+7KwaMam5Ws=
33,-42,1rgf6mmA6vEBxW60EzQurH7s354=,kHrX2hKslhI2DZrdD9fvppfy5l8=
44,-39,1rgf6mmA6vEBxW60EzQurH7s354=,ZdWIZj8R1BZ1aOSloI7NB9q5eZs=
43,-34,1rgf6mmA6vEBxW60EzQurH7s354=,ZdWIZj8R1BZ1aOSloI7NB9q5eZs=
