360,401,zt/LoMmUpPkBeq76eAFSi1INLxQ=,HXrRXM88muOq8ILj1e5yEtaU3Wk=
367,404,zt/LoMmUpPkBeq76eAFSi1INLxQ=,HXrRXM88muOq8ILj1e5yEtaU3Wk=
367,400,zt/LoMmUpPkBeq76eAFSi1INLxQ=,HXrRXM88muOq8ILj1e5yEtaU3Wk=
366,404,zt/LoMmUpPkBeq76eAFSi1INLxQ=,HXrRXM88muOq8ILj1e5yEtaU3Wk=
365,400,zt/LoMmUpPkBeq76eAFSi1INLxQ=,HXrRXM88muOq8ILj1e5yEtaU3Wk=
367,403,zt/LoMmUpPkBeq76eAFSi1INLxQ=,HXrRXM88muOq8ILj1e5yEtaU3Wk=
365,404,zt/LoMmUpPkBeq76eAFSi1INLxQ=,HXrRXM88muOq8ILj1e5yEtaU3Wk=
367,402,zt/LoMmUpPkBeq76eAFSi1INLxQ=,HXrRXM88muOq8ILj1e5yEtaU3Wk=
366,402,zt/LoMmUpPkBeq76eAFSi1INLxQ=,HXrRXM88muOq8ILj1e5yEtaU3Wk=
363,400,zt/LoMmUpPkBeq76eAFSi1INLxQ=,HXrRXM88muOq8ILj1e5yEtaU3Wk=
366,403,zt/LoMmUpPkBeq76eAFSi1INLxQ=,HXrRXM88muOq8ILj1e5yEtaU3Wk=
364,404,zt/LoMmUpPkBeq76eAFSi1INLxQ=,HXrRXM88muOq8ILj1e5yEtaU3Wk=
365,403,zt/LoMmUpPkBeq76eAFSi1INLxQ=,HXrRXM88muOq8ILj1e5yEtaU3Wk=
363,404,zt/LoMmUpPkBeq76eAFSi1INLxQ=,HXrRXM88muOq8ILj1e5yEtaU3Wk=
366,400,zt/LoMmUpPkBeq76eAFSi1INLxQ=,HXrRXM88muOq8ILj1e5yEtaU3Wk=
364,403,zt/LoMmUpPkBeq76eAFSi1INLxQ=,HXrRXM88muOq8ILj1e5yEtaU3Wk=
363,403,zt/LoMmUpPkBeq76eAFSi1INLxQ=,HXrRXM88muOq8ILj1e5yEtaU3Wk=
367,401,zt/LoMmUpPkBeq76eAFSi1INLxQ=,HXrRXM88muOq8ILj1e5yEtaU3Wk=
362,404,zt/LoMmUpPkBeq76eAFSi1INLxQ=,HXrRXM88muOq8ILj1e5yEtaU3Wk=
366,401,zt/LoMmUpPkBeq76eAFSi1INLxQ=,HXrRXM88muOq8ILj1e5yEtaU3Wk=
361,400,zt/LoMmUpPkBeq76eAFSi1INLxQ=,HXrRXM88muOq8ILj1e5yEtaU3Wk=
364,400,zt/LoMmUpPkBeq76eAFSi1INLxQ=,HXrRXM88muOq8ILj1e5yEtaU3Wk=
362,403,zt/LoMmUpPkBeq76eAFSi1INLxQ=,HXrRXM88muOq8ILj1e5yEtaU3Wk=
361,403,zt/LoMmUpPkBeq76eAFSi1INLxQ=,HXrRXM88muOq8ILj1e5yEtaU3Wk=
367,407,zt/LoMmUpPkBeq76eAFSi1INLxQ=,HXrRXM88muOq8ILj1e5yEtaU3Wk=
366,407,zt/LoMmUpPkBeq76eAFSi1INLxQ=,HXrRXM88muOq8ILj1e5yEtaU3Wk=
365,402,zt/LoMmUpPkBeq76eAFSi1INLxQ=,HXrRXM88muOq8ILj1e5yEtaU3Wk=
364,402,zt/LoMmUpPkBeq76eAFSi1INLxQ=,HXrRXM88muOq8ILj1e5yEtaU3Wk=
363,402,zt/LoMmUpPkBeq76eAFSi1INLxQ=,HXrRXM88muOq8ILj1e5yEtaU3Wk=
362,402,zt/LoMmUpPkBeq76eAFSi1INLxQ=,HXrRXM88muOq8ILj1e5yEtaU3Wk=
361,402,zt/LoMmUpPkBeq76eAFSi1INLxQ=,HXrRXM88muOq8ILj1e5yEtaU3Wk=
365,407,zt/LoMmUpPkBeq76eAFSi1INLxQ=,HXrRXM88muOq8ILj1e5yEtaU3Wk=
364,407,zt/LoMmUpPkBeq76eAFSi1INLxQ=,HXrRXM88muOq8ILj1e5yEtaU3Wk=
363,407,zt/LoMmUpPkBeq76eAFSi1INLxQ=,HXrRXM88muOq8ILj1e5yEtaU3Wk=
362,407,zt/LoMmUpPkBeq76eAFSi1INLxQ=,HXrRXM88muOq8ILj1e5yEtaU3Wk=
361,407,zt/LoMmUpPkBeq76eAFSi1INLxQ=,HXrRXM88muOq8ILj1e5yEtaU3Wk=
365,401,zt/LoMmUpPkBeq76eAFSi1INLxQ=,HXrRXM88muOq8ILj1e5yEtaU3Wk=
360,402,zt/LoMmUpPkBeq76eAFSi1INLxQ=,HXrRXM88muOq8ILj1e5yEtaU3Wk=
360,403,zt/LoMmUpPkBeq76eAFSi1INLxQ=,HXrRXM88muOq8ILj1e5yEtaU3Wk=
362,400,zt/LoMmUpPkBeq76eAFSi1INLxQ=,HXrRXM88muOq8ILj1e5yEtaU3Wk=
360,407,zt/LoMmUpPkBeq76eAFSi1INLxQ=,HXrRXM88muOq8ILj1e5yEtaU3Wk=
364,401,zt/LoMmUpPkBeq76eAFSi1INLxQ=,HXrRXM88muOq8ILj1e5yEtaU3Wk=
361,404,zt/LoMmUpPkBeq76eAFSi1INLxQ=,HXrRXM88muOq8ILj1e5yEtaU3Wk=
367,406,zt/LoMmUpPkBeq76eAFSi1INLxQ=,HXrRXM88muOq8ILj1e5yEtaU3Wk=
366,406,zt/LoMmUpPkBeq76eAFSi1INLxQ=,HXrRXM88muOq8ILj1e5yEtaU3Wk=
365,406,zt/LoMmUpPkBeq76eAFSi1INLxQ=,HXrRXM88muOq8ILj1e5yEtaU3Wk=
364,406,zt/LoMmUpPkBeq76eAFSi1INLxQ=,HXrRXM88muOq8ILj1e5yEtaU3Wk=
363,406,zt/LoMmUpPkBeq76eAFSi1INLxQ=,HXrRXM88muOq8ILj1e5yEtaU3Wk=
362,406,zt/LoMmUpPkBeq76eAFSi1INLxQ=,HXrRXM88muOq8ILj1e5yEtaU3Wk=
361,406,zt/LoMmUpPkBeq76eAFSi1INLxQ=,HXrRXM88muOq8ILj1e5yEtaU3Wk=
360,406,zt/LoMmUpPkBeq76eAFSi1INLxQ=,HXrRXM88muOq8ILj1e5yEtaU3Wk=
363,401,zt/LoMmUpPkBeq76eAFSi1INLxQ=,HXrRXM88muOq8ILj1e5yEtaU3Wk=
362,401,zt/LoMmUpPkBeq76eAFSi1INLxQ=,HXrRXM88muOq8ILj1e5yEtaU3Wk=
360,404,zt/LoMmUpPkBeq76eAFSi1INLxQ=,HXrRXM88muOq8ILj1e5yEtaU3Wk=
360,400,zt/LoMmUpPkBeq76eAFSi1INLxQ=,HXrRXM88muOq8ILj1e5yEtaU3Wk=
367,405,zt/LoMmUpPkBeq76eAFSi1INLxQ=,HXrRXM88muOq8ILj1e5yEtaU3Wk=
366,405,zt/LoMmUpPkBeq76eAFSi1INLxQ=,HXrRXM88muOq8ILj1e5yEtaU3Wk=
365,405,zt/LoMmUpPkBeq76eAFSi1INLxQ=,HXrRXM88muOq8ILj1e5yEtaU3Wk=
364,405,zt/LoMmUpPkBeq76eAFSi1INLxQ=,HXrRXM88muOq8ILj1e5yEtaU3Wk=
363,405,zt/LoMmUpPkBeq76eAFSi1INLxQ=,HXrRXM88muOq8ILj1e5yEtaU3Wk=
362,405,zt/LoMmUpPkBeq76eAFSi1INLxQ=,HXrRXM88muOq8ILj1e5yEtaU3Wk=
361,405,zt/LoMmUpPkBeq76eAFSi1INLxQ=,HXrRXM88muOq8ILj1e5yEtaU3Wk=
360,405,zt/LoMmUpPkBeq76eAFSi1INLxQ=,HXrRXM88muOq8ILj1e5yEtaU3Wk=
361,401,zt/LoMmUpPkBeq76eAFSi1INLxQ=,HXrRXM88muOq8ILj1e5yEtaU3Wk=
