30,-35,V3c5TJc0GEAVuehkJqqtyiUGuq4=,dbssTCAkTkWfFtHZrQ0U7O0Mptw=
30,-37,V3c5TJc0GEAVuehkJqqtyiUGuq4=,dbssTCAkTkWfFtHZrQ0U7O0Mptw=
30,-40,V3c5TJc0GEAVuehkJqqtyiUGuq4=,dbssTCAkTkWfFtHZrQ0U7O0Mptw=
30,-43,V3c5TJc0GEAVuehkJqqtyiUGuq4=,ThW6W2H18hl/JuAZQVcI5TKj0LA=
30,-45,V3c5TJc0GEAVuehkJqqtyiUGuq4=,ThW6W2H18hl/JuAZQVcI5TKj0LA=
30,-47,V3c5TJc0GEAVuehkJqqtyiUGuq4=,ThW6W2H18hl/JuAZQVcI5TKj0LA=
30,-52,V3c5TJc0GEAVuehkJqqtyiUGuq4=,ThW6W2H18hl/JuAZQVcI5TKj0LA=
31,-50,V3c5TJc0GEAVuehkJqqtyiUGuq4=,ThW6W2H18hl/JuAZQVcI5TKj0LA=
28,-36,w6AXF5Le5ap7IXK43gurnQm94js=,dbssTCAkTkWfFtHZrQ0U7O0Mptw=
28,-35,w6AXF5Le5ap7IXK43gurnQm94js=,dbssTCAkTkWfFtHZrQ0U7O0Mptw=
28,-40,w6AXF5Le5ap7IXK43gurnQm94js=,dbssTCAkTkWfFtHZrQ0U7O0Mptw=
28,-42,w6AXF5Le5ap7IXK43gurnQm94js=,ThW6W2H18hl/JuAZQVcI5TKj0LA=
28,-47,w6AXF5Le5ap7IXK43gurnQm94js=,ThW6W2H18hl/JuAZQVcI5TKj0LA=
28,-45,w6AXF5Le5ap7IXK43gurnQm94js=,ThW6W2H18hl/JuAZQVcI5TKj0LA=
28,-52,w6AXF5Le5ap7IXK43gurnQm94js=,ThW6W2H18hl/JuAZQVcI5TKj0LA=
28,-49,w6AXF5Le5ap7IXK43gurnQm94js=,ThW6W2H18hl/JuAZQVcI5TKj0LA=
26,-40,w6AXF5Le5ap7IXK43gurnQm94js=,dbssTCAkTkWfFtHZrQ0U7O0Mptw=
26,-42,GpcugZ/a7uUxhukzAhZ7Kbfjiq8=,ThW6W2H18hl/JuAZQVcI5TKj0LA=
24,-39,GpcugZ/a7uUxhukzAhZ7Kbfjiq8=,dbssTCAkTkWfFtHZrQ0U7O0Mptw=
24,-46,GpcugZ/a7uUxhukzAhZ7Kbfjiq8=,ThW6W2H18hl/JuAZQVcI5TKj0LA=
25,-37,dRUK0I22KbzyhzG0UmVg60CLxW0=,dbssTCAkTkWfFtHZrQ0U7O0Mptw=
25,-35,dRUK0I22KbzyhzG0UmVg60CLxW0=,dbssTCAkTkWfFtHZrQ0U7O0Mptw=
25,-47,dRUK0I22KbzyhzG0UmVg60CLxW0=,ThW6W2H18hl/JuAZQVcI5TKj0LA=
25,-44,dRUK0I22KbzyhzG0UmVg60CLxW0=,ThW6W2H18hl/JuAZQVcI5TKj0LA=
25,-52,dRUK0I22KbzyhzG0UmVg60CLxW0=,ThW6W2H18hl/JuAZQVcI5TKj0LA=
25,-50,dRUK0I22KbzyhzG0UmVg60CLxW0=,ThW6W2H18hl/JuAZQVcI5TKj0LA=
22,-42,dRUK0I22KbzyhzG0UmVg60CLxW0=,lPQFpKImhhnOYNieG1UX77DPCUE=
23,-44,aXFcpw/EOxKUXTCa1xC6weCT2RE=,lPQFpKImhhnOYNieG1UX77DPCUE=
23,-35,aXFcpw/EOxKUXTCa1xC6weCT2RE=,jTdFGRjh0zWzc5o5knF805YNRIs=
23,-37,aXFcpw/EOxKUXTCa1xC6weCT2RE=,jTdFGRjh0zWzc5o5knF805YNRIs=
23,-50,aXFcpw/EOxKUXTCa1xC6weCT2RE=,jTdFGRjh0zWzc5o5knF805YNRIs=
23,-52,aXFcpw/EOxKUXTCa1xC6weCT2RE=,jTdFGRjh0zWzc5o5knF805YNRIs=
20,-47,aXFcpw/EOxKUXTCa1xC6weCT2RE=,lPQFpKImhhnOYNieG1UX77DPCUE=
20,-35,aXFcpw/EOxKUXTCa1xC6weCT2RE=,jTdFGRjh0zWzc5o5knF805YNRIs=
20,-40,aXFcpw/EOxKUXTCa1xC6weCT2RE=,jTdFGRjh0zWzc5o5knF805YNRIs=
20,-37,aXFcpw/EOxKUXTCa1xC6weCT2RE=,jTdFGRjh0zWzc5o5knF805YNRIs=
20,-50,aXFcpw/EOxKUXTCa1xC6weCT2RE=,jTdFGRjh0zWzc5o5knF805YNRIs=
20,-53,aXFcpw/EOxKUXTCa1xC6weCT2RE=,jTdFGRjh0zWzc5o5knF805YNRIs=
21,-42,5sLkEjmDIpM607oUN1uemLUgg+g=,lPQFpKImhhnOYNieG1UX77DPCUE=
21,-45,5sLkEjmDIpM607oUN1uemLUgg+g=,lPQFpKImhhnOYNieG1UX77DPCUE=
18,-45,5sLkEjmDIpM607oUN1uemLUgg+g=,lPQFpKImhhnOYNieG1UX77DPCUE=
18,-43,5sLkEjmDIpM607oUN1uemLUgg+g=,lPQFpKImhhnOYNieG1UX77DPCUE=
18,-40,5sLkEjmDIpM607oUN1uemLUgg+g=,jTdFGRjh0zWzc5o5knF805YNRIs=
18,-35,5sLkEjmDIpM607oUN1uemLUgg+g=,jTdFGRjh0zWzc5o5knF805YNRIs=
18,-50,5sLkEjmDIpM607oUN1uemLUgg+g=,jTdFGRjh0zWzc5o5knF805YNRIs=
18,-52,5sLkEjmDIpM607oUN1uemLUgg+g=,jTdFGRjh0zWzc5o5knF805YNRIs=
16,-46,+XbdbD/IOOfPSLTtV1lO22uaHu4=,lPQFpKImhhnOYNieG1UX77DPCUE=
16,-44,+XbdbD/IOOfPSLTtV1lO22uaHu4=,lPQFpKImhhnOYNieG1UX77DPCUE=
17,-48,+XbdbD/IOOfPSLTtV1lO22uaHu4=,lPQFpKImhhnOYNieG1UX77DPCUE=
17,-37,+XbdbD/IOOfPSLTtV1lO22uaHu4=,jTdFGRjh0zWzc5o5knF805YNRIs=
14,-50,+XbdbD/IOOfPSLTtV1lO22uaHu4=,txazA57dMvUnZfvKJaCeA0+5g/Y=
15,-50,hDmkI9UGX/HMFo+a8PZ5x1yzhLg=,txazA57dMvUnZfvKJaCeA0+5g/Y=
15,-52,hDmkI9UGX/HMFo+a8PZ5x1yzhLg=,txazA57dMvUnZfvKJaCeA0+5g/Y=
15,-34,hDmkI9UGX/HMFo+a8PZ5x1yzhLg=,mPq3zWooNbJ/EzQ0WhmaVR65Juw=
15,-37,hDmkI9UGX/HMFo+a8PZ5x1yzhLg=,mPq3zWooNbJ/EzQ0WhmaVR65Juw=
15,-40,hDmkI9UGX/HMFo+a8PZ5x1yzhLg=,mPq3zWooNbJ/EzQ0WhmaVR65Juw=
15,-42,hDmkI9UGX/HMFo+a8PZ5x1yzhLg=,jpe31z3vaUsPz58cObje/yZg17E=
12,-39,N9WSFG1qUjrkX1Z3sSp6VNTuP4I=,mPq3zWooNbJ/EzQ0WhmaVR65Juw=
12,-44,N9WSFG1qUjrkX1Z3sSp6VNTuP4I=,jpe31z3vaUsPz58cObje/yZg17E=
12,-48,N9WSFG1qUjrkX1Z3sSp6VNTuP4I=,jpe31z3vaUsPz58cObje/yZg17E=
13,-52,N9WSFG1qUjrkX1Z3sSp6VNTuP4I=,txazA57dMvUnZfvKJaCeA0+5g/Y=
13,-35,N9WSFG1qUjrkX1Z3sSp6VNTuP4I=,mPq3zWooNbJ/EzQ0WhmaVR65Juw=
13,-37,ZDe5nDe4ElUxkIcLqgZWfKO4+XY=,mPq3zWooNbJ/EzQ0WhmaVR65Juw=
13,-42,ZDe5nDe4ElUxkIcLqgZWfKO4+XY=,jpe31z3vaUsPz58cObje/yZg17E=
10,-52,ZDe5nDe4ElUxkIcLqgZWfKO4+XY=,txazA57dMvUnZfvKJaCeA0+5g/Y=
10,-37,ZDe5nDe4ElUxkIcLqgZWfKO4+XY=,imSyqv8ELQN2DK/QTnOKyAObREw=
10,-40,ZDe5nDe4ElUxkIcLqgZWfKO4+XY=,mPq3zWooNbJ/EzQ0WhmaVR65Juw=
10,-43,ZDe5nDe4ElUxkIcLqgZWfKO4+XY=,jpe31z3vaUsPz58cObje/yZg17E=
11,-50,/ddfyFmhxL4GF1bguKeAxrk0THc=,txazA57dMvUnZfvKJaCeA0+5g/Y=
11,-35,/ddfyFmhxL4GF1bguKeAxrk0THc=,mPq3zWooNbJ/EzQ0WhmaVR65Juw=
11,-45,/ddfyFmhxL4GF1bguKeAxrk0THc=,jpe31z3vaUsPz58cObje/yZg17E=
11,-47,/ddfyFmhxL4GF1bguKeAxrk0THc=,jpe31z3vaUsPz58cObje/yZg17E=
8,-52,/ddfyFmhxL4GF1bguKeAxrk0THc=,txazA57dMvUnZfvKJaCeA0+5g/Y=
8,-49,/ddfyFmhxL4GF1bguKeAxrk0THc=,txazA57dMvUnZfvKJaCeA0+5g/Y=
8,-40,/ddfyFmhxL4GF1bguKeAxrk0THc=,mPq3zWooNbJ/EzQ0WhmaVR65Juw=
8,-37,/ddfyFmhxL4GF1bguKeAxrk0THc=,mPq3zWooNbJ/EzQ0WhmaVR65Juw=
8,-34,/ddfyFmhxL4GF1bguKeAxrk0THc=,mPq3zWooNbJ/EzQ0WhmaVR65Juw=
8,-47,/ddfyFmhxL4GF1bguKeAxrk0THc=,jpe31z3vaUsPz58cObje/yZg17E=
8,-45,OtTrKAwdILh9XeSC51x3lbK77Lo=,jpe31z3vaUsPz58cObje/yZg17E=
8,-42,OtTrKAwdILh9XeSC51x3lbK77Lo=,jpe31z3vaUsPz58cObje/yZg17E=
6,-43,OtTrKAwdILh9XeSC51x3lbK77Lo=,k4OaW1oKWS3bWQjt3D3Sur/MLAo=
6,-48,OtTrKAwdILh9XeSC51x3lbK77Lo=,k4OaW1oKWS3bWQjt3D3Sur/MLAo=
6,-35,+cbDFoGajWSEOP9jT1zm8dYHV8U=,RdFb7MsaRr2qdLXAvQ4oxQbppvA=
6,-39,+cbDFoGajWSEOP9jT1zm8dYHV8U=,RdFb7MsaRr2qdLXAvQ4oxQbppvA=
5,-52,1p9G51qOg0rgAr6hfWvFxxWcS3M=,6BSI49sv8pC6SrrXnOrNJSyFxQg=
5,-50,1p9G51qOg0rgAr6hfWvFxxWcS3M=,6BSI49sv8pC6SrrXnOrNJSyFxQg=
5,-45,1p9G51qOg0rgAr6hfWvFxxWcS3M=,k4OaW1oKWS3bWQjt3D3Sur/MLAo=
5,-33,1p9G51qOg0rgAr6hfWvFxxWcS3M=,RdFb7MsaRr2qdLXAvQ4oxQbppvA=
5,-37,mm/gnIxVgKkDFhSiVLNUiMjn+vU=,RdFb7MsaRr2qdLXAvQ4oxQbppvA=
3,-50,1WPPFm4hasGvnlv2ybM/xV4PG8U=,6BSI49sv8pC6SrrXnOrNJSyFxQg=
3,-52,1WPPFm4hasGvnlv2ybM/xV4PG8U=,6BSI49sv8pC6SrrXnOrNJSyFxQg=
3,-45,1WPPFm4hasGvnlv2ybM/xV4PG8U=,k4OaW1oKWS3bWQjt3D3Sur/MLAo=
3,-47,1WPPFm4hasGvnlv2ybM/xV4PG8U=,k4OaW1oKWS3bWQjt3D3Sur/MLAo=
3,-42,1WPPFm4hasGvnlv2ybM/xV4PG8U=,k4OaW1oKWS3bWQjt3D3Sur/MLAo=
3,-37,1WPPFm4hasGvnlv2ybM/xV4PG8U=,RdFb7MsaRr2qdLXAvQ4oxQbppvA=
3,-39,1WPPFm4hasGvnlv2ybM/xV4PG8U=,RdFb7MsaRr2qdLXAvQ4oxQbppvA=
3,-35,1WPPFm4hasGvnlv2ybM/xV4PG8U=,RdFb7MsaRr2qdLXAvQ4oxQbppvA=
0,-52,1WPPFm4hasGvnlv2ybM/xV4PG8U=,6BSI49sv8pC6SrrXnOrNJSyFxQg=
0,-50,1WPPFm4hasGvnlv2ybM/xV4PG8U=,6BSI49sv8pC6SrrXnOrNJSyFxQg=
0,-44,1WPPFm4hasGvnlv2ybM/xV4PG8U=,k4OaW1oKWS3bWQjt3D3Sur/MLAo=
0,-42,1WPPFm4hasGvnlv2ybM/xV4PG8U=,k4OaW1oKWS3bWQjt3D3Sur/MLAo=
0,-34,aBrnP8PEmy00Lqkau7KKclAEu2g=,RdFb7MsaRr2qdLXAvQ4oxQbppvA=
1,-47,aBrnP8PEmy00Lqkau7KKclAEu2g=,k4OaW1oKWS3bWQjt3D3Sur/MLAo=
1,-40,aBrnP8PEmy00Lqkau7KKclAEu2g=,RdFb7MsaRr2qdLXAvQ4oxQbppvA=
1,-37,aBrnP8PEmy00Lqkau7KKclAEu2g=,RdFb7MsaRr2qdLXAvQ4oxQbppvA=
1,-33,aBrnP8PEmy00Lqkau7KKclAEu2g=,RdFb7MsaRr2qdLXAvQ4oxQbppvA=
