328,161,yUvRMcTNOTjSJTPLPW6P9zmw6OI=,nWC4Z8VPt4YbyxJp5blPm/MPMpI=
335,164,yUvRMcTNOTjSJTPLPW6P9zmw6OI=,nWC4Z8VPt4YbyxJp5blPm/MPMpI=
335,160,yUvRMcTNOTjSJTPLPW6P9zmw6OI=,nWC4Z8VPt4YbyxJp5blPm/MPMpI=
333,160,yUvRMcTNOTjSJTPLPW6P9zmw6OI=,nWC4Z8VPt4YbyxJp5blPm/MPMpI=
335,163,yUvRMcTNOTjSJTPLPW6P9zmw6OI=,nWC4Z8VPt4YbyxJp5blPm/MPMpI=
334,164,yUvRMcTNOTjSJTPLPW6P9zmw6OI=,nWC4Z8VPt4YbyxJp5blPm/MPMpI=
333,164,yUvRMcTNOTjSJTPLPW6P9zmw6OI=,nWC4Z8VPt4YbyxJp5blPm/MPMpI=
335,162,yUvRMcTNOTjSJTPLPW6P9zmw6OI=,nWC4Z8VPt4YbyxJp5blPm/MPMpI=
334,162,yUvRMcTNOTjSJTPLPW6P9zmw6OI=,nWC4Z8VPt4YbyxJp5blPm/MPMpI=
331,160,yUvRMcTNOTjSJTPLPW6P9zmw6OI=,nWC4Z8VPt4YbyxJp5blPm/MPMpI=
334,163,yUvRMcTNOTjSJTPLPW6P9zmw6OI=,nWC4Z8VPt4YbyxJp5blPm/MPMpI=
332,164,yUvRMcTNOTjSJTPLPW6P9zmw6OI=,nWC4Z8VPt4YbyxJp5blPm/MPMpI=
331,164,yUvRMcTNOTjSJTPLPW6P9zmw6OI=,nWC4Z8VPt4YbyxJp5blPm/MPMpI=
334,160,yUvRMcTNOTjSJTPLPW6P9zmw6OI=,nWC4Z8VPt4YbyxJp5blPm/MPMpI=
333,163,yUvRMcTNOTjSJTPLPW6P9zmw6OI=,nWC4Z8VPt4YbyxJp5blPm/MPMpI=
332,163,yUvRMcTNOTjSJTPLPW6P9zmw6OI=,nWC4Z8VPt4YbyxJp5blPm/MPMpI=
335,161,yUvRMcTNOTjSJTPLPW6P9zmw6OI=,nWC4Z8VPt4YbyxJp5blPm/MPMpI=
330,164,yUvRMcTNOTjSJTPLPW6P9zmw6OI=,nWC4Z8VPt4YbyxJp5blPm/MPMpI=
331,163,yUvRMcTNOTjSJTPLPW6P9zmw6OI=,nWC4Z8VPt4YbyxJp5blPm/MPMpI=
334,161,yUvRMcTNOTjSJTPLPW6P9zmw6OI=,nWC4Z8VPt4YbyxJp5blPm/MPMpI=
329,160,yUvRMcTNOTjSJTPLPW6P9zmw6OI=,nWC4Z8VPt4YbyxJp5blPm/MPMpI=
332,160,yUvRMcTNOTjSJTPLPW6P9zmw6OI=,nWC4Z8VPt4YbyxJp5blPm/MPMpI=
330,163,yUvRMcTNOTjSJTPLPW6P9zmw6OI=,nWC4Z8VPt4YbyxJp5blPm/MPMpI=
335,167,yUvRMcTNOTjSJTPLPW6P9zmw6OI=,nWC4Z8VPt4YbyxJp5blPm/MPMpI=
333,162,yUvRMcTNOTjSJTPLPW6P9zmw6OI=,nWC4Z8VPt4YbyxJp5blPm/MPMpI=
329,163,yUvRMcTNOTjSJTPLPW6P9zmw6OI=,nWC4Z8VPt4YbyxJp5blPm/MPMpI=
334,167,yUvRMcTNOTjSJTPLPW6P9zmw6OI=,nWC4Z8VPt4YbyxJp5blPm/MPMpI=
333,167,yUvRMcTNOTjSJTPLPW6P9zmw6OI=,nWC4Z8VPt4YbyxJp5blPm/MPMpI=
332,162,yUvRMcTNOTjSJTPLPW6P9zmw6OI=,nWC4Z8VPt4YbyxJp5blPm/MPMpI=
331,167,yUvRMcTNOTjSJTPLPW6P9zmw6OI=,nWC4Z8VPt4YbyxJp5blPm/MPMpI=
331,162,yUvRMcTNOTjSJTPLPW6P9zmw6OI=,nWC4Z8VPt4YbyxJp5blPm/MPMpI=
332,167,yUvRMcTNOTjSJTPLPW6P9zmw6OI=,nWC4Z8VPt4YbyxJp5blPm/MPMpI=
330,162,yUvRMcTNOTjSJTPLPW6P9zmw6OI=,nWC4Z8VPt4YbyxJp5blPm/MPMpI=
330,167,yUvRMcTNOTjSJTPLPW6P9zmw6OI=,nWC4Z8VPt4YbyxJp5blPm/MPMpI=
329,162,yUvRMcTNOTjSJTPLPW6P9zmw6OI=,nWC4Z8VPt4YbyxJp5blPm/MPMpI=
328,162,yUvRMcTNOTjSJTPLPW6P9zmw6OI=,nWC4Z8VPt4YbyxJp5blPm/MPMpI=
329,167,yUvRMcTNOTjSJTPLPW6P9zmw6OI=,nWC4Z8VPt4YbyxJp5blPm/MPMpI=
328,163,yUvRMcTNOTjSJTPLPW6P9zmw6OI=,nWC4Z8VPt4YbyxJp5blPm/MPMpI=
333,161,yUvRMcTNOTjSJTPLPW6P9zmw6OI=,nWC4Z8VPt4YbyxJp5blPm/MPMpI=
330,160,yUvRMcTNOTjSJTPLPW6P9zmw6OI=,nWC4Z8VPt4YbyxJp5blPm/MPMpI=
332,161,yUvRMcTNOTjSJTPLPW6P9zmw6OI=,nWC4Z8VPt4YbyxJp5blPm/MPMpI=
328,167,yUvRMcTNOTjSJTPLPW6P9zmw6OI=,nWC4Z8VPt4YbyxJp5blPm/MPMpI=
335,166,yUvRMcTNOTjSJTPLPW6P9zmw6OI=,nWC4Z8VPt4YbyxJp5blPm/MPMpI=
329,164,yUvRMcTNOTjSJTPLPW6P9zmw6OI=,nWC4Z8VPt4YbyxJp5blPm/MPMpI=
334,166,yUvRMcTNOTjSJTPLPW6P9zmw6OI=,nWC4Z8VPt4YbyxJp5blPm/MPMpI=
333,166,yUvRMcTNOTjSJTPLPW6P9zmw6OI=,nWC4Z8VPt4YbyxJp5blPm/MPMpI=
332,166,yUvRMcTNOTjSJTPLPW6P9zmw6OI=,nWC4Z8VPt4YbyxJp5blPm/MPMpI=
331,166,yUvRMcTNOTjSJTPLPW6P9zmw6OI=,nWC4Z8VPt4YbyxJp5blPm/MPMpI=
330,166,yUvRMcTNOTjSJTPLPW6P9zmw6OI=,nWC4Z8VPt4YbyxJp5blPm/MPMpI=
329,166,yUvRMcTNOTjSJTPLPW6P9zmw6OI=,nWC4Z8VPt4YbyxJp5blPm/MPMpI=
331,161,yUvRMcTNOTjSJTPLPW6P9zmw6OI=,nWC4Z8VPt4YbyxJp5blPm/MPMpI=
328,166,yUvRMcTNOTjSJTPLPW6P9zmw6OI=,nWC4Z8VPt4YbyxJp5blPm/MPMpI=
328,164,yUvRMcTNOTjSJTPLPW6P9zmw6OI=,nWC4Z8VPt4YbyxJp5blPm/MPMpI=
335,165,yUvRMcTNOTjSJTPLPW6P9zmw6OI=,nWC4Z8VPt4YbyxJp5blPm/MPMpI=
330,161,yUvRMcTNOTjSJTPLPW6P9zmw6OI=,nWC4Z8VPt4YbyxJp5blPm/MPMpI=
328,160,yUvRMcTNOTjSJTPLPW6P9zmw6OI=,nWC4Z8VPt4YbyxJp5blPm/MPMpI=
334,165,yUvRMcTNOTjSJTPLPW6P9zmw6OI=,nWC4Z8VPt4YbyxJp5blPm/MPMpI=
333,165,yUvRMcTNOTjSJTPLPW6P9zmw6OI=,nWC4Z8VPt4YbyxJp5blPm/MPMpI=
332,165,yUvRMcTNOTjSJTPLPW6P9zmw6OI=,nWC4Z8VPt4YbyxJp5blPm/MPMpI=
331,165,yUvRMcTNOTjSJTPLPW6P9zmw6OI=,nWC4Z8VPt4YbyxJp5blPm/MPMpI=
330,165,yUvRMcTNOTjSJTPLPW6P9zmw6OI=,nWC4Z8VPt4YbyxJp5blPm/MPMpI=
329,165,yUvRMcTNOTjSJTPLPW6P9zmw6OI=,nWC4Z8VPt4YbyxJp5blPm/MPMpI=
329,161,yUvRMcTNOTjSJTPLPW6P9zmw6OI=,nWC4Z8VPt4YbyxJp5blPm/MPMpI=
328,165,yUvRMcTNOTjSJTPLPW6P9zmw6OI=,nWC4Z8VPt4YbyxJp5blPm/MPMpI=
335,180,4GVXatk5osisep8q4izwurYBny0=,nHhmpgTfwjNyi6hnK8d0aaMXfOk=
328,177,4GVXatk5osisep8q4izwurYBny0=,nHhmpgTfwjNyi6hnK8d0aaMXfOk=
335,176,4GVXatk5osisep8q4izwurYBny0=,nHhmpgTfwjNyi6hnK8d0aaMXfOk=
333,176,4GVXatk5osisep8q4izwurYBny0=,nHhmpgTfwjNyi6hnK8d0aaMXfOk=
335,179,4GVXatk5osisep8q4izwurYBny0=,nHhmpgTfwjNyi6hnK8d0aaMXfOk=
334,180,4GVXatk5osisep8q4izwurYBny0=,nHhmpgTfwjNyi6hnK8d0aaMXfOk=
335,178,4GVXatk5osisep8q4izwurYBny0=,nHhmpgTfwjNyi6hnK8d0aaMXfOk=
333,180,4GVXatk5osisep8q4izwurYBny0=,nHhmpgTfwjNyi6hnK8d0aaMXfOk=
334,178,4GVXatk5osisep8q4izwurYBny0=,nHhmpgTfwjNyi6hnK8d0aaMXfOk=
334,179,4GVXatk5osisep8q4izwurYBny0=,nHhmpgTfwjNyi6hnK8d0aaMXfOk=
331,176,4GVXatk5osisep8q4izwurYBny0=,nHhmpgTfwjNyi6hnK8d0aaMXfOk=
332,180,4GVXatk5osisep8q4izwurYBny0=,nHhmpgTfwjNyi6hnK8d0aaMXfOk=
331,180,4GVXatk5osisep8q4izwurYBny0=,nHhmpgTfwjNyi6hnK8d0aaMXfOk=
333,179,4GVXatk5osisep8q4izwurYBny0=,nHhmpgTfwjNyi6hnK8d0aaMXfOk=
334,176,4GVXatk5osisep8q4izwurYBny0=,nHhmpgTfwjNyi6hnK8d0aaMXfOk=
332,179,4GVXatk5osisep8q4izwurYBny0=,nHhmpgTfwjNyi6hnK8d0aaMXfOk=
330,180,4GVXatk5osisep8q4izwurYBny0=,nHhmpgTfwjNyi6hnK8d0aaMXfOk=
335,177,4GVXatk5osisep8q4izwurYBny0=,nHhmpgTfwjNyi6hnK8d0aaMXfOk=
331,179,4GVXatk5osisep8q4izwurYBny0=,nHhmpgTfwjNyi6hnK8d0aaMXfOk=
330,179,4GVXatk5osisep8q4izwurYBny0=,nHhmpgTfwjNyi6hnK8d0aaMXfOk=
334,177,4GVXatk5osisep8q4izwurYBny0=,nHhmpgTfwjNyi6hnK8d0aaMXfOk=
329,179,4GVXatk5osisep8q4izwurYBny0=,nHhmpgTfwjNyi6hnK8d0aaMXfOk=
329,176,4GVXatk5osisep8q4izwurYBny0=,nHhmpgTfwjNyi6hnK8d0aaMXfOk=
332,176,4GVXatk5osisep8q4izwurYBny0=,nHhmpgTfwjNyi6hnK8d0aaMXfOk=
335,183,4GVXatk5osisep8q4izwurYBny0=,nHhmpgTfwjNyi6hnK8d0aaMXfOk=
333,178,4GVXatk5osisep8q4izwurYBny0=,nHhmpgTfwjNyi6hnK8d0aaMXfOk=
334,183,4GVXatk5osisep8q4izwurYBny0=,nHhmpgTfwjNyi6hnK8d0aaMXfOk=
332,178,4GVXatk5osisep8q4izwurYBny0=,nHhmpgTfwjNyi6hnK8d0aaMXfOk=
331,178,4GVXatk5osisep8q4izwurYBny0=,nHhmpgTfwjNyi6hnK8d0aaMXfOk=
333,183,4GVXatk5osisep8q4izwurYBny0=,nHhmpgTfwjNyi6hnK8d0aaMXfOk=
332,183,4GVXatk5osisep8q4izwurYBny0=,nHhmpgTfwjNyi6hnK8d0aaMXfOk=
330,178,4GVXatk5osisep8q4izwurYBny0=,nHhmpgTfwjNyi6hnK8d0aaMXfOk=
331,183,4GVXatk5osisep8q4izwurYBny0=,nHhmpgTfwjNyi6hnK8d0aaMXfOk=
330,183,4GVXatk5osisep8q4izwurYBny0=,nHhmpgTfwjNyi6hnK8d0aaMXfOk=
329,178,4GVXatk5osisep8q4izwurYBny0=,nHhmpgTfwjNyi6hnK8d0aaMXfOk=
328,178,4GVXatk5osisep8q4izwurYBny0=,nHhmpgTfwjNyi6hnK8d0aaMXfOk=
333,177,4GVXatk5osisep8q4izwurYBny0=,nHhmpgTfwjNyi6hnK8d0aaMXfOk=
329,183,4GVXatk5osisep8q4izwurYBny0=,nHhmpgTfwjNyi6hnK8d0aaMXfOk=
332,177,4GVXatk5osisep8q4izwurYBny0=,nHhmpgTfwjNyi6hnK8d0aaMXfOk=
328,179,4GVXatk5osisep8q4izwurYBny0=,nHhmpgTfwjNyi6hnK8d0aaMXfOk=
328,183,4GVXatk5osisep8q4izwurYBny0=,nHhmpgTfwjNyi6hnK8d0aaMXfOk=
335,182,4GVXatk5osisep8q4izwurYBny0=,nHhmpgTfwjNyi6hnK8d0aaMXfOk=
329,180,4GVXatk5osisep8q4izwurYBny0=,nHhmpgTfwjNyi6hnK8d0aaMXfOk=
330,176,4GVXatk5osisep8q4izwurYBny0=,nHhmpgTfwjNyi6hnK8d0aaMXfOk=
333,182,4GVXatk5osisep8q4izwurYBny0=,nHhmpgTfwjNyi6hnK8d0aaMXfOk=
332,182,4GVXatk5osisep8q4izwurYBny0=,nHhmpgTfwjNyi6hnK8d0aaMXfOk=
331,182,4GVXatk5osisep8q4izwurYBny0=,nHhmpgTfwjNyi6hnK8d0aaMXfOk=
334,182,4GVXatk5osisep8q4izwurYBny0=,nHhmpgTfwjNyi6hnK8d0aaMXfOk=
330,182,4GVXatk5osisep8q4izwurYBny0=,nHhmpgTfwjNyi6hnK8d0aaMXfOk=
328,182,4GVXatk5osisep8q4izwurYBny0=,nHhmpgTfwjNyi6hnK8d0aaMXfOk=
329,182,4GVXatk5osisep8q4izwurYBny0=,nHhmpgTfwjNyi6hnK8d0aaMXfOk=
331,177,4GVXatk5osisep8q4izwurYBny0=,nHhmpgTfwjNyi6hnK8d0aaMXfOk=
330,177,4GVXatk5osisep8q4izwurYBny0=,nHhmpgTfwjNyi6hnK8d0aaMXfOk=
328,180,4GVXatk5osisep8q4izwurYBny0=,nHhmpgTfwjNyi6hnK8d0aaMXfOk=
328,176,4GVXatk5osisep8q4izwurYBny0=,nHhmpgTfwjNyi6hnK8d0aaMXfOk=
335,181,4GVXatk5osisep8q4izwurYBny0=,nHhmpgTfwjNyi6hnK8d0aaMXfOk=
333,181,4GVXatk5osisep8q4izwurYBny0=,nHhmpgTfwjNyi6hnK8d0aaMXfOk=
334,181,4GVXatk5osisep8q4izwurYBny0=,nHhmpgTfwjNyi6hnK8d0aaMXfOk=
331,181,4GVXatk5osisep8q4izwurYBny0=,nHhmpgTfwjNyi6hnK8d0aaMXfOk=
332,181,4GVXatk5osisep8q4izwurYBny0=,nHhmpgTfwjNyi6hnK8d0aaMXfOk=
330,181,4GVXatk5osisep8q4izwurYBny0=,nHhmpgTfwjNyi6hnK8d0aaMXfOk=
329,181,4GVXatk5osisep8q4izwurYBny0=,nHhmpgTfwjNyi6hnK8d0aaMXfOk=
329,177,4GVXatk5osisep8q4izwurYBny0=,nHhmpgTfwjNyi6hnK8d0aaMXfOk=
328,181,4GVXatk5osisep8q4izwurYBny0=,nHhmpgTfwjNyi6hnK8d0aaMXfOk=
350,179,R9ypEf6ZiuZQIkwEQ2qCQhX92pQ=,5RisqMFPdn9ilLc7JbyzA3eBblM=
351,178,R9ypEf6ZiuZQIkwEQ2qCQhX92pQ=,5RisqMFPdn9ilLc7JbyzA3eBblM=
350,177,R9ypEf6ZiuZQIkwEQ2qCQhX92pQ=,5RisqMFPdn9ilLc7JbyzA3eBblM=
350,176,R9ypEf6ZiuZQIkwEQ2qCQhX92pQ=,5RisqMFPdn9ilLc7JbyzA3eBblM=
351,179,R9ypEf6ZiuZQIkwEQ2qCQhX92pQ=,5RisqMFPdn9ilLc7JbyzA3eBblM=
346,176,R9ypEf6ZiuZQIkwEQ2qCQhX92pQ=,5RisqMFPdn9ilLc7JbyzA3eBblM=
351,176,R9ypEf6ZiuZQIkwEQ2qCQhX92pQ=,5RisqMFPdn9ilLc7JbyzA3eBblM=
344,180,R9ypEf6ZiuZQIkwEQ2qCQhX92pQ=,5RisqMFPdn9ilLc7JbyzA3eBblM=
345,180,R9ypEf6ZiuZQIkwEQ2qCQhX92pQ=,5RisqMFPdn9ilLc7JbyzA3eBblM=
346,180,R9ypEf6ZiuZQIkwEQ2qCQhX92pQ=,5RisqMFPdn9ilLc7JbyzA3eBblM=
347,180,R9ypEf6ZiuZQIkwEQ2qCQhX92pQ=,5RisqMFPdn9ilLc7JbyzA3eBblM=
348,180,R9ypEf6ZiuZQIkwEQ2qCQhX92pQ=,5RisqMFPdn9ilLc7JbyzA3eBblM=
349,180,R9ypEf6ZiuZQIkwEQ2qCQhX92pQ=,5RisqMFPdn9ilLc7JbyzA3eBblM=
350,180,R9ypEf6ZiuZQIkwEQ2qCQhX92pQ=,5RisqMFPdn9ilLc7JbyzA3eBblM=
351,177,R9ypEf6ZiuZQIkwEQ2qCQhX92pQ=,5RisqMFPdn9ilLc7JbyzA3eBblM=
344,178,R9ypEf6ZiuZQIkwEQ2qCQhX92pQ=,5RisqMFPdn9ilLc7JbyzA3eBblM=
351,180,R9ypEf6ZiuZQIkwEQ2qCQhX92pQ=,5RisqMFPdn9ilLc7JbyzA3eBblM=
344,177,R9ypEf6ZiuZQIkwEQ2qCQhX92pQ=,5RisqMFPdn9ilLc7JbyzA3eBblM=
344,181,R9ypEf6ZiuZQIkwEQ2qCQhX92pQ=,5RisqMFPdn9ilLc7JbyzA3eBblM=
345,181,R9ypEf6ZiuZQIkwEQ2qCQhX92pQ=,5RisqMFPdn9ilLc7JbyzA3eBblM=
346,181,R9ypEf6ZiuZQIkwEQ2qCQhX92pQ=,5RisqMFPdn9ilLc7JbyzA3eBblM=
344,176,R9ypEf6ZiuZQIkwEQ2qCQhX92pQ=,5RisqMFPdn9ilLc7JbyzA3eBblM=
347,181,R9ypEf6ZiuZQIkwEQ2qCQhX92pQ=,5RisqMFPdn9ilLc7JbyzA3eBblM=
348,181,R9ypEf6ZiuZQIkwEQ2qCQhX92pQ=,5RisqMFPdn9ilLc7JbyzA3eBblM=
345,178,R9ypEf6ZiuZQIkwEQ2qCQhX92pQ=,5RisqMFPdn9ilLc7JbyzA3eBblM=
349,181,R9ypEf6ZiuZQIkwEQ2qCQhX92pQ=,5RisqMFPdn9ilLc7JbyzA3eBblM=
346,178,R9ypEf6ZiuZQIkwEQ2qCQhX92pQ=,5RisqMFPdn9ilLc7JbyzA3eBblM=
344,179,R9ypEf6ZiuZQIkwEQ2qCQhX92pQ=,5RisqMFPdn9ilLc7JbyzA3eBblM=
345,177,R9ypEf6ZiuZQIkwEQ2qCQhX92pQ=,5RisqMFPdn9ilLc7JbyzA3eBblM=
350,181,R9ypEf6ZiuZQIkwEQ2qCQhX92pQ=,5RisqMFPdn9ilLc7JbyzA3eBblM=
351,181,R9ypEf6ZiuZQIkwEQ2qCQhX92pQ=,5RisqMFPdn9ilLc7JbyzA3eBblM=
344,182,R9ypEf6ZiuZQIkwEQ2qCQhX92pQ=,5RisqMFPdn9ilLc7JbyzA3eBblM=
345,182,R9ypEf6ZiuZQIkwEQ2qCQhX92pQ=,5RisqMFPdn9ilLc7JbyzA3eBblM=
346,182,R9ypEf6ZiuZQIkwEQ2qCQhX92pQ=,5RisqMFPdn9ilLc7JbyzA3eBblM=
347,182,R9ypEf6ZiuZQIkwEQ2qCQhX92pQ=,5RisqMFPdn9ilLc7JbyzA3eBblM=
348,182,R9ypEf6ZiuZQIkwEQ2qCQhX92pQ=,5RisqMFPdn9ilLc7JbyzA3eBblM=
347,178,R9ypEf6ZiuZQIkwEQ2qCQhX92pQ=,5RisqMFPdn9ilLc7JbyzA3eBblM=
346,177,R9ypEf6ZiuZQIkwEQ2qCQhX92pQ=,5RisqMFPdn9ilLc7JbyzA3eBblM=
348,176,R9ypEf6ZiuZQIkwEQ2qCQhX92pQ=,5RisqMFPdn9ilLc7JbyzA3eBblM=
349,182,R9ypEf6ZiuZQIkwEQ2qCQhX92pQ=,5RisqMFPdn9ilLc7JbyzA3eBblM=
350,182,R9ypEf6ZiuZQIkwEQ2qCQhX92pQ=,5RisqMFPdn9ilLc7JbyzA3eBblM=
351,182,R9ypEf6ZiuZQIkwEQ2qCQhX92pQ=,5RisqMFPdn9ilLc7JbyzA3eBblM=
344,183,R9ypEf6ZiuZQIkwEQ2qCQhX92pQ=,5RisqMFPdn9ilLc7JbyzA3eBblM=
345,183,R9ypEf6ZiuZQIkwEQ2qCQhX92pQ=,5RisqMFPdn9ilLc7JbyzA3eBblM=
346,183,R9ypEf6ZiuZQIkwEQ2qCQhX92pQ=,5RisqMFPdn9ilLc7JbyzA3eBblM=
347,183,R9ypEf6ZiuZQIkwEQ2qCQhX92pQ=,5RisqMFPdn9ilLc7JbyzA3eBblM=
348,178,R9ypEf6ZiuZQIkwEQ2qCQhX92pQ=,5RisqMFPdn9ilLc7JbyzA3eBblM=
345,176,R9ypEf6ZiuZQIkwEQ2qCQhX92pQ=,5RisqMFPdn9ilLc7JbyzA3eBblM=
347,177,R9ypEf6ZiuZQIkwEQ2qCQhX92pQ=,5RisqMFPdn9ilLc7JbyzA3eBblM=
349,177,R9ypEf6ZiuZQIkwEQ2qCQhX92pQ=,5RisqMFPdn9ilLc7JbyzA3eBblM=
348,177,R9ypEf6ZiuZQIkwEQ2qCQhX92pQ=,5RisqMFPdn9ilLc7JbyzA3eBblM=
345,179,R9ypEf6ZiuZQIkwEQ2qCQhX92pQ=,5RisqMFPdn9ilLc7JbyzA3eBblM=
346,179,R9ypEf6ZiuZQIkwEQ2qCQhX92pQ=,5RisqMFPdn9ilLc7JbyzA3eBblM=
348,183,R9ypEf6ZiuZQIkwEQ2qCQhX92pQ=,5RisqMFPdn9ilLc7JbyzA3eBblM=
349,183,R9ypEf6ZiuZQIkwEQ2qCQhX92pQ=,5RisqMFPdn9ilLc7JbyzA3eBblM=
350,183,R9ypEf6ZiuZQIkwEQ2qCQhX92pQ=,5RisqMFPdn9ilLc7JbyzA3eBblM=
351,183,R9ypEf6ZiuZQIkwEQ2qCQhX92pQ=,5RisqMFPdn9ilLc7JbyzA3eBblM=
347,179,R9ypEf6ZiuZQIkwEQ2qCQhX92pQ=,5RisqMFPdn9ilLc7JbyzA3eBblM=
347,176,R9ypEf6ZiuZQIkwEQ2qCQhX92pQ=,5RisqMFPdn9ilLc7JbyzA3eBblM=
349,178,R9ypEf6ZiuZQIkwEQ2qCQhX92pQ=,5RisqMFPdn9ilLc7JbyzA3eBblM=
350,178,R9ypEf6ZiuZQIkwEQ2qCQhX92pQ=,5RisqMFPdn9ilLc7JbyzA3eBblM=
349,176,R9ypEf6ZiuZQIkwEQ2qCQhX92pQ=,5RisqMFPdn9ilLc7JbyzA3eBblM=
348,179,R9ypEf6ZiuZQIkwEQ2qCQhX92pQ=,5RisqMFPdn9ilLc7JbyzA3eBblM=
349,179,R9ypEf6ZiuZQIkwEQ2qCQhX92pQ=,5RisqMFPdn9ilLc7JbyzA3eBblM=
349,160,usXEKtZxV6+UIq1nk5Bs7ON2ybw=,9mWxOT5i0jLCE5iHsxlYv3ftvS4=
350,162,usXEKtZxV6+UIq1nk5Bs7ON2ybw=,9mWxOT5i0jLCE5iHsxlYv3ftvS4=
351,163,usXEKtZxV6+UIq1nk5Bs7ON2ybw=,9mWxOT5i0jLCE5iHsxlYv3ftvS4=
350,161,usXEKtZxV6+UIq1nk5Bs7ON2ybw=,9mWxOT5i0jLCE5iHsxlYv3ftvS4=
351,162,usXEKtZxV6+UIq1nk5Bs7ON2ybw=,9mWxOT5i0jLCE5iHsxlYv3ftvS4=
351,161,usXEKtZxV6+UIq1nk5Bs7ON2ybw=,9mWxOT5i0jLCE5iHsxlYv3ftvS4=
346,160,usXEKtZxV6+UIq1nk5Bs7ON2ybw=,9mWxOT5i0jLCE5iHsxlYv3ftvS4=
350,160,usXEKtZxV6+UIq1nk5Bs7ON2ybw=,9mWxOT5i0jLCE5iHsxlYv3ftvS4=
344,164,usXEKtZxV6+UIq1nk5Bs7ON2ybw=,9mWxOT5i0jLCE5iHsxlYv3ftvS4=
345,164,usXEKtZxV6+UIq1nk5Bs7ON2ybw=,9mWxOT5i0jLCE5iHsxlYv3ftvS4=
346,164,usXEKtZxV6+UIq1nk5Bs7ON2ybw=,9mWxOT5i0jLCE5iHsxlYv3ftvS4=
347,164,usXEKtZxV6+UIq1nk5Bs7ON2ybw=,9mWxOT5i0jLCE5iHsxlYv3ftvS4=
348,164,usXEKtZxV6+UIq1nk5Bs7ON2ybw=,9mWxOT5i0jLCE5iHsxlYv3ftvS4=
349,164,usXEKtZxV6+UIq1nk5Bs7ON2ybw=,9mWxOT5i0jLCE5iHsxlYv3ftvS4=
344,163,usXEKtZxV6+UIq1nk5Bs7ON2ybw=,9mWxOT5i0jLCE5iHsxlYv3ftvS4=
351,160,usXEKtZxV6+UIq1nk5Bs7ON2ybw=,9mWxOT5i0jLCE5iHsxlYv3ftvS4=
345,163,usXEKtZxV6+UIq1nk5Bs7ON2ybw=,9mWxOT5i0jLCE5iHsxlYv3ftvS4=
344,161,usXEKtZxV6+UIq1nk5Bs7ON2ybw=,9mWxOT5i0jLCE5iHsxlYv3ftvS4=
345,161,usXEKtZxV6+UIq1nk5Bs7ON2ybw=,9mWxOT5i0jLCE5iHsxlYv3ftvS4=
350,164,usXEKtZxV6+UIq1nk5Bs7ON2ybw=,9mWxOT5i0jLCE5iHsxlYv3ftvS4=
351,164,usXEKtZxV6+UIq1nk5Bs7ON2ybw=,9mWxOT5i0jLCE5iHsxlYv3ftvS4=
344,160,usXEKtZxV6+UIq1nk5Bs7ON2ybw=,9mWxOT5i0jLCE5iHsxlYv3ftvS4=
344,165,usXEKtZxV6+UIq1nk5Bs7ON2ybw=,9mWxOT5i0jLCE5iHsxlYv3ftvS4=
345,165,usXEKtZxV6+UIq1nk5Bs7ON2ybw=,9mWxOT5i0jLCE5iHsxlYv3ftvS4=
346,165,usXEKtZxV6+UIq1nk5Bs7ON2ybw=,9mWxOT5i0jLCE5iHsxlYv3ftvS4=
347,165,usXEKtZxV6+UIq1nk5Bs7ON2ybw=,9mWxOT5i0jLCE5iHsxlYv3ftvS4=
348,165,usXEKtZxV6+UIq1nk5Bs7ON2ybw=,9mWxOT5i0jLCE5iHsxlYv3ftvS4=
346,161,usXEKtZxV6+UIq1nk5Bs7ON2ybw=,9mWxOT5i0jLCE5iHsxlYv3ftvS4=
349,165,usXEKtZxV6+UIq1nk5Bs7ON2ybw=,9mWxOT5i0jLCE5iHsxlYv3ftvS4=
350,165,usXEKtZxV6+UIq1nk5Bs7ON2ybw=,9mWxOT5i0jLCE5iHsxlYv3ftvS4=
346,163,usXEKtZxV6+UIq1nk5Bs7ON2ybw=,9mWxOT5i0jLCE5iHsxlYv3ftvS4=
347,161,usXEKtZxV6+UIq1nk5Bs7ON2ybw=,9mWxOT5i0jLCE5iHsxlYv3ftvS4=
351,165,usXEKtZxV6+UIq1nk5Bs7ON2ybw=,9mWxOT5i0jLCE5iHsxlYv3ftvS4=
344,166,usXEKtZxV6+UIq1nk5Bs7ON2ybw=,9mWxOT5i0jLCE5iHsxlYv3ftvS4=
345,166,usXEKtZxV6+UIq1nk5Bs7ON2ybw=,9mWxOT5i0jLCE5iHsxlYv3ftvS4=
346,166,usXEKtZxV6+UIq1nk5Bs7ON2ybw=,9mWxOT5i0jLCE5iHsxlYv3ftvS4=
347,166,usXEKtZxV6+UIq1nk5Bs7ON2ybw=,9mWxOT5i0jLCE5iHsxlYv3ftvS4=
348,166,usXEKtZxV6+UIq1nk5Bs7ON2ybw=,9mWxOT5i0jLCE5iHsxlYv3ftvS4=
344,162,usXEKtZxV6+UIq1nk5Bs7ON2ybw=,9mWxOT5i0jLCE5iHsxlYv3ftvS4=
349,166,usXEKtZxV6+UIq1nk5Bs7ON2ybw=,9mWxOT5i0jLCE5iHsxlYv3ftvS4=
350,166,usXEKtZxV6+UIq1nk5Bs7ON2ybw=,9mWxOT5i0jLCE5iHsxlYv3ftvS4=
347,163,usXEKtZxV6+UIq1nk5Bs7ON2ybw=,9mWxOT5i0jLCE5iHsxlYv3ftvS4=
348,160,usXEKtZxV6+UIq1nk5Bs7ON2ybw=,9mWxOT5i0jLCE5iHsxlYv3ftvS4=
351,166,usXEKtZxV6+UIq1nk5Bs7ON2ybw=,9mWxOT5i0jLCE5iHsxlYv3ftvS4=
344,167,usXEKtZxV6+UIq1nk5Bs7ON2ybw=,9mWxOT5i0jLCE5iHsxlYv3ftvS4=
345,167,usXEKtZxV6+UIq1nk5Bs7ON2ybw=,9mWxOT5i0jLCE5iHsxlYv3ftvS4=
346,167,usXEKtZxV6+UIq1nk5Bs7ON2ybw=,9mWxOT5i0jLCE5iHsxlYv3ftvS4=
345,162,usXEKtZxV6+UIq1nk5Bs7ON2ybw=,9mWxOT5i0jLCE5iHsxlYv3ftvS4=
347,167,usXEKtZxV6+UIq1nk5Bs7ON2ybw=,9mWxOT5i0jLCE5iHsxlYv3ftvS4=
348,167,usXEKtZxV6+UIq1nk5Bs7ON2ybw=,9mWxOT5i0jLCE5iHsxlYv3ftvS4=
349,167,usXEKtZxV6+UIq1nk5Bs7ON2ybw=,9mWxOT5i0jLCE5iHsxlYv3ftvS4=
350,167,usXEKtZxV6+UIq1nk5Bs7ON2ybw=,9mWxOT5i0jLCE5iHsxlYv3ftvS4=
351,167,usXEKtZxV6+UIq1nk5Bs7ON2ybw=,9mWxOT5i0jLCE5iHsxlYv3ftvS4=
348,163,usXEKtZxV6+UIq1nk5Bs7ON2ybw=,9mWxOT5i0jLCE5iHsxlYv3ftvS4=
345,160,usXEKtZxV6+UIq1nk5Bs7ON2ybw=,9mWxOT5i0jLCE5iHsxlYv3ftvS4=
348,161,usXEKtZxV6+UIq1nk5Bs7ON2ybw=,9mWxOT5i0jLCE5iHsxlYv3ftvS4=
349,161,usXEKtZxV6+UIq1nk5Bs7ON2ybw=,9mWxOT5i0jLCE5iHsxlYv3ftvS4=
346,162,usXEKtZxV6+UIq1nk5Bs7ON2ybw=,9mWxOT5i0jLCE5iHsxlYv3ftvS4=
347,162,usXEKtZxV6+UIq1nk5Bs7ON2ybw=,9mWxOT5i0jLCE5iHsxlYv3ftvS4=
348,162,usXEKtZxV6+UIq1nk5Bs7ON2ybw=,9mWxOT5i0jLCE5iHsxlYv3ftvS4=
349,162,usXEKtZxV6+UIq1nk5Bs7ON2ybw=,9mWxOT5i0jLCE5iHsxlYv3ftvS4=
347,160,usXEKtZxV6+UIq1nk5Bs7ON2ybw=,9mWxOT5i0jLCE5iHsxlYv3ftvS4=
349,163,usXEKtZxV6+UIq1nk5Bs7ON2ybw=,9mWxOT5i0jLCE5iHsxlYv3ftvS4=
350,163,usXEKtZxV6+UIq1nk5Bs7ON2ybw=,9mWxOT5i0jLCE5iHsxlYv3ftvS4=
