-290,-133,tYge83XQh4iFwZd0kS/zmZkrxDY=,LTY+CizuyLAlY2EgM4d7k64j2WQ=
-290,-135,tYge83XQh4iFwZd0kS/zmZkrxDY=,LTY+CizuyLAlY2EgM4d7k64j2WQ=
-289,-133,tYge83XQh4iFwZd0kS/zmZkrxDY=,LTY+CizuyLAlY2EgM4d7k64j2WQ=
-289,-135,tYge83XQh4iFwZd0kS/zmZkrxDY=,LTY+CizuyLAlY2EgM4d7k64j2WQ=
-290,-136,tYge83XQh4iFwZd0kS/zmZkrxDY=,LTY+CizuyLAlY2EgM4d7k64j2WQ=
-296,-134,tYge83XQh4iFwZd0kS/zmZkrxDY=,LTY+CizuyLAlY2EgM4d7k64j2WQ=
-289,-134,tYge83XQh4iFwZd0kS/zmZkrxDY=,LTY+CizuyLAlY2EgM4d7k64j2WQ=
-289,-136,tYge83XQh4iFwZd0kS/zmZkrxDY=,LTY+CizuyLAlY2EgM4d7k64j2WQ=
-296,-133,tYge83XQh4iFwZd0kS/zmZkrxDY=,LTY+CizuyLAlY2EgM4d7k64j2WQ=
-294,-136,tYge83XQh4iFwZd0kS/zmZkrxDY=,LTY+CizuyLAlY2EgM4d7k64j2WQ=
-296,-136,tYge83XQh4iFwZd0kS/zmZkrxDY=,LTY+CizuyLAlY2EgM4d7k64j2WQ=
-296,-135,tYge83XQh4iFwZd0kS/zmZkrxDY=,LTY+CizuyLAlY2EgM4d7k64j2WQ=
-296,-132,tYge83XQh4iFwZd0kS/zmZkrxDY=,LTY+CizuyLAlY2EgM4d7k64j2WQ=
-295,-135,tYge83XQh4iFwZd0kS/zmZkrxDY=,LTY+CizuyLAlY2EgM4d7k64j2WQ=
-295,-132,tYge83XQh4iFwZd0kS/zmZkrxDY=,LTY+CizuyLAlY2EgM4d7k64j2WQ=
-294,-132,tYge83XQh4iFwZd0kS/zmZkrxDY=,LTY+CizuyLAlY2EgM4d7k64j2WQ=
-293,-132,tYge83XQh4iFwZd0kS/zmZkrxDY=,LTY+CizuyLAlY2EgM4d7k64j2WQ=
-292,-132,tYge83XQh4iFwZd0kS/zmZkrxDY=,LTY+CizuyLAlY2EgM4d7k64j2WQ=
-291,-132,tYge83XQh4iFwZd0kS/zmZkrxDY=,LTY+CizuyLAlY2EgM4d7k64j2WQ=
-290,-132,tYge83XQh4iFwZd0kS/zmZkrxDY=,LTY+CizuyLAlY2EgM4d7k64j2WQ=
-295,-134,tYge83XQh4iFwZd0kS/zmZkrxDY=,LTY+CizuyLAlY2EgM4d7k64j2WQ=
-294,-135,tYge83XQh4iFwZd0kS/zmZkrxDY=,LTY+CizuyLAlY2EgM4d7k64j2WQ=
-289,-132,tYge83XQh4iFwZd0kS/zmZkrxDY=,LTY+CizuyLAlY2EgM4d7k64j2WQ=
-296,-131,tYge83XQh4iFwZd0kS/zmZkrxDY=,LTY+CizuyLAlY2EgM4d7k64j2WQ=
-295,-131,tYge83XQh4iFwZd0kS/zmZkrxDY=,LTY+CizuyLAlY2EgM4d7k64j2WQ=
-294,-131,tYge83XQh4iFwZd0kS/zmZkrxDY=,LTY+CizuyLAlY2EgM4d7k64j2WQ=
-293,-131,tYge83XQh4iFwZd0kS/zmZkrxDY=,LTY+CizuyLAlY2EgM4d7k64j2WQ=
-292,-131,tYge83XQh4iFwZd0kS/zmZkrxDY=,LTY+CizuyLAlY2EgM4d7k64j2WQ=
-291,-131,tYge83XQh4iFwZd0kS/zmZkrxDY=,LTY+CizuyLAlY2EgM4d7k64j2WQ=
-290,-131,tYge83XQh4iFwZd0kS/zmZkrxDY=,LTY+CizuyLAlY2EgM4d7k64j2WQ=
-294,-134,tYge83XQh4iFwZd0kS/zmZkrxDY=,LTY+CizuyLAlY2EgM4d7k64j2WQ=
-293,-135,tYge83XQh4iFwZd0kS/zmZkrxDY=,LTY+CizuyLAlY2EgM4d7k64j2WQ=
-289,-131,tYge83XQh4iFwZd0kS/zmZkrxDY=,LTY+CizuyLAlY2EgM4d7k64j2WQ=
-296,-130,tYge83XQh4iFwZd0kS/zmZkrxDY=,LTY+CizuyLAlY2EgM4d7k64j2WQ=
-295,-130,tYge83XQh4iFwZd0kS/zmZkrxDY=,LTY+CizuyLAlY2EgM4d7k64j2WQ=
-294,-130,tYge83XQh4iFwZd0kS/zmZkrxDY=,LTY+CizuyLAlY2EgM4d7k64j2WQ=
-293,-130,tYge83XQh4iFwZd0kS/zmZkrxDY=,LTY+CizuyLAlY2EgM4d7k64j2WQ=
-292,-130,tYge83XQh4iFwZd0kS/zmZkrxDY=,LTY+CizuyLAlY2EgM4d7k64j2WQ=
-291,-130,tYge83XQh4iFwZd0kS/zmZkrxDY=,LTY+CizuyLAlY2EgM4d7k64j2WQ=
-290,-130,tYge83XQh4iFwZd0kS/zmZkrxDY=,LTY+CizuyLAlY2EgM4d7k64j2WQ=
-293,-134,tYge83XQh4iFwZd0kS/zmZkrxDY=,LTY+CizuyLAlY2EgM4d7k64j2WQ=
-289,-130,tYge83XQh4iFwZd0kS/zmZkrxDY=,LTY+CizuyLAlY2EgM4d7k64j2WQ=
-292,-136,tYge83XQh4iFwZd0kS/zmZkrxDY=,LTY+CizuyLAlY2EgM4d7k64j2WQ=
-296,-129,tYge83XQh4iFwZd0kS/zmZkrxDY=,LTY+CizuyLAlY2EgM4d7k64j2WQ=
-295,-133,tYge83XQh4iFwZd0kS/zmZkrxDY=,LTY+CizuyLAlY2EgM4d7k64j2WQ=
-295,-129,tYge83XQh4iFwZd0kS/zmZkrxDY=,LTY+CizuyLAlY2EgM4d7k64j2WQ=
-294,-129,tYge83XQh4iFwZd0kS/zmZkrxDY=,LTY+CizuyLAlY2EgM4d7k64j2WQ=
-293,-129,tYge83XQh4iFwZd0kS/zmZkrxDY=,LTY+CizuyLAlY2EgM4d7k64j2WQ=
-292,-129,tYge83XQh4iFwZd0kS/zmZkrxDY=,LTY+CizuyLAlY2EgM4d7k64j2WQ=
-291,-129,tYge83XQh4iFwZd0kS/zmZkrxDY=,LTY+CizuyLAlY2EgM4d7k64j2WQ=
-290,-129,tYge83XQh4iFwZd0kS/zmZkrxDY=,LTY+CizuyLAlY2EgM4d7k64j2WQ=
-292,-134,tYge83XQh4iFwZd0kS/zmZkrxDY=,LTY+CizuyLAlY2EgM4d7k64j2WQ=
-289,-129,tYge83XQh4iFwZd0kS/zmZkrxDY=,LTY+CizuyLAlY2EgM4d7k64j2WQ=
-295,-136,tYge83XQh4iFwZd0kS/zmZkrxDY=,LTY+CizuyLAlY2EgM4d7k64j2WQ=
-294,-133,tYge83XQh4iFwZd0kS/zmZkrxDY=,LTY+CizuyLAlY2EgM4d7k64j2WQ=
-292,-135,tYge83XQh4iFwZd0kS/zmZkrxDY=,LTY+CizuyLAlY2EgM4d7k64j2WQ=
-291,-135,tYge83XQh4iFwZd0kS/zmZkrxDY=,LTY+CizuyLAlY2EgM4d7k64j2WQ=
-293,-133,tYge83XQh4iFwZd0kS/zmZkrxDY=,LTY+CizuyLAlY2EgM4d7k64j2WQ=
-292,-133,tYge83XQh4iFwZd0kS/zmZkrxDY=,LTY+CizuyLAlY2EgM4d7k64j2WQ=
-293,-136,tYge83XQh4iFwZd0kS/zmZkrxDY=,LTY+CizuyLAlY2EgM4d7k64j2WQ=
-291,-133,tYge83XQh4iFwZd0kS/zmZkrxDY=,LTY+CizuyLAlY2EgM4d7k64j2WQ=
-291,-134,tYge83XQh4iFwZd0kS/zmZkrxDY=,LTY+CizuyLAlY2EgM4d7k64j2WQ=
-290,-134,tYge83XQh4iFwZd0kS/zmZkrxDY=,LTY+CizuyLAlY2EgM4d7k64j2WQ=
-291,-136,tYge83XQh4iFwZd0kS/zmZkrxDY=,LTY+CizuyLAlY2EgM4d7k64j2WQ=
-298,-157,NrzrQUezOWNSZORClUwZmkTz12U=,a37C0++JADTUcVCBnGZ6329rbDo=
-297,-157,NrzrQUezOWNSZORClUwZmkTz12U=,a37C0++JADTUcVCBnGZ6329rbDo=
-298,-159,NrzrQUezOWNSZORClUwZmkTz12U=,a37C0++JADTUcVCBnGZ6329rbDo=
-297,-159,NrzrQUezOWNSZORClUwZmkTz12U=,a37C0++JADTUcVCBnGZ6329rbDo=
-304,-158,NrzrQUezOWNSZORClUwZmkTz12U=,a37C0++JADTUcVCBnGZ6329rbDo=
-297,-158,NrzrQUezOWNSZORClUwZmkTz12U=,a37C0++JADTUcVCBnGZ6329rbDo=
-298,-160,NrzrQUezOWNSZORClUwZmkTz12U=,a37C0++JADTUcVCBnGZ6329rbDo=
-304,-157,NrzrQUezOWNSZORClUwZmkTz12U=,a37C0++JADTUcVCBnGZ6329rbDo=
-302,-160,NrzrQUezOWNSZORClUwZmkTz12U=,a37C0++JADTUcVCBnGZ6329rbDo=
-304,-160,NrzrQUezOWNSZORClUwZmkTz12U=,a37C0++JADTUcVCBnGZ6329rbDo=
-297,-160,NrzrQUezOWNSZORClUwZmkTz12U=,a37C0++JADTUcVCBnGZ6329rbDo=
-304,-159,NrzrQUezOWNSZORClUwZmkTz12U=,a37C0++JADTUcVCBnGZ6329rbDo=
-303,-159,NrzrQUezOWNSZORClUwZmkTz12U=,a37C0++JADTUcVCBnGZ6329rbDo=
-304,-156,NrzrQUezOWNSZORClUwZmkTz12U=,a37C0++JADTUcVCBnGZ6329rbDo=
-303,-156,NrzrQUezOWNSZORClUwZmkTz12U=,a37C0++JADTUcVCBnGZ6329rbDo=
-302,-156,NrzrQUezOWNSZORClUwZmkTz12U=,a37C0++JADTUcVCBnGZ6329rbDo=
-301,-156,NrzrQUezOWNSZORClUwZmkTz12U=,a37C0++JADTUcVCBnGZ6329rbDo=
-300,-156,NrzrQUezOWNSZORClUwZmkTz12U=,a37C0++JADTUcVCBnGZ6329rbDo=
-299,-156,NrzrQUezOWNSZORClUwZmkTz12U=,a37C0++JADTUcVCBnGZ6329rbDo=
-298,-156,NrzrQUezOWNSZORClUwZmkTz12U=,a37C0++JADTUcVCBnGZ6329rbDo=
-297,-156,NrzrQUezOWNSZORClUwZmkTz12U=,a37C0++JADTUcVCBnGZ6329rbDo=
-303,-158,NrzrQUezOWNSZORClUwZmkTz12U=,a37C0++JADTUcVCBnGZ6329rbDo=
-304,-155,NrzrQUezOWNSZORClUwZmkTz12U=,a37C0++JADTUcVCBnGZ6329rbDo=
-302,-159,NrzrQUezOWNSZORClUwZmkTz12U=,a37C0++JADTUcVCBnGZ6329rbDo=
-303,-155,NrzrQUezOWNSZORClUwZmkTz12U=,a37C0++JADTUcVCBnGZ6329rbDo=
-302,-155,NrzrQUezOWNSZORClUwZmkTz12U=,a37C0++JADTUcVCBnGZ6329rbDo=
-301,-155,NrzrQUezOWNSZORClUwZmkTz12U=,a37C0++JADTUcVCBnGZ6329rbDo=
-300,-155,NrzrQUezOWNSZORClUwZmkTz12U=,a37C0++JADTUcVCBnGZ6329rbDo=
-299,-155,NrzrQUezOWNSZORClUwZmkTz12U=,a37C0++JADTUcVCBnGZ6329rbDo=
-298,-155,NrzrQUezOWNSZORClUwZmkTz12U=,a37C0++JADTUcVCBnGZ6329rbDo=
-297,-155,NrzrQUezOWNSZORClUwZmkTz12U=,a37C0++JADTUcVCBnGZ6329rbDo=
-302,-158,NrzrQUezOWNSZORClUwZmkTz12U=,a37C0++JADTUcVCBnGZ6329rbDo=
-304,-154,NrzrQUezOWNSZORClUwZmkTz12U=,a37C0++JADTUcVCBnGZ6329rbDo=
-301,-159,NrzrQUezOWNSZORClUwZmkTz12U=,a37C0++JADTUcVCBnGZ6329rbDo=
-303,-154,NrzrQUezOWNSZORClUwZmkTz12U=,a37C0++JADTUcVCBnGZ6329rbDo=
-302,-154,NrzrQUezOWNSZORClUwZmkTz12U=,a37C0++JADTUcVCBnGZ6329rbDo=
-301,-154,NrzrQUezOWNSZORClUwZmkTz12U=,a37C0++JADTUcVCBnGZ6329rbDo=
-300,-154,NrzrQUezOWNSZORClUwZmkTz12U=,a37C0++JADTUcVCBnGZ6329rbDo=
-299,-154,NrzrQUezOWNSZORClUwZmkTz12U=,a37C0++JADTUcVCBnGZ6329rbDo=
-298,-154,NrzrQUezOWNSZORClUwZmkTz12U=,a37C0++JADTUcVCBnGZ6329rbDo=
-297,-154,NrzrQUezOWNSZORClUwZmkTz12U=,a37C0++JADTUcVCBnGZ6329rbDo=
-301,-158,NrzrQUezOWNSZORClUwZmkTz12U=,a37C0++JADTUcVCBnGZ6329rbDo=
-304,-153,NrzrQUezOWNSZORClUwZmkTz12U=,a37C0++JADTUcVCBnGZ6329rbDo=
-303,-157,NrzrQUezOWNSZORClUwZmkTz12U=,a37C0++JADTUcVCBnGZ6329rbDo=
-300,-160,NrzrQUezOWNSZORClUwZmkTz12U=,a37C0++JADTUcVCBnGZ6329rbDo=
-303,-153,NrzrQUezOWNSZORClUwZmkTz12U=,a37C0++JADTUcVCBnGZ6329rbDo=
-302,-153,NrzrQUezOWNSZORClUwZmkTz12U=,a37C0++JADTUcVCBnGZ6329rbDo=
-301,-153,NrzrQUezOWNSZORClUwZmkTz12U=,a37C0++JADTUcVCBnGZ6329rbDo=
-300,-153,NrzrQUezOWNSZORClUwZmkTz12U=,a37C0++JADTUcVCBnGZ6329rbDo=
-299,-153,NrzrQUezOWNSZORClUwZmkTz12U=,a37C0++JADTUcVCBnGZ6329rbDo=
-298,-153,NrzrQUezOWNSZORClUwZmkTz12U=,a37C0++JADTUcVCBnGZ6329rbDo=
-300,-158,NrzrQUezOWNSZORClUwZmkTz12U=,a37C0++JADTUcVCBnGZ6329rbDo=
-297,-153,NrzrQUezOWNSZORClUwZmkTz12U=,a37C0++JADTUcVCBnGZ6329rbDo=
-303,-160,NrzrQUezOWNSZORClUwZmkTz12U=,a37C0++JADTUcVCBnGZ6329rbDo=
-302,-157,NrzrQUezOWNSZORClUwZmkTz12U=,a37C0++JADTUcVCBnGZ6329rbDo=
-300,-159,NrzrQUezOWNSZORClUwZmkTz12U=,a37C0++JADTUcVCBnGZ6329rbDo=
-299,-159,NrzrQUezOWNSZORClUwZmkTz12U=,a37C0++JADTUcVCBnGZ6329rbDo=
-301,-157,NrzrQUezOWNSZORClUwZmkTz12U=,a37C0++JADTUcVCBnGZ6329rbDo=
-300,-157,NrzrQUezOWNSZORClUwZmkTz12U=,a37C0++JADTUcVCBnGZ6329rbDo=
-301,-160,NrzrQUezOWNSZORClUwZmkTz12U=,a37C0++JADTUcVCBnGZ6329rbDo=
-299,-157,NrzrQUezOWNSZORClUwZmkTz12U=,a37C0++JADTUcVCBnGZ6329rbDo=
-299,-158,NrzrQUezOWNSZORClUwZmkTz12U=,a37C0++JADTUcVCBnGZ6329rbDo=
-298,-158,NrzrQUezOWNSZORClUwZmkTz12U=,a37C0++JADTUcVCBnGZ6329rbDo=
-299,-160,NrzrQUezOWNSZORClUwZmkTz12U=,a37C0++JADTUcVCBnGZ6329rbDo=
-320,-159,opPrLNDqNO+LiVOJsR9zHcz6w5o=,iWluyHmxNzOpOts/Ft4ZbWA33jI=
-313,-156,opPrLNDqNO+LiVOJsR9zHcz6w5o=,iWluyHmxNzOpOts/Ft4ZbWA33jI=
-320,-155,opPrLNDqNO+LiVOJsR9zHcz6w5o=,iWluyHmxNzOpOts/Ft4ZbWA33jI=
-319,-159,opPrLNDqNO+LiVOJsR9zHcz6w5o=,iWluyHmxNzOpOts/Ft4ZbWA33jI=
-319,-155,opPrLNDqNO+LiVOJsR9zHcz6w5o=,iWluyHmxNzOpOts/Ft4ZbWA33jI=
-318,-155,opPrLNDqNO+LiVOJsR9zHcz6w5o=,iWluyHmxNzOpOts/Ft4ZbWA33jI=
-317,-155,opPrLNDqNO+LiVOJsR9zHcz6w5o=,iWluyHmxNzOpOts/Ft4ZbWA33jI=
-316,-155,opPrLNDqNO+LiVOJsR9zHcz6w5o=,iWluyHmxNzOpOts/Ft4ZbWA33jI=
-315,-155,opPrLNDqNO+LiVOJsR9zHcz6w5o=,iWluyHmxNzOpOts/Ft4ZbWA33jI=
-314,-155,opPrLNDqNO+LiVOJsR9zHcz6w5o=,iWluyHmxNzOpOts/Ft4ZbWA33jI=
-318,-159,opPrLNDqNO+LiVOJsR9zHcz6w5o=,iWluyHmxNzOpOts/Ft4ZbWA33jI=
-313,-155,opPrLNDqNO+LiVOJsR9zHcz6w5o=,iWluyHmxNzOpOts/Ft4ZbWA33jI=
-320,-154,opPrLNDqNO+LiVOJsR9zHcz6w5o=,iWluyHmxNzOpOts/Ft4ZbWA33jI=
-320,-156,opPrLNDqNO+LiVOJsR9zHcz6w5o=,iWluyHmxNzOpOts/Ft4ZbWA33jI=
-317,-159,opPrLNDqNO+LiVOJsR9zHcz6w5o=,iWluyHmxNzOpOts/Ft4ZbWA33jI=
-320,-160,opPrLNDqNO+LiVOJsR9zHcz6w5o=,iWluyHmxNzOpOts/Ft4ZbWA33jI=
-319,-154,opPrLNDqNO+LiVOJsR9zHcz6w5o=,iWluyHmxNzOpOts/Ft4ZbWA33jI=
-318,-154,opPrLNDqNO+LiVOJsR9zHcz6w5o=,iWluyHmxNzOpOts/Ft4ZbWA33jI=
-317,-154,opPrLNDqNO+LiVOJsR9zHcz6w5o=,iWluyHmxNzOpOts/Ft4ZbWA33jI=
-316,-154,opPrLNDqNO+LiVOJsR9zHcz6w5o=,iWluyHmxNzOpOts/Ft4ZbWA33jI=
-315,-154,opPrLNDqNO+LiVOJsR9zHcz6w5o=,iWluyHmxNzOpOts/Ft4ZbWA33jI=
-314,-154,opPrLNDqNO+LiVOJsR9zHcz6w5o=,iWluyHmxNzOpOts/Ft4ZbWA33jI=
-313,-154,opPrLNDqNO+LiVOJsR9zHcz6w5o=,iWluyHmxNzOpOts/Ft4ZbWA33jI=
-319,-156,opPrLNDqNO+LiVOJsR9zHcz6w5o=,iWluyHmxNzOpOts/Ft4ZbWA33jI=
-318,-160,opPrLNDqNO+LiVOJsR9zHcz6w5o=,iWluyHmxNzOpOts/Ft4ZbWA33jI=
-316,-159,opPrLNDqNO+LiVOJsR9zHcz6w5o=,iWluyHmxNzOpOts/Ft4ZbWA33jI=
-320,-157,opPrLNDqNO+LiVOJsR9zHcz6w5o=,iWluyHmxNzOpOts/Ft4ZbWA33jI=
-315,-159,opPrLNDqNO+LiVOJsR9zHcz6w5o=,iWluyHmxNzOpOts/Ft4ZbWA33jI=
-320,-153,opPrLNDqNO+LiVOJsR9zHcz6w5o=,iWluyHmxNzOpOts/Ft4ZbWA33jI=
-319,-153,opPrLNDqNO+LiVOJsR9zHcz6w5o=,iWluyHmxNzOpOts/Ft4ZbWA33jI=
-318,-153,opPrLNDqNO+LiVOJsR9zHcz6w5o=,iWluyHmxNzOpOts/Ft4ZbWA33jI=
-320,-158,opPrLNDqNO+LiVOJsR9zHcz6w5o=,iWluyHmxNzOpOts/Ft4ZbWA33jI=
-319,-158,opPrLNDqNO+LiVOJsR9zHcz6w5o=,iWluyHmxNzOpOts/Ft4ZbWA33jI=
-318,-158,opPrLNDqNO+LiVOJsR9zHcz6w5o=,iWluyHmxNzOpOts/Ft4ZbWA33jI=
-317,-158,opPrLNDqNO+LiVOJsR9zHcz6w5o=,iWluyHmxNzOpOts/Ft4ZbWA33jI=
-317,-153,opPrLNDqNO+LiVOJsR9zHcz6w5o=,iWluyHmxNzOpOts/Ft4ZbWA33jI=
-316,-153,opPrLNDqNO+LiVOJsR9zHcz6w5o=,iWluyHmxNzOpOts/Ft4ZbWA33jI=
-316,-158,opPrLNDqNO+LiVOJsR9zHcz6w5o=,iWluyHmxNzOpOts/Ft4ZbWA33jI=
-315,-153,opPrLNDqNO+LiVOJsR9zHcz6w5o=,iWluyHmxNzOpOts/Ft4ZbWA33jI=
-315,-158,opPrLNDqNO+LiVOJsR9zHcz6w5o=,iWluyHmxNzOpOts/Ft4ZbWA33jI=
-314,-153,opPrLNDqNO+LiVOJsR9zHcz6w5o=,iWluyHmxNzOpOts/Ft4ZbWA33jI=
-319,-157,opPrLNDqNO+LiVOJsR9zHcz6w5o=,iWluyHmxNzOpOts/Ft4ZbWA33jI=
-318,-157,opPrLNDqNO+LiVOJsR9zHcz6w5o=,iWluyHmxNzOpOts/Ft4ZbWA33jI=
-313,-153,opPrLNDqNO+LiVOJsR9zHcz6w5o=,iWluyHmxNzOpOts/Ft4ZbWA33jI=
-316,-160,opPrLNDqNO+LiVOJsR9zHcz6w5o=,iWluyHmxNzOpOts/Ft4ZbWA33jI=
-318,-156,opPrLNDqNO+LiVOJsR9zHcz6w5o=,iWluyHmxNzOpOts/Ft4ZbWA33jI=
-319,-160,opPrLNDqNO+LiVOJsR9zHcz6w5o=,iWluyHmxNzOpOts/Ft4ZbWA33jI=
-314,-159,opPrLNDqNO+LiVOJsR9zHcz6w5o=,iWluyHmxNzOpOts/Ft4ZbWA33jI=
-313,-159,opPrLNDqNO+LiVOJsR9zHcz6w5o=,iWluyHmxNzOpOts/Ft4ZbWA33jI=
-317,-157,opPrLNDqNO+LiVOJsR9zHcz6w5o=,iWluyHmxNzOpOts/Ft4ZbWA33jI=
-316,-157,opPrLNDqNO+LiVOJsR9zHcz6w5o=,iWluyHmxNzOpOts/Ft4ZbWA33jI=
-315,-157,opPrLNDqNO+LiVOJsR9zHcz6w5o=,iWluyHmxNzOpOts/Ft4ZbWA33jI=
-314,-160,opPrLNDqNO+LiVOJsR9zHcz6w5o=,iWluyHmxNzOpOts/Ft4ZbWA33jI=
-317,-156,opPrLNDqNO+LiVOJsR9zHcz6w5o=,iWluyHmxNzOpOts/Ft4ZbWA33jI=
-316,-156,opPrLNDqNO+LiVOJsR9zHcz6w5o=,iWluyHmxNzOpOts/Ft4ZbWA33jI=
-314,-157,opPrLNDqNO+LiVOJsR9zHcz6w5o=,iWluyHmxNzOpOts/Ft4ZbWA33jI=
-317,-160,opPrLNDqNO+LiVOJsR9zHcz6w5o=,iWluyHmxNzOpOts/Ft4ZbWA33jI=
-314,-158,opPrLNDqNO+LiVOJsR9zHcz6w5o=,iWluyHmxNzOpOts/Ft4ZbWA33jI=
-313,-158,opPrLNDqNO+LiVOJsR9zHcz6w5o=,iWluyHmxNzOpOts/Ft4ZbWA33jI=
-315,-160,opPrLNDqNO+LiVOJsR9zHcz6w5o=,iWluyHmxNzOpOts/Ft4ZbWA33jI=
-315,-156,opPrLNDqNO+LiVOJsR9zHcz6w5o=,iWluyHmxNzOpOts/Ft4ZbWA33jI=
-314,-156,opPrLNDqNO+LiVOJsR9zHcz6w5o=,iWluyHmxNzOpOts/Ft4ZbWA33jI=
-313,-157,opPrLNDqNO+LiVOJsR9zHcz6w5o=,iWluyHmxNzOpOts/Ft4ZbWA33jI=
-313,-160,opPrLNDqNO+LiVOJsR9zHcz6w5o=,iWluyHmxNzOpOts/Ft4ZbWA33jI=
-320,-135,+msbMbNrgIquGtJdb/2ftzcsjM8=,lhUU9OcyyOQc79/FbNVLaxT38aU=
-313,-132,+msbMbNrgIquGtJdb/2ftzcsjM8=,lhUU9OcyyOQc79/FbNVLaxT38aU=
-319,-135,+msbMbNrgIquGtJdb/2ftzcsjM8=,lhUU9OcyyOQc79/FbNVLaxT38aU=
-320,-131,+msbMbNrgIquGtJdb/2ftzcsjM8=,lhUU9OcyyOQc79/FbNVLaxT38aU=
-319,-131,+msbMbNrgIquGtJdb/2ftzcsjM8=,lhUU9OcyyOQc79/FbNVLaxT38aU=
-318,-131,+msbMbNrgIquGtJdb/2ftzcsjM8=,lhUU9OcyyOQc79/FbNVLaxT38aU=
-317,-131,+msbMbNrgIquGtJdb/2ftzcsjM8=,lhUU9OcyyOQc79/FbNVLaxT38aU=
-316,-131,+msbMbNrgIquGtJdb/2ftzcsjM8=,lhUU9OcyyOQc79/FbNVLaxT38aU=
-315,-131,+msbMbNrgIquGtJdb/2ftzcsjM8=,lhUU9OcyyOQc79/FbNVLaxT38aU=
-314,-131,+msbMbNrgIquGtJdb/2ftzcsjM8=,lhUU9OcyyOQc79/FbNVLaxT38aU=
-318,-135,+msbMbNrgIquGtJdb/2ftzcsjM8=,lhUU9OcyyOQc79/FbNVLaxT38aU=
-313,-131,+msbMbNrgIquGtJdb/2ftzcsjM8=,lhUU9OcyyOQc79/FbNVLaxT38aU=
-320,-132,+msbMbNrgIquGtJdb/2ftzcsjM8=,lhUU9OcyyOQc79/FbNVLaxT38aU=
-317,-135,+msbMbNrgIquGtJdb/2ftzcsjM8=,lhUU9OcyyOQc79/FbNVLaxT38aU=
-320,-130,+msbMbNrgIquGtJdb/2ftzcsjM8=,lhUU9OcyyOQc79/FbNVLaxT38aU=
-320,-136,+msbMbNrgIquGtJdb/2ftzcsjM8=,lhUU9OcyyOQc79/FbNVLaxT38aU=
-319,-130,+msbMbNrgIquGtJdb/2ftzcsjM8=,lhUU9OcyyOQc79/FbNVLaxT38aU=
-318,-130,+msbMbNrgIquGtJdb/2ftzcsjM8=,lhUU9OcyyOQc79/FbNVLaxT38aU=
-317,-130,+msbMbNrgIquGtJdb/2ftzcsjM8=,lhUU9OcyyOQc79/FbNVLaxT38aU=
-316,-130,+msbMbNrgIquGtJdb/2ftzcsjM8=,lhUU9OcyyOQc79/FbNVLaxT38aU=
-315,-130,+msbMbNrgIquGtJdb/2ftzcsjM8=,lhUU9OcyyOQc79/FbNVLaxT38aU=
-314,-130,+msbMbNrgIquGtJdb/2ftzcsjM8=,lhUU9OcyyOQc79/FbNVLaxT38aU=
-313,-130,+msbMbNrgIquGtJdb/2ftzcsjM8=,lhUU9OcyyOQc79/FbNVLaxT38aU=
-319,-132,+msbMbNrgIquGtJdb/2ftzcsjM8=,lhUU9OcyyOQc79/FbNVLaxT38aU=
-320,-129,+msbMbNrgIquGtJdb/2ftzcsjM8=,lhUU9OcyyOQc79/FbNVLaxT38aU=
-320,-133,+msbMbNrgIquGtJdb/2ftzcsjM8=,lhUU9OcyyOQc79/FbNVLaxT38aU=
-318,-136,+msbMbNrgIquGtJdb/2ftzcsjM8=,lhUU9OcyyOQc79/FbNVLaxT38aU=
-316,-135,+msbMbNrgIquGtJdb/2ftzcsjM8=,lhUU9OcyyOQc79/FbNVLaxT38aU=
-315,-135,+msbMbNrgIquGtJdb/2ftzcsjM8=,lhUU9OcyyOQc79/FbNVLaxT38aU=
-319,-129,+msbMbNrgIquGtJdb/2ftzcsjM8=,lhUU9OcyyOQc79/FbNVLaxT38aU=
-320,-134,+msbMbNrgIquGtJdb/2ftzcsjM8=,lhUU9OcyyOQc79/FbNVLaxT38aU=
-319,-134,+msbMbNrgIquGtJdb/2ftzcsjM8=,lhUU9OcyyOQc79/FbNVLaxT38aU=
-318,-129,+msbMbNrgIquGtJdb/2ftzcsjM8=,lhUU9OcyyOQc79/FbNVLaxT38aU=
-317,-129,+msbMbNrgIquGtJdb/2ftzcsjM8=,lhUU9OcyyOQc79/FbNVLaxT38aU=
-316,-129,+msbMbNrgIquGtJdb/2ftzcsjM8=,lhUU9OcyyOQc79/FbNVLaxT38aU=
-318,-134,+msbMbNrgIquGtJdb/2ftzcsjM8=,lhUU9OcyyOQc79/FbNVLaxT38aU=
-317,-134,+msbMbNrgIquGtJdb/2ftzcsjM8=,lhUU9OcyyOQc79/FbNVLaxT38aU=
-315,-129,+msbMbNrgIquGtJdb/2ftzcsjM8=,lhUU9OcyyOQc79/FbNVLaxT38aU=
-316,-134,+msbMbNrgIquGtJdb/2ftzcsjM8=,lhUU9OcyyOQc79/FbNVLaxT38aU=
-314,-129,+msbMbNrgIquGtJdb/2ftzcsjM8=,lhUU9OcyyOQc79/FbNVLaxT38aU=
-315,-134,+msbMbNrgIquGtJdb/2ftzcsjM8=,lhUU9OcyyOQc79/FbNVLaxT38aU=
-319,-133,+msbMbNrgIquGtJdb/2ftzcsjM8=,lhUU9OcyyOQc79/FbNVLaxT38aU=
-318,-133,+msbMbNrgIquGtJdb/2ftzcsjM8=,lhUU9OcyyOQc79/FbNVLaxT38aU=
-313,-129,+msbMbNrgIquGtJdb/2ftzcsjM8=,lhUU9OcyyOQc79/FbNVLaxT38aU=
-316,-136,+msbMbNrgIquGtJdb/2ftzcsjM8=,lhUU9OcyyOQc79/FbNVLaxT38aU=
-319,-136,+msbMbNrgIquGtJdb/2ftzcsjM8=,lhUU9OcyyOQc79/FbNVLaxT38aU=
-314,-135,+msbMbNrgIquGtJdb/2ftzcsjM8=,lhUU9OcyyOQc79/FbNVLaxT38aU=
-318,-132,+msbMbNrgIquGtJdb/2ftzcsjM8=,lhUU9OcyyOQc79/FbNVLaxT38aU=
-313,-135,+msbMbNrgIquGtJdb/2ftzcsjM8=,lhUU9OcyyOQc79/FbNVLaxT38aU=
-317,-133,+msbMbNrgIquGtJdb/2ftzcsjM8=,lhUU9OcyyOQc79/FbNVLaxT38aU=
-316,-133,+msbMbNrgIquGtJdb/2ftzcsjM8=,lhUU9OcyyOQc79/FbNVLaxT38aU=
-315,-133,+msbMbNrgIquGtJdb/2ftzcsjM8=,lhUU9OcyyOQc79/FbNVLaxT38aU=
-314,-136,+msbMbNrgIquGtJdb/2ftzcsjM8=,lhUU9OcyyOQc79/FbNVLaxT38aU=
-316,-132,+msbMbNrgIquGtJdb/2ftzcsjM8=,lhUU9OcyyOQc79/FbNVLaxT38aU=
-317,-132,+msbMbNrgIquGtJdb/2ftzcsjM8=,lhUU9OcyyOQc79/FbNVLaxT38aU=
-314,-133,+msbMbNrgIquGtJdb/2ftzcsjM8=,lhUU9OcyyOQc79/FbNVLaxT38aU=
-317,-136,+msbMbNrgIquGtJdb/2ftzcsjM8=,lhUU9OcyyOQc79/FbNVLaxT38aU=
-314,-134,+msbMbNrgIquGtJdb/2ftzcsjM8=,lhUU9OcyyOQc79/FbNVLaxT38aU=
-313,-134,+msbMbNrgIquGtJdb/2ftzcsjM8=,lhUU9OcyyOQc79/FbNVLaxT38aU=
-315,-132,+msbMbNrgIquGtJdb/2ftzcsjM8=,lhUU9OcyyOQc79/FbNVLaxT38aU=
-314,-132,+msbMbNrgIquGtJdb/2ftzcsjM8=,lhUU9OcyyOQc79/FbNVLaxT38aU=
-313,-133,+msbMbNrgIquGtJdb/2ftzcsjM8=,lhUU9OcyyOQc79/FbNVLaxT38aU=
-315,-136,+msbMbNrgIquGtJdb/2ftzcsjM8=,lhUU9OcyyOQc79/FbNVLaxT38aU=
-313,-136,+msbMbNrgIquGtJdb/2ftzcsjM8=,lhUU9OcyyOQc79/FbNVLaxT38aU=
