264,425,NCPAW7fYDERqpeRqbom571jJ/r8=,HHU+HBX3gQIVkN9RkOcCx5vjefc=
271,428,NCPAW7fYDERqpeRqbom571jJ/r8=,HHU+HBX3gQIVkN9RkOcCx5vjefc=
271,424,NCPAW7fYDERqpeRqbom571jJ/r8=,HHU+HBX3gQIVkN9RkOcCx5vjefc=
271,427,NCPAW7fYDERqpeRqbom571jJ/r8=,HHU+HBX3gQIVkN9RkOcCx5vjefc=
270,428,NCPAW7fYDERqpeRqbom571jJ/r8=,HHU+HBX3gQIVkN9RkOcCx5vjefc=
269,424,NCPAW7fYDERqpeRqbom571jJ/r8=,HHU+HBX3gQIVkN9RkOcCx5vjefc=
271,426,NCPAW7fYDERqpeRqbom571jJ/r8=,HHU+HBX3gQIVkN9RkOcCx5vjefc=
269,428,NCPAW7fYDERqpeRqbom571jJ/r8=,HHU+HBX3gQIVkN9RkOcCx5vjefc=
270,426,NCPAW7fYDERqpeRqbom571jJ/r8=,HHU+HBX3gQIVkN9RkOcCx5vjefc=
270,427,NCPAW7fYDERqpeRqbom571jJ/r8=,HHU+HBX3gQIVkN9RkOcCx5vjefc=
267,424,NCPAW7fYDERqpeRqbom571jJ/r8=,HHU+HBX3gQIVkN9RkOcCx5vjefc=
268,428,NCPAW7fYDERqpeRqbom571jJ/r8=,HHU+HBX3gQIVkN9RkOcCx5vjefc=
270,424,NCPAW7fYDERqpeRqbom571jJ/r8=,HHU+HBX3gQIVkN9RkOcCx5vjefc=
267,428,NCPAW7fYDERqpeRqbom571jJ/r8=,HHU+HBX3gQIVkN9RkOcCx5vjefc=
269,427,NCPAW7fYDERqpeRqbom571jJ/r8=,HHU+HBX3gQIVkN9RkOcCx5vjefc=
268,427,NCPAW7fYDERqpeRqbom571jJ/r8=,HHU+HBX3gQIVkN9RkOcCx5vjefc=
266,428,NCPAW7fYDERqpeRqbom571jJ/r8=,HHU+HBX3gQIVkN9RkOcCx5vjefc=
267,427,NCPAW7fYDERqpeRqbom571jJ/r8=,HHU+HBX3gQIVkN9RkOcCx5vjefc=
271,425,NCPAW7fYDERqpeRqbom571jJ/r8=,HHU+HBX3gQIVkN9RkOcCx5vjefc=
270,425,NCPAW7fYDERqpeRqbom571jJ/r8=,HHU+HBX3gQIVkN9RkOcCx5vjefc=
266,427,NCPAW7fYDERqpeRqbom571jJ/r8=,HHU+HBX3gQIVkN9RkOcCx5vjefc=
265,427,NCPAW7fYDERqpeRqbom571jJ/r8=,HHU+HBX3gQIVkN9RkOcCx5vjefc=
265,424,NCPAW7fYDERqpeRqbom571jJ/r8=,HHU+HBX3gQIVkN9RkOcCx5vjefc=
268,424,NCPAW7fYDERqpeRqbom571jJ/r8=,HHU+HBX3gQIVkN9RkOcCx5vjefc=
271,431,NCPAW7fYDERqpeRqbom571jJ/r8=,HHU+HBX3gQIVkN9RkOcCx5vjefc=
269,426,NCPAW7fYDERqpeRqbom571jJ/r8=,HHU+HBX3gQIVkN9RkOcCx5vjefc=
270,431,NCPAW7fYDERqpeRqbom571jJ/r8=,HHU+HBX3gQIVkN9RkOcCx5vjefc=
269,431,NCPAW7fYDERqpeRqbom571jJ/r8=,HHU+HBX3gQIVkN9RkOcCx5vjefc=
268,431,NCPAW7fYDERqpeRqbom571jJ/r8=,HHU+HBX3gQIVkN9RkOcCx5vjefc=
268,426,NCPAW7fYDERqpeRqbom571jJ/r8=,HHU+HBX3gQIVkN9RkOcCx5vjefc=
267,431,NCPAW7fYDERqpeRqbom571jJ/r8=,HHU+HBX3gQIVkN9RkOcCx5vjefc=
267,426,NCPAW7fYDERqpeRqbom571jJ/r8=,HHU+HBX3gQIVkN9RkOcCx5vjefc=
266,426,NCPAW7fYDERqpeRqbom571jJ/r8=,HHU+HBX3gQIVkN9RkOcCx5vjefc=
266,431,NCPAW7fYDERqpeRqbom571jJ/r8=,HHU+HBX3gQIVkN9RkOcCx5vjefc=
265,426,NCPAW7fYDERqpeRqbom571jJ/r8=,HHU+HBX3gQIVkN9RkOcCx5vjefc=
264,426,NCPAW7fYDERqpeRqbom571jJ/r8=,HHU+HBX3gQIVkN9RkOcCx5vjefc=
265,431,NCPAW7fYDERqpeRqbom571jJ/r8=,HHU+HBX3gQIVkN9RkOcCx5vjefc=
269,425,NCPAW7fYDERqpeRqbom571jJ/r8=,HHU+HBX3gQIVkN9RkOcCx5vjefc=
268,425,NCPAW7fYDERqpeRqbom571jJ/r8=,HHU+HBX3gQIVkN9RkOcCx5vjefc=
264,427,NCPAW7fYDERqpeRqbom571jJ/r8=,HHU+HBX3gQIVkN9RkOcCx5vjefc=
266,424,NCPAW7fYDERqpeRqbom571jJ/r8=,HHU+HBX3gQIVkN9RkOcCx5vjefc=
264,431,NCPAW7fYDERqpeRqbom571jJ/r8=,HHU+HBX3gQIVkN9RkOcCx5vjefc=
271,430,NCPAW7fYDERqpeRqbom571jJ/r8=,HHU+HBX3gQIVkN9RkOcCx5vjefc=
265,428,NCPAW7fYDERqpeRqbom571jJ/r8=,HHU+HBX3gQIVkN9RkOcCx5vjefc=
270,430,NCPAW7fYDERqpeRqbom571jJ/r8=,HHU+HBX3gQIVkN9RkOcCx5vjefc=
269,430,NCPAW7fYDERqpeRqbom571jJ/r8=,HHU+HBX3gQIVkN9RkOcCx5vjefc=
268,430,NCPAW7fYDERqpeRqbom571jJ/r8=,HHU+HBX3gQIVkN9RkOcCx5vjefc=
267,430,NCPAW7fYDERqpeRqbom571jJ/r8=,HHU+HBX3gQIVkN9RkOcCx5vjefc=
266,430,NCPAW7fYDERqpeRqbom571jJ/r8=,HHU+HBX3gQIVkN9RkOcCx5vjefc=
264,424,NCPAW7fYDERqpeRqbom571jJ/r8=,HHU+HBX3gQIVkN9RkOcCx5vjefc=
265,430,NCPAW7fYDERqpeRqbom571jJ/r8=,HHU+HBX3gQIVkN9RkOcCx5vjefc=
264,430,NCPAW7fYDERqpeRqbom571jJ/r8=,HHU+HBX3gQIVkN9RkOcCx5vjefc=
267,425,NCPAW7fYDERqpeRqbom571jJ/r8=,HHU+HBX3gQIVkN9RkOcCx5vjefc=
271,429,NCPAW7fYDERqpeRqbom571jJ/r8=,HHU+HBX3gQIVkN9RkOcCx5vjefc=
264,428,NCPAW7fYDERqpeRqbom571jJ/r8=,HHU+HBX3gQIVkN9RkOcCx5vjefc=
266,425,NCPAW7fYDERqpeRqbom571jJ/r8=,HHU+HBX3gQIVkN9RkOcCx5vjefc=
270,429,NCPAW7fYDERqpeRqbom571jJ/r8=,HHU+HBX3gQIVkN9RkOcCx5vjefc=
269,429,NCPAW7fYDERqpeRqbom571jJ/r8=,HHU+HBX3gQIVkN9RkOcCx5vjefc=
268,429,NCPAW7fYDERqpeRqbom571jJ/r8=,HHU+HBX3gQIVkN9RkOcCx5vjefc=
267,429,NCPAW7fYDERqpeRqbom571jJ/r8=,HHU+HBX3gQIVkN9RkOcCx5vjefc=
266,429,NCPAW7fYDERqpeRqbom571jJ/r8=,HHU+HBX3gQIVkN9RkOcCx5vjefc=
265,429,NCPAW7fYDERqpeRqbom571jJ/r8=,HHU+HBX3gQIVkN9RkOcCx5vjefc=
265,425,NCPAW7fYDERqpeRqbom571jJ/r8=,HHU+HBX3gQIVkN9RkOcCx5vjefc=
264,429,NCPAW7fYDERqpeRqbom571jJ/r8=,HHU+HBX3gQIVkN9RkOcCx5vjefc=
