-27,-704,DIUoMiedazxKzcse11kKiFdvw14=,JJ76ajUq7CyZPPNf3G8LN8R6jaM=
-25,-701,DIUoMiedazxKzcse11kKiFdvw14=,JJ76ajUq7CyZPPNf3G8LN8R6jaM=
-24,-701,DIUoMiedazxKzcse11kKiFdvw14=,JJ76ajUq7CyZPPNf3G8LN8R6jaM=
-23,-701,DIUoMiedazxKzcse11kKiFdvw14=,JJ76ajUq7CyZPPNf3G8LN8R6jaM=
-22,-701,DIUoMiedazxKzcse11kKiFdvw14=,JJ76ajUq7CyZPPNf3G8LN8R6jaM=
-21,-701,DIUoMiedazxKzcse11kKiFdvw14=,JJ76ajUq7CyZPPNf3G8LN8R6jaM=
-20,-701,DIUoMiedazxKzcse11kKiFdvw14=,JJ76ajUq7CyZPPNf3G8LN8R6jaM=
-19,-701,DIUoMiedazxKzcse11kKiFdvw14=,JJ76ajUq7CyZPPNf3G8LN8R6jaM=
-18,-701,DIUoMiedazxKzcse11kKiFdvw14=,JJ76ajUq7CyZPPNf3G8LN8R6jaM=
-26,-703,DIUoMiedazxKzcse11kKiFdvw14=,JJ76ajUq7CyZPPNf3G8LN8R6jaM=
-32,-704,DIUoMiedazxKzcse11kKiFdvw14=,JJ76ajUq7CyZPPNf3G8LN8R6jaM=
-17,-701,DIUoMiedazxKzcse11kKiFdvw14=,JJ76ajUq7CyZPPNf3G8LN8R6jaM=
-26,-704,DIUoMiedazxKzcse11kKiFdvw14=,JJ76ajUq7CyZPPNf3G8LN8R6jaM=
-32,-700,DIUoMiedazxKzcse11kKiFdvw14=,JJ76ajUq7CyZPPNf3G8LN8R6jaM=
-25,-702,DIUoMiedazxKzcse11kKiFdvw14=,JJ76ajUq7CyZPPNf3G8LN8R6jaM=
-31,-700,DIUoMiedazxKzcse11kKiFdvw14=,JJ76ajUq7CyZPPNf3G8LN8R6jaM=
-30,-700,DIUoMiedazxKzcse11kKiFdvw14=,JJ76ajUq7CyZPPNf3G8LN8R6jaM=
-29,-700,DIUoMiedazxKzcse11kKiFdvw14=,JJ76ajUq7CyZPPNf3G8LN8R6jaM=
-28,-700,DIUoMiedazxKzcse11kKiFdvw14=,JJ76ajUq7CyZPPNf3G8LN8R6jaM=
-27,-700,DIUoMiedazxKzcse11kKiFdvw14=,JJ76ajUq7CyZPPNf3G8LN8R6jaM=
-26,-700,DIUoMiedazxKzcse11kKiFdvw14=,JJ76ajUq7CyZPPNf3G8LN8R6jaM=
-25,-700,DIUoMiedazxKzcse11kKiFdvw14=,JJ76ajUq7CyZPPNf3G8LN8R6jaM=
-24,-700,DIUoMiedazxKzcse11kKiFdvw14=,JJ76ajUq7CyZPPNf3G8LN8R6jaM=
-23,-700,DIUoMiedazxKzcse11kKiFdvw14=,JJ76ajUq7CyZPPNf3G8LN8R6jaM=
-22,-700,DIUoMiedazxKzcse11kKiFdvw14=,JJ76ajUq7CyZPPNf3G8LN8R6jaM=
-21,-700,DIUoMiedazxKzcse11kKiFdvw14=,JJ76ajUq7CyZPPNf3G8LN8R6jaM=
-20,-700,DIUoMiedazxKzcse11kKiFdvw14=,JJ76ajUq7CyZPPNf3G8LN8R6jaM=
-19,-700,DIUoMiedazxKzcse11kKiFdvw14=,JJ76ajUq7CyZPPNf3G8LN8R6jaM=
-18,-700,DIUoMiedazxKzcse11kKiFdvw14=,JJ76ajUq7CyZPPNf3G8LN8R6jaM=
-25,-703,DIUoMiedazxKzcse11kKiFdvw14=,JJ76ajUq7CyZPPNf3G8LN8R6jaM=
-17,-700,DIUoMiedazxKzcse11kKiFdvw14=,JJ76ajUq7CyZPPNf3G8LN8R6jaM=
-25,-704,DIUoMiedazxKzcse11kKiFdvw14=,JJ76ajUq7CyZPPNf3G8LN8R6jaM=
-32,-699,DIUoMiedazxKzcse11kKiFdvw14=,JJ76ajUq7CyZPPNf3G8LN8R6jaM=
-24,-702,DIUoMiedazxKzcse11kKiFdvw14=,JJ76ajUq7CyZPPNf3G8LN8R6jaM=
-31,-699,DIUoMiedazxKzcse11kKiFdvw14=,JJ76ajUq7CyZPPNf3G8LN8R6jaM=
-30,-699,DIUoMiedazxKzcse11kKiFdvw14=,JJ76ajUq7CyZPPNf3G8LN8R6jaM=
-29,-699,DIUoMiedazxKzcse11kKiFdvw14=,JJ76ajUq7CyZPPNf3G8LN8R6jaM=
-28,-699,DIUoMiedazxKzcse11kKiFdvw14=,JJ76ajUq7CyZPPNf3G8LN8R6jaM=
-27,-699,DIUoMiedazxKzcse11kKiFdvw14=,JJ76ajUq7CyZPPNf3G8LN8R6jaM=
-26,-699,DIUoMiedazxKzcse11kKiFdvw14=,JJ76ajUq7CyZPPNf3G8LN8R6jaM=
-25,-699,DIUoMiedazxKzcse11kKiFdvw14=,JJ76ajUq7CyZPPNf3G8LN8R6jaM=
-24,-699,DIUoMiedazxKzcse11kKiFdvw14=,JJ76ajUq7CyZPPNf3G8LN8R6jaM=
-23,-699,DIUoMiedazxKzcse11kKiFdvw14=,JJ76ajUq7CyZPPNf3G8LN8R6jaM=
-22,-699,DIUoMiedazxKzcse11kKiFdvw14=,JJ76ajUq7CyZPPNf3G8LN8R6jaM=
-21,-699,DIUoMiedazxKzcse11kKiFdvw14=,JJ76ajUq7CyZPPNf3G8LN8R6jaM=
-20,-699,DIUoMiedazxKzcse11kKiFdvw14=,JJ76ajUq7CyZPPNf3G8LN8R6jaM=
-19,-699,DIUoMiedazxKzcse11kKiFdvw14=,JJ76ajUq7CyZPPNf3G8LN8R6jaM=
-18,-699,DIUoMiedazxKzcse11kKiFdvw14=,JJ76ajUq7CyZPPNf3G8LN8R6jaM=
-17,-699,DIUoMiedazxKzcse11kKiFdvw14=,JJ76ajUq7CyZPPNf3G8LN8R6jaM=
-24,-703,DIUoMiedazxKzcse11kKiFdvw14=,JJ76ajUq7CyZPPNf3G8LN8R6jaM=
-24,-704,DIUoMiedazxKzcse11kKiFdvw14=,JJ76ajUq7CyZPPNf3G8LN8R6jaM=
-32,-698,DIUoMiedazxKzcse11kKiFdvw14=,JJ76ajUq7CyZPPNf3G8LN8R6jaM=
-23,-702,DIUoMiedazxKzcse11kKiFdvw14=,JJ76ajUq7CyZPPNf3G8LN8R6jaM=
-31,-698,DIUoMiedazxKzcse11kKiFdvw14=,JJ76ajUq7CyZPPNf3G8LN8R6jaM=
-30,-698,DIUoMiedazxKzcse11kKiFdvw14=,JJ76ajUq7CyZPPNf3G8LN8R6jaM=
-29,-698,DIUoMiedazxKzcse11kKiFdvw14=,JJ76ajUq7CyZPPNf3G8LN8R6jaM=
-28,-698,DIUoMiedazxKzcse11kKiFdvw14=,JJ76ajUq7CyZPPNf3G8LN8R6jaM=
-27,-698,DIUoMiedazxKzcse11kKiFdvw14=,JJ76ajUq7CyZPPNf3G8LN8R6jaM=
-26,-698,DIUoMiedazxKzcse11kKiFdvw14=,JJ76ajUq7CyZPPNf3G8LN8R6jaM=
-25,-698,DIUoMiedazxKzcse11kKiFdvw14=,JJ76ajUq7CyZPPNf3G8LN8R6jaM=
-24,-698,DIUoMiedazxKzcse11kKiFdvw14=,JJ76ajUq7CyZPPNf3G8LN8R6jaM=
-23,-698,DIUoMiedazxKzcse11kKiFdvw14=,JJ76ajUq7CyZPPNf3G8LN8R6jaM=
-22,-698,DIUoMiedazxKzcse11kKiFdvw14=,JJ76ajUq7CyZPPNf3G8LN8R6jaM=
-21,-698,DIUoMiedazxKzcse11kKiFdvw14=,JJ76ajUq7CyZPPNf3G8LN8R6jaM=
-20,-698,DIUoMiedazxKzcse11kKiFdvw14=,JJ76ajUq7CyZPPNf3G8LN8R6jaM=
-19,-698,DIUoMiedazxKzcse11kKiFdvw14=,JJ76ajUq7CyZPPNf3G8LN8R6jaM=
-18,-698,DIUoMiedazxKzcse11kKiFdvw14=,JJ76ajUq7CyZPPNf3G8LN8R6jaM=
-17,-698,DIUoMiedazxKzcse11kKiFdvw14=,JJ76ajUq7CyZPPNf3G8LN8R6jaM=
-23,-703,DIUoMiedazxKzcse11kKiFdvw14=,JJ76ajUq7CyZPPNf3G8LN8R6jaM=
-22,-702,DIUoMiedazxKzcse11kKiFdvw14=,JJ76ajUq7CyZPPNf3G8LN8R6jaM=
-23,-704,DIUoMiedazxKzcse11kKiFdvw14=,JJ76ajUq7CyZPPNf3G8LN8R6jaM=
-32,-697,DIUoMiedazxKzcse11kKiFdvw14=,JJ76ajUq7CyZPPNf3G8LN8R6jaM=
-31,-697,DIUoMiedazxKzcse11kKiFdvw14=,JJ76ajUq7CyZPPNf3G8LN8R6jaM=
-30,-697,DIUoMiedazxKzcse11kKiFdvw14=,JJ76ajUq7CyZPPNf3G8LN8R6jaM=
-29,-697,DIUoMiedazxKzcse11kKiFdvw14=,JJ76ajUq7CyZPPNf3G8LN8R6jaM=
-28,-697,DIUoMiedazxKzcse11kKiFdvw14=,JJ76ajUq7CyZPPNf3G8LN8R6jaM=
-27,-697,DIUoMiedazxKzcse11kKiFdvw14=,JJ76ajUq7CyZPPNf3G8LN8R6jaM=
-26,-697,DIUoMiedazxKzcse11kKiFdvw14=,JJ76ajUq7CyZPPNf3G8LN8R6jaM=
-25,-697,DIUoMiedazxKzcse11kKiFdvw14=,JJ76ajUq7CyZPPNf3G8LN8R6jaM=
-24,-697,DIUoMiedazxKzcse11kKiFdvw14=,JJ76ajUq7CyZPPNf3G8LN8R6jaM=
-23,-697,DIUoMiedazxKzcse11kKiFdvw14=,JJ76ajUq7CyZPPNf3G8LN8R6jaM=
-22,-697,DIUoMiedazxKzcse11kKiFdvw14=,JJ76ajUq7CyZPPNf3G8LN8R6jaM=
-21,-697,DIUoMiedazxKzcse11kKiFdvw14=,JJ76ajUq7CyZPPNf3G8LN8R6jaM=
-20,-697,DIUoMiedazxKzcse11kKiFdvw14=,JJ76ajUq7CyZPPNf3G8LN8R6jaM=
-19,-697,DIUoMiedazxKzcse11kKiFdvw14=,JJ76ajUq7CyZPPNf3G8LN8R6jaM=
-18,-697,DIUoMiedazxKzcse11kKiFdvw14=,JJ76ajUq7CyZPPNf3G8LN8R6jaM=
-22,-703,DIUoMiedazxKzcse11kKiFdvw14=,JJ76ajUq7CyZPPNf3G8LN8R6jaM=
-32,-696,DIUoMiedazxKzcse11kKiFdvw14=,JJ76ajUq7CyZPPNf3G8LN8R6jaM=
-17,-697,DIUoMiedazxKzcse11kKiFdvw14=,JJ76ajUq7CyZPPNf3G8LN8R6jaM=
-21,-702,DIUoMiedazxKzcse11kKiFdvw14=,JJ76ajUq7CyZPPNf3G8LN8R6jaM=
-22,-704,DIUoMiedazxKzcse11kKiFdvw14=,JJ76ajUq7CyZPPNf3G8LN8R6jaM=
-31,-696,DIUoMiedazxKzcse11kKiFdvw14=,JJ76ajUq7CyZPPNf3G8LN8R6jaM=
-30,-696,DIUoMiedazxKzcse11kKiFdvw14=,JJ76ajUq7CyZPPNf3G8LN8R6jaM=
-29,-696,DIUoMiedazxKzcse11kKiFdvw14=,JJ76ajUq7CyZPPNf3G8LN8R6jaM=
-28,-696,DIUoMiedazxKzcse11kKiFdvw14=,JJ76ajUq7CyZPPNf3G8LN8R6jaM=
-27,-696,DIUoMiedazxKzcse11kKiFdvw14=,JJ76ajUq7CyZPPNf3G8LN8R6jaM=
-26,-696,DIUoMiedazxKzcse11kKiFdvw14=,JJ76ajUq7CyZPPNf3G8LN8R6jaM=
-25,-696,DIUoMiedazxKzcse11kKiFdvw14=,JJ76ajUq7CyZPPNf3G8LN8R6jaM=
-24,-696,DIUoMiedazxKzcse11kKiFdvw14=,JJ76ajUq7CyZPPNf3G8LN8R6jaM=
-23,-696,DIUoMiedazxKzcse11kKiFdvw14=,JJ76ajUq7CyZPPNf3G8LN8R6jaM=
-22,-696,DIUoMiedazxKzcse11kKiFdvw14=,JJ76ajUq7CyZPPNf3G8LN8R6jaM=
-21,-696,DIUoMiedazxKzcse11kKiFdvw14=,JJ76ajUq7CyZPPNf3G8LN8R6jaM=
-26,-701,DIUoMiedazxKzcse11kKiFdvw14=,JJ76ajUq7CyZPPNf3G8LN8R6jaM=
-20,-696,DIUoMiedazxKzcse11kKiFdvw14=,JJ76ajUq7CyZPPNf3G8LN8R6jaM=
-19,-696,DIUoMiedazxKzcse11kKiFdvw14=,JJ76ajUq7CyZPPNf3G8LN8R6jaM=
-26,-702,DIUoMiedazxKzcse11kKiFdvw14=,JJ76ajUq7CyZPPNf3G8LN8R6jaM=
-18,-696,DIUoMiedazxKzcse11kKiFdvw14=,JJ76ajUq7CyZPPNf3G8LN8R6jaM=
-27,-702,DIUoMiedazxKzcse11kKiFdvw14=,JJ76ajUq7CyZPPNf3G8LN8R6jaM=
-21,-703,DIUoMiedazxKzcse11kKiFdvw14=,JJ76ajUq7CyZPPNf3G8LN8R6jaM=
-17,-696,DIUoMiedazxKzcse11kKiFdvw14=,JJ76ajUq7CyZPPNf3G8LN8R6jaM=
-29,-704,DIUoMiedazxKzcse11kKiFdvw14=,JJ76ajUq7CyZPPNf3G8LN8R6jaM=
-32,-695,DIUoMiedazxKzcse11kKiFdvw14=,JJ76ajUq7CyZPPNf3G8LN8R6jaM=
-27,-701,DIUoMiedazxKzcse11kKiFdvw14=,JJ76ajUq7CyZPPNf3G8LN8R6jaM=
-20,-702,DIUoMiedazxKzcse11kKiFdvw14=,JJ76ajUq7CyZPPNf3G8LN8R6jaM=
-21,-704,DIUoMiedazxKzcse11kKiFdvw14=,JJ76ajUq7CyZPPNf3G8LN8R6jaM=
-28,-701,DIUoMiedazxKzcse11kKiFdvw14=,JJ76ajUq7CyZPPNf3G8LN8R6jaM=
-31,-695,DIUoMiedazxKzcse11kKiFdvw14=,JJ76ajUq7CyZPPNf3G8LN8R6jaM=
-30,-695,DIUoMiedazxKzcse11kKiFdvw14=,JJ76ajUq7CyZPPNf3G8LN8R6jaM=
-29,-701,DIUoMiedazxKzcse11kKiFdvw14=,JJ76ajUq7CyZPPNf3G8LN8R6jaM=
-29,-695,DIUoMiedazxKzcse11kKiFdvw14=,JJ76ajUq7CyZPPNf3G8LN8R6jaM=
-27,-703,DIUoMiedazxKzcse11kKiFdvw14=,JJ76ajUq7CyZPPNf3G8LN8R6jaM=
-28,-695,DIUoMiedazxKzcse11kKiFdvw14=,JJ76ajUq7CyZPPNf3G8LN8R6jaM=
-28,-703,DIUoMiedazxKzcse11kKiFdvw14=,JJ76ajUq7CyZPPNf3G8LN8R6jaM=
-27,-695,DIUoMiedazxKzcse11kKiFdvw14=,JJ76ajUq7CyZPPNf3G8LN8R6jaM=
-31,-704,DIUoMiedazxKzcse11kKiFdvw14=,JJ76ajUq7CyZPPNf3G8LN8R6jaM=
-26,-695,DIUoMiedazxKzcse11kKiFdvw14=,JJ76ajUq7CyZPPNf3G8LN8R6jaM=
-30,-701,DIUoMiedazxKzcse11kKiFdvw14=,JJ76ajUq7CyZPPNf3G8LN8R6jaM=
-25,-695,DIUoMiedazxKzcse11kKiFdvw14=,JJ76ajUq7CyZPPNf3G8LN8R6jaM=
-17,-689,DIUoMiedazxKzcse11kKiFdvw14=,JJ76ajUq7CyZPPNf3G8LN8R6jaM=
-24,-695,DIUoMiedazxKzcse11kKiFdvw14=,JJ76ajUq7CyZPPNf3G8LN8R6jaM=
-28,-702,DIUoMiedazxKzcse11kKiFdvw14=,JJ76ajUq7CyZPPNf3G8LN8R6jaM=
-23,-695,DIUoMiedazxKzcse11kKiFdvw14=,JJ76ajUq7CyZPPNf3G8LN8R6jaM=
-18,-689,DIUoMiedazxKzcse11kKiFdvw14=,JJ76ajUq7CyZPPNf3G8LN8R6jaM=
-22,-695,DIUoMiedazxKzcse11kKiFdvw14=,JJ76ajUq7CyZPPNf3G8LN8R6jaM=
-19,-689,DIUoMiedazxKzcse11kKiFdvw14=,JJ76ajUq7CyZPPNf3G8LN8R6jaM=
-21,-695,DIUoMiedazxKzcse11kKiFdvw14=,JJ76ajUq7CyZPPNf3G8LN8R6jaM=
-20,-689,DIUoMiedazxKzcse11kKiFdvw14=,JJ76ajUq7CyZPPNf3G8LN8R6jaM=
-20,-695,DIUoMiedazxKzcse11kKiFdvw14=,JJ76ajUq7CyZPPNf3G8LN8R6jaM=
-21,-689,DIUoMiedazxKzcse11kKiFdvw14=,JJ76ajUq7CyZPPNf3G8LN8R6jaM=
-19,-695,DIUoMiedazxKzcse11kKiFdvw14=,JJ76ajUq7CyZPPNf3G8LN8R6jaM=
-22,-689,DIUoMiedazxKzcse11kKiFdvw14=,JJ76ajUq7CyZPPNf3G8LN8R6jaM=
-18,-695,DIUoMiedazxKzcse11kKiFdvw14=,JJ76ajUq7CyZPPNf3G8LN8R6jaM=
-23,-689,DIUoMiedazxKzcse11kKiFdvw14=,JJ76ajUq7CyZPPNf3G8LN8R6jaM=
-20,-703,DIUoMiedazxKzcse11kKiFdvw14=,JJ76ajUq7CyZPPNf3G8LN8R6jaM=
-17,-695,DIUoMiedazxKzcse11kKiFdvw14=,JJ76ajUq7CyZPPNf3G8LN8R6jaM=
-24,-689,DIUoMiedazxKzcse11kKiFdvw14=,JJ76ajUq7CyZPPNf3G8LN8R6jaM=
-19,-702,DIUoMiedazxKzcse11kKiFdvw14=,JJ76ajUq7CyZPPNf3G8LN8R6jaM=
-25,-689,DIUoMiedazxKzcse11kKiFdvw14=,JJ76ajUq7CyZPPNf3G8LN8R6jaM=
-32,-694,DIUoMiedazxKzcse11kKiFdvw14=,JJ76ajUq7CyZPPNf3G8LN8R6jaM=
-26,-689,DIUoMiedazxKzcse11kKiFdvw14=,JJ76ajUq7CyZPPNf3G8LN8R6jaM=
-20,-704,DIUoMiedazxKzcse11kKiFdvw14=,JJ76ajUq7CyZPPNf3G8LN8R6jaM=
-27,-689,DIUoMiedazxKzcse11kKiFdvw14=,JJ76ajUq7CyZPPNf3G8LN8R6jaM=
-31,-694,DIUoMiedazxKzcse11kKiFdvw14=,JJ76ajUq7CyZPPNf3G8LN8R6jaM=
-30,-694,DIUoMiedazxKzcse11kKiFdvw14=,JJ76ajUq7CyZPPNf3G8LN8R6jaM=
-28,-689,DIUoMiedazxKzcse11kKiFdvw14=,JJ76ajUq7CyZPPNf3G8LN8R6jaM=
-29,-694,DIUoMiedazxKzcse11kKiFdvw14=,JJ76ajUq7CyZPPNf3G8LN8R6jaM=
-29,-689,DIUoMiedazxKzcse11kKiFdvw14=,JJ76ajUq7CyZPPNf3G8LN8R6jaM=
-28,-694,DIUoMiedazxKzcse11kKiFdvw14=,JJ76ajUq7CyZPPNf3G8LN8R6jaM=
-30,-689,DIUoMiedazxKzcse11kKiFdvw14=,JJ76ajUq7CyZPPNf3G8LN8R6jaM=
-27,-694,DIUoMiedazxKzcse11kKiFdvw14=,JJ76ajUq7CyZPPNf3G8LN8R6jaM=
-31,-689,DIUoMiedazxKzcse11kKiFdvw14=,JJ76ajUq7CyZPPNf3G8LN8R6jaM=
-26,-694,DIUoMiedazxKzcse11kKiFdvw14=,JJ76ajUq7CyZPPNf3G8LN8R6jaM=
-31,-701,DIUoMiedazxKzcse11kKiFdvw14=,JJ76ajUq7CyZPPNf3G8LN8R6jaM=
-25,-694,DIUoMiedazxKzcse11kKiFdvw14=,JJ76ajUq7CyZPPNf3G8LN8R6jaM=
-32,-689,DIUoMiedazxKzcse11kKiFdvw14=,JJ76ajUq7CyZPPNf3G8LN8R6jaM=
-24,-694,DIUoMiedazxKzcse11kKiFdvw14=,JJ76ajUq7CyZPPNf3G8LN8R6jaM=
-28,-704,DIUoMiedazxKzcse11kKiFdvw14=,JJ76ajUq7CyZPPNf3G8LN8R6jaM=
-23,-694,DIUoMiedazxKzcse11kKiFdvw14=,JJ76ajUq7CyZPPNf3G8LN8R6jaM=
-29,-702,DIUoMiedazxKzcse11kKiFdvw14=,JJ76ajUq7CyZPPNf3G8LN8R6jaM=
-22,-694,DIUoMiedazxKzcse11kKiFdvw14=,JJ76ajUq7CyZPPNf3G8LN8R6jaM=
-17,-690,DIUoMiedazxKzcse11kKiFdvw14=,JJ76ajUq7CyZPPNf3G8LN8R6jaM=
-21,-694,DIUoMiedazxKzcse11kKiFdvw14=,JJ76ajUq7CyZPPNf3G8LN8R6jaM=
-18,-690,DIUoMiedazxKzcse11kKiFdvw14=,JJ76ajUq7CyZPPNf3G8LN8R6jaM=
-20,-694,DIUoMiedazxKzcse11kKiFdvw14=,JJ76ajUq7CyZPPNf3G8LN8R6jaM=
-19,-690,DIUoMiedazxKzcse11kKiFdvw14=,JJ76ajUq7CyZPPNf3G8LN8R6jaM=
-19,-694,DIUoMiedazxKzcse11kKiFdvw14=,JJ76ajUq7CyZPPNf3G8LN8R6jaM=
-20,-690,DIUoMiedazxKzcse11kKiFdvw14=,JJ76ajUq7CyZPPNf3G8LN8R6jaM=
-18,-694,DIUoMiedazxKzcse11kKiFdvw14=,JJ76ajUq7CyZPPNf3G8LN8R6jaM=
-21,-690,DIUoMiedazxKzcse11kKiFdvw14=,JJ76ajUq7CyZPPNf3G8LN8R6jaM=
-17,-694,DIUoMiedazxKzcse11kKiFdvw14=,JJ76ajUq7CyZPPNf3G8LN8R6jaM=
-22,-690,DIUoMiedazxKzcse11kKiFdvw14=,JJ76ajUq7CyZPPNf3G8LN8R6jaM=
-19,-703,DIUoMiedazxKzcse11kKiFdvw14=,JJ76ajUq7CyZPPNf3G8LN8R6jaM=
-23,-690,DIUoMiedazxKzcse11kKiFdvw14=,JJ76ajUq7CyZPPNf3G8LN8R6jaM=
-18,-702,DIUoMiedazxKzcse11kKiFdvw14=,JJ76ajUq7CyZPPNf3G8LN8R6jaM=
-24,-690,DIUoMiedazxKzcse11kKiFdvw14=,JJ76ajUq7CyZPPNf3G8LN8R6jaM=
-19,-704,DIUoMiedazxKzcse11kKiFdvw14=,JJ76ajUq7CyZPPNf3G8LN8R6jaM=
-25,-690,DIUoMiedazxKzcse11kKiFdvw14=,JJ76ajUq7CyZPPNf3G8LN8R6jaM=
-32,-693,DIUoMiedazxKzcse11kKiFdvw14=,JJ76ajUq7CyZPPNf3G8LN8R6jaM=
-26,-690,DIUoMiedazxKzcse11kKiFdvw14=,JJ76ajUq7CyZPPNf3G8LN8R6jaM=
-31,-693,DIUoMiedazxKzcse11kKiFdvw14=,JJ76ajUq7CyZPPNf3G8LN8R6jaM=
-27,-690,DIUoMiedazxKzcse11kKiFdvw14=,JJ76ajUq7CyZPPNf3G8LN8R6jaM=
-30,-693,DIUoMiedazxKzcse11kKiFdvw14=,JJ76ajUq7CyZPPNf3G8LN8R6jaM=
-28,-690,DIUoMiedazxKzcse11kKiFdvw14=,JJ76ajUq7CyZPPNf3G8LN8R6jaM=
-29,-693,DIUoMiedazxKzcse11kKiFdvw14=,JJ76ajUq7CyZPPNf3G8LN8R6jaM=
-29,-690,DIUoMiedazxKzcse11kKiFdvw14=,JJ76ajUq7CyZPPNf3G8LN8R6jaM=
-28,-693,DIUoMiedazxKzcse11kKiFdvw14=,JJ76ajUq7CyZPPNf3G8LN8R6jaM=
-30,-690,DIUoMiedazxKzcse11kKiFdvw14=,JJ76ajUq7CyZPPNf3G8LN8R6jaM=
-27,-693,DIUoMiedazxKzcse11kKiFdvw14=,JJ76ajUq7CyZPPNf3G8LN8R6jaM=
-31,-690,DIUoMiedazxKzcse11kKiFdvw14=,JJ76ajUq7CyZPPNf3G8LN8R6jaM=
-26,-693,DIUoMiedazxKzcse11kKiFdvw14=,JJ76ajUq7CyZPPNf3G8LN8R6jaM=
-32,-690,DIUoMiedazxKzcse11kKiFdvw14=,JJ76ajUq7CyZPPNf3G8LN8R6jaM=
-25,-693,DIUoMiedazxKzcse11kKiFdvw14=,JJ76ajUq7CyZPPNf3G8LN8R6jaM=
-24,-693,DIUoMiedazxKzcse11kKiFdvw14=,JJ76ajUq7CyZPPNf3G8LN8R6jaM=
-29,-703,DIUoMiedazxKzcse11kKiFdvw14=,JJ76ajUq7CyZPPNf3G8LN8R6jaM=
-23,-693,DIUoMiedazxKzcse11kKiFdvw14=,JJ76ajUq7CyZPPNf3G8LN8R6jaM=
-17,-691,DIUoMiedazxKzcse11kKiFdvw14=,JJ76ajUq7CyZPPNf3G8LN8R6jaM=
-22,-693,DIUoMiedazxKzcse11kKiFdvw14=,JJ76ajUq7CyZPPNf3G8LN8R6jaM=
-30,-702,DIUoMiedazxKzcse11kKiFdvw14=,JJ76ajUq7CyZPPNf3G8LN8R6jaM=
-21,-693,DIUoMiedazxKzcse11kKiFdvw14=,JJ76ajUq7CyZPPNf3G8LN8R6jaM=
-18,-691,DIUoMiedazxKzcse11kKiFdvw14=,JJ76ajUq7CyZPPNf3G8LN8R6jaM=
-20,-693,DIUoMiedazxKzcse11kKiFdvw14=,JJ76ajUq7CyZPPNf3G8LN8R6jaM=
-19,-691,DIUoMiedazxKzcse11kKiFdvw14=,JJ76ajUq7CyZPPNf3G8LN8R6jaM=
-19,-693,DIUoMiedazxKzcse11kKiFdvw14=,JJ76ajUq7CyZPPNf3G8LN8R6jaM=
-20,-691,DIUoMiedazxKzcse11kKiFdvw14=,JJ76ajUq7CyZPPNf3G8LN8R6jaM=
-18,-693,DIUoMiedazxKzcse11kKiFdvw14=,JJ76ajUq7CyZPPNf3G8LN8R6jaM=
-18,-703,DIUoMiedazxKzcse11kKiFdvw14=,JJ76ajUq7CyZPPNf3G8LN8R6jaM=
-17,-693,DIUoMiedazxKzcse11kKiFdvw14=,JJ76ajUq7CyZPPNf3G8LN8R6jaM=
-21,-691,DIUoMiedazxKzcse11kKiFdvw14=,JJ76ajUq7CyZPPNf3G8LN8R6jaM=
-17,-703,DIUoMiedazxKzcse11kKiFdvw14=,JJ76ajUq7CyZPPNf3G8LN8R6jaM=
-22,-691,DIUoMiedazxKzcse11kKiFdvw14=,JJ76ajUq7CyZPPNf3G8LN8R6jaM=
-17,-702,DIUoMiedazxKzcse11kKiFdvw14=,JJ76ajUq7CyZPPNf3G8LN8R6jaM=
-18,-704,DIUoMiedazxKzcse11kKiFdvw14=,JJ76ajUq7CyZPPNf3G8LN8R6jaM=
-23,-691,DIUoMiedazxKzcse11kKiFdvw14=,JJ76ajUq7CyZPPNf3G8LN8R6jaM=
-30,-704,DIUoMiedazxKzcse11kKiFdvw14=,JJ76ajUq7CyZPPNf3G8LN8R6jaM=
-24,-691,DIUoMiedazxKzcse11kKiFdvw14=,JJ76ajUq7CyZPPNf3G8LN8R6jaM=
-32,-702,DIUoMiedazxKzcse11kKiFdvw14=,JJ76ajUq7CyZPPNf3G8LN8R6jaM=
-25,-691,DIUoMiedazxKzcse11kKiFdvw14=,JJ76ajUq7CyZPPNf3G8LN8R6jaM=
-17,-704,DIUoMiedazxKzcse11kKiFdvw14=,JJ76ajUq7CyZPPNf3G8LN8R6jaM=
-26,-691,DIUoMiedazxKzcse11kKiFdvw14=,JJ76ajUq7CyZPPNf3G8LN8R6jaM=
-32,-701,DIUoMiedazxKzcse11kKiFdvw14=,JJ76ajUq7CyZPPNf3G8LN8R6jaM=
-27,-691,DIUoMiedazxKzcse11kKiFdvw14=,JJ76ajUq7CyZPPNf3G8LN8R6jaM=
-32,-703,DIUoMiedazxKzcse11kKiFdvw14=,JJ76ajUq7CyZPPNf3G8LN8R6jaM=
-28,-691,DIUoMiedazxKzcse11kKiFdvw14=,JJ76ajUq7CyZPPNf3G8LN8R6jaM=
-32,-692,DIUoMiedazxKzcse11kKiFdvw14=,JJ76ajUq7CyZPPNf3G8LN8R6jaM=
-29,-691,DIUoMiedazxKzcse11kKiFdvw14=,JJ76ajUq7CyZPPNf3G8LN8R6jaM=
-31,-703,DIUoMiedazxKzcse11kKiFdvw14=,JJ76ajUq7CyZPPNf3G8LN8R6jaM=
-30,-691,DIUoMiedazxKzcse11kKiFdvw14=,JJ76ajUq7CyZPPNf3G8LN8R6jaM=
-31,-692,DIUoMiedazxKzcse11kKiFdvw14=,JJ76ajUq7CyZPPNf3G8LN8R6jaM=
-31,-691,DIUoMiedazxKzcse11kKiFdvw14=,JJ76ajUq7CyZPPNf3G8LN8R6jaM=
-30,-692,DIUoMiedazxKzcse11kKiFdvw14=,JJ76ajUq7CyZPPNf3G8LN8R6jaM=
-29,-692,DIUoMiedazxKzcse11kKiFdvw14=,JJ76ajUq7CyZPPNf3G8LN8R6jaM=
-28,-692,DIUoMiedazxKzcse11kKiFdvw14=,JJ76ajUq7CyZPPNf3G8LN8R6jaM=
-32,-691,DIUoMiedazxKzcse11kKiFdvw14=,JJ76ajUq7CyZPPNf3G8LN8R6jaM=
-30,-703,DIUoMiedazxKzcse11kKiFdvw14=,JJ76ajUq7CyZPPNf3G8LN8R6jaM=
-27,-692,DIUoMiedazxKzcse11kKiFdvw14=,JJ76ajUq7CyZPPNf3G8LN8R6jaM=
-17,-692,DIUoMiedazxKzcse11kKiFdvw14=,JJ76ajUq7CyZPPNf3G8LN8R6jaM=
-26,-692,DIUoMiedazxKzcse11kKiFdvw14=,JJ76ajUq7CyZPPNf3G8LN8R6jaM=
-31,-702,DIUoMiedazxKzcse11kKiFdvw14=,JJ76ajUq7CyZPPNf3G8LN8R6jaM=
-18,-692,DIUoMiedazxKzcse11kKiFdvw14=,JJ76ajUq7CyZPPNf3G8LN8R6jaM=
-19,-692,DIUoMiedazxKzcse11kKiFdvw14=,JJ76ajUq7CyZPPNf3G8LN8R6jaM=
-20,-692,DIUoMiedazxKzcse11kKiFdvw14=,JJ76ajUq7CyZPPNf3G8LN8R6jaM=
-21,-692,DIUoMiedazxKzcse11kKiFdvw14=,JJ76ajUq7CyZPPNf3G8LN8R6jaM=
-25,-692,DIUoMiedazxKzcse11kKiFdvw14=,JJ76ajUq7CyZPPNf3G8LN8R6jaM=
-22,-692,DIUoMiedazxKzcse11kKiFdvw14=,JJ76ajUq7CyZPPNf3G8LN8R6jaM=
-24,-692,DIUoMiedazxKzcse11kKiFdvw14=,JJ76ajUq7CyZPPNf3G8LN8R6jaM=
-23,-692,DIUoMiedazxKzcse11kKiFdvw14=,JJ76ajUq7CyZPPNf3G8LN8R6jaM=
