-266,83,qYgz97TvrzgNDmeSaTf+akTxiP8=,sD0sGq+Cllk+usIxLzUwFstsyFY=
-265,83,qYgz97TvrzgNDmeSaTf+akTxiP8=,sD0sGq+Cllk+usIxLzUwFstsyFY=
-266,82,qYgz97TvrzgNDmeSaTf+akTxiP8=,sD0sGq+Cllk+usIxLzUwFstsyFY=
-267,80,qYgz97TvrzgNDmeSaTf+akTxiP8=,sD0sGq+Cllk+usIxLzUwFstsyFY=
-267,82,qYgz97TvrzgNDmeSaTf+akTxiP8=,sD0sGq+Cllk+usIxLzUwFstsyFY=
-267,83,qYgz97TvrzgNDmeSaTf+akTxiP8=,sD0sGq+Cllk+usIxLzUwFstsyFY=
-269,80,qYgz97TvrzgNDmeSaTf+akTxiP8=,sD0sGq+Cllk+usIxLzUwFstsyFY=
-268,83,qYgz97TvrzgNDmeSaTf+akTxiP8=,sD0sGq+Cllk+usIxLzUwFstsyFY=
-269,83,qYgz97TvrzgNDmeSaTf+akTxiP8=,sD0sGq+Cllk+usIxLzUwFstsyFY=
-267,81,qYgz97TvrzgNDmeSaTf+akTxiP8=,sD0sGq+Cllk+usIxLzUwFstsyFY=
-270,83,qYgz97TvrzgNDmeSaTf+akTxiP8=,sD0sGq+Cllk+usIxLzUwFstsyFY=
-268,81,qYgz97TvrzgNDmeSaTf+akTxiP8=,sD0sGq+Cllk+usIxLzUwFstsyFY=
-271,80,qYgz97TvrzgNDmeSaTf+akTxiP8=,sD0sGq+Cllk+usIxLzUwFstsyFY=
-257,95,qYgz97TvrzgNDmeSaTf+akTxiP8=,sD0sGq+Cllk+usIxLzUwFstsyFY=
-268,82,qYgz97TvrzgNDmeSaTf+akTxiP8=,sD0sGq+Cllk+usIxLzUwFstsyFY=
-258,95,qYgz97TvrzgNDmeSaTf+akTxiP8=,sD0sGq+Cllk+usIxLzUwFstsyFY=
-259,95,qYgz97TvrzgNDmeSaTf+akTxiP8=,sD0sGq+Cllk+usIxLzUwFstsyFY=
-260,95,qYgz97TvrzgNDmeSaTf+akTxiP8=,sD0sGq+Cllk+usIxLzUwFstsyFY=
-261,95,qYgz97TvrzgNDmeSaTf+akTxiP8=,sD0sGq+Cllk+usIxLzUwFstsyFY=
-262,95,qYgz97TvrzgNDmeSaTf+akTxiP8=,sD0sGq+Cllk+usIxLzUwFstsyFY=
-263,95,qYgz97TvrzgNDmeSaTf+akTxiP8=,sD0sGq+Cllk+usIxLzUwFstsyFY=
-264,95,qYgz97TvrzgNDmeSaTf+akTxiP8=,sD0sGq+Cllk+usIxLzUwFstsyFY=
-265,95,qYgz97TvrzgNDmeSaTf+akTxiP8=,sD0sGq+Cllk+usIxLzUwFstsyFY=
-266,95,qYgz97TvrzgNDmeSaTf+akTxiP8=,sD0sGq+Cllk+usIxLzUwFstsyFY=
-267,95,qYgz97TvrzgNDmeSaTf+akTxiP8=,sD0sGq+Cllk+usIxLzUwFstsyFY=
-268,95,qYgz97TvrzgNDmeSaTf+akTxiP8=,sD0sGq+Cllk+usIxLzUwFstsyFY=
-269,95,qYgz97TvrzgNDmeSaTf+akTxiP8=,sD0sGq+Cllk+usIxLzUwFstsyFY=
-270,95,qYgz97TvrzgNDmeSaTf+akTxiP8=,sD0sGq+Cllk+usIxLzUwFstsyFY=
-271,95,qYgz97TvrzgNDmeSaTf+akTxiP8=,sD0sGq+Cllk+usIxLzUwFstsyFY=
-271,83,qYgz97TvrzgNDmeSaTf+akTxiP8=,sD0sGq+Cllk+usIxLzUwFstsyFY=
-268,80,qYgz97TvrzgNDmeSaTf+akTxiP8=,sD0sGq+Cllk+usIxLzUwFstsyFY=
-272,95,qYgz97TvrzgNDmeSaTf+akTxiP8=,sD0sGq+Cllk+usIxLzUwFstsyFY=
-269,82,qYgz97TvrzgNDmeSaTf+akTxiP8=,sD0sGq+Cllk+usIxLzUwFstsyFY=
-257,94,qYgz97TvrzgNDmeSaTf+akTxiP8=,sD0sGq+Cllk+usIxLzUwFstsyFY=
-258,94,qYgz97TvrzgNDmeSaTf+akTxiP8=,sD0sGq+Cllk+usIxLzUwFstsyFY=
-259,94,qYgz97TvrzgNDmeSaTf+akTxiP8=,sD0sGq+Cllk+usIxLzUwFstsyFY=
-260,94,qYgz97TvrzgNDmeSaTf+akTxiP8=,sD0sGq+Cllk+usIxLzUwFstsyFY=
-261,94,qYgz97TvrzgNDmeSaTf+akTxiP8=,sD0sGq+Cllk+usIxLzUwFstsyFY=
-262,94,qYgz97TvrzgNDmeSaTf+akTxiP8=,sD0sGq+Cllk+usIxLzUwFstsyFY=
-264,94,qYgz97TvrzgNDmeSaTf+akTxiP8=,sD0sGq+Cllk+usIxLzUwFstsyFY=
-265,94,qYgz97TvrzgNDmeSaTf+akTxiP8=,sD0sGq+Cllk+usIxLzUwFstsyFY=
-266,94,qYgz97TvrzgNDmeSaTf+akTxiP8=,sD0sGq+Cllk+usIxLzUwFstsyFY=
-267,94,qYgz97TvrzgNDmeSaTf+akTxiP8=,sD0sGq+Cllk+usIxLzUwFstsyFY=
-263,94,qYgz97TvrzgNDmeSaTf+akTxiP8=,sD0sGq+Cllk+usIxLzUwFstsyFY=
-268,94,qYgz97TvrzgNDmeSaTf+akTxiP8=,sD0sGq+Cllk+usIxLzUwFstsyFY=
-269,94,qYgz97TvrzgNDmeSaTf+akTxiP8=,sD0sGq+Cllk+usIxLzUwFstsyFY=
-270,94,qYgz97TvrzgNDmeSaTf+akTxiP8=,sD0sGq+Cllk+usIxLzUwFstsyFY=
-271,94,qYgz97TvrzgNDmeSaTf+akTxiP8=,sD0sGq+Cllk+usIxLzUwFstsyFY=
-272,94,qYgz97TvrzgNDmeSaTf+akTxiP8=,sD0sGq+Cllk+usIxLzUwFstsyFY=
-257,93,qYgz97TvrzgNDmeSaTf+akTxiP8=,sD0sGq+Cllk+usIxLzUwFstsyFY=
-270,82,qYgz97TvrzgNDmeSaTf+akTxiP8=,sD0sGq+Cllk+usIxLzUwFstsyFY=
-269,81,qYgz97TvrzgNDmeSaTf+akTxiP8=,sD0sGq+Cllk+usIxLzUwFstsyFY=
-258,93,qYgz97TvrzgNDmeSaTf+akTxiP8=,sD0sGq+Cllk+usIxLzUwFstsyFY=
-259,93,qYgz97TvrzgNDmeSaTf+akTxiP8=,sD0sGq+Cllk+usIxLzUwFstsyFY=
-260,93,qYgz97TvrzgNDmeSaTf+akTxiP8=,sD0sGq+Cllk+usIxLzUwFstsyFY=
-261,93,qYgz97TvrzgNDmeSaTf+akTxiP8=,sD0sGq+Cllk+usIxLzUwFstsyFY=
-262,93,qYgz97TvrzgNDmeSaTf+akTxiP8=,sD0sGq+Cllk+usIxLzUwFstsyFY=
-263,93,qYgz97TvrzgNDmeSaTf+akTxiP8=,sD0sGq+Cllk+usIxLzUwFstsyFY=
-264,93,qYgz97TvrzgNDmeSaTf+akTxiP8=,sD0sGq+Cllk+usIxLzUwFstsyFY=
-265,93,qYgz97TvrzgNDmeSaTf+akTxiP8=,sD0sGq+Cllk+usIxLzUwFstsyFY=
-266,93,qYgz97TvrzgNDmeSaTf+akTxiP8=,sD0sGq+Cllk+usIxLzUwFstsyFY=
-267,93,qYgz97TvrzgNDmeSaTf+akTxiP8=,sD0sGq+Cllk+usIxLzUwFstsyFY=
-268,93,qYgz97TvrzgNDmeSaTf+akTxiP8=,sD0sGq+Cllk+usIxLzUwFstsyFY=
-269,93,qYgz97TvrzgNDmeSaTf+akTxiP8=,sD0sGq+Cllk+usIxLzUwFstsyFY=
-270,93,qYgz97TvrzgNDmeSaTf+akTxiP8=,sD0sGq+Cllk+usIxLzUwFstsyFY=
-271,93,qYgz97TvrzgNDmeSaTf+akTxiP8=,sD0sGq+Cllk+usIxLzUwFstsyFY=
-272,93,qYgz97TvrzgNDmeSaTf+akTxiP8=,sD0sGq+Cllk+usIxLzUwFstsyFY=
-257,92,qYgz97TvrzgNDmeSaTf+akTxiP8=,sD0sGq+Cllk+usIxLzUwFstsyFY=
-270,81,qYgz97TvrzgNDmeSaTf+akTxiP8=,sD0sGq+Cllk+usIxLzUwFstsyFY=
-271,82,qYgz97TvrzgNDmeSaTf+akTxiP8=,sD0sGq+Cllk+usIxLzUwFstsyFY=
-258,92,qYgz97TvrzgNDmeSaTf+akTxiP8=,sD0sGq+Cllk+usIxLzUwFstsyFY=
-259,92,qYgz97TvrzgNDmeSaTf+akTxiP8=,sD0sGq+Cllk+usIxLzUwFstsyFY=
-260,92,qYgz97TvrzgNDmeSaTf+akTxiP8=,sD0sGq+Cllk+usIxLzUwFstsyFY=
-261,92,qYgz97TvrzgNDmeSaTf+akTxiP8=,sD0sGq+Cllk+usIxLzUwFstsyFY=
-262,92,qYgz97TvrzgNDmeSaTf+akTxiP8=,sD0sGq+Cllk+usIxLzUwFstsyFY=
-263,92,qYgz97TvrzgNDmeSaTf+akTxiP8=,sD0sGq+Cllk+usIxLzUwFstsyFY=
-264,92,qYgz97TvrzgNDmeSaTf+akTxiP8=,sD0sGq+Cllk+usIxLzUwFstsyFY=
-265,92,qYgz97TvrzgNDmeSaTf+akTxiP8=,sD0sGq+Cllk+usIxLzUwFstsyFY=
-266,92,qYgz97TvrzgNDmeSaTf+akTxiP8=,sD0sGq+Cllk+usIxLzUwFstsyFY=
-267,92,qYgz97TvrzgNDmeSaTf+akTxiP8=,sD0sGq+Cllk+usIxLzUwFstsyFY=
-268,92,qYgz97TvrzgNDmeSaTf+akTxiP8=,sD0sGq+Cllk+usIxLzUwFstsyFY=
-269,92,qYgz97TvrzgNDmeSaTf+akTxiP8=,sD0sGq+Cllk+usIxLzUwFstsyFY=
-270,92,qYgz97TvrzgNDmeSaTf+akTxiP8=,sD0sGq+Cllk+usIxLzUwFstsyFY=
-271,92,qYgz97TvrzgNDmeSaTf+akTxiP8=,sD0sGq+Cllk+usIxLzUwFstsyFY=
-272,92,qYgz97TvrzgNDmeSaTf+akTxiP8=,sD0sGq+Cllk+usIxLzUwFstsyFY=
-271,81,qYgz97TvrzgNDmeSaTf+akTxiP8=,sD0sGq+Cllk+usIxLzUwFstsyFY=
-272,81,qYgz97TvrzgNDmeSaTf+akTxiP8=,sD0sGq+Cllk+usIxLzUwFstsyFY=
-257,80,qYgz97TvrzgNDmeSaTf+akTxiP8=,sD0sGq+Cllk+usIxLzUwFstsyFY=
-270,80,qYgz97TvrzgNDmeSaTf+akTxiP8=,sD0sGq+Cllk+usIxLzUwFstsyFY=
-272,80,qYgz97TvrzgNDmeSaTf+akTxiP8=,sD0sGq+Cllk+usIxLzUwFstsyFY=
-272,82,qYgz97TvrzgNDmeSaTf+akTxiP8=,sD0sGq+Cllk+usIxLzUwFstsyFY=
-258,80,qYgz97TvrzgNDmeSaTf+akTxiP8=,sD0sGq+Cllk+usIxLzUwFstsyFY=
-272,83,qYgz97TvrzgNDmeSaTf+akTxiP8=,sD0sGq+Cllk+usIxLzUwFstsyFY=
-257,82,qYgz97TvrzgNDmeSaTf+akTxiP8=,sD0sGq+Cllk+usIxLzUwFstsyFY=
-257,81,qYgz97TvrzgNDmeSaTf+akTxiP8=,sD0sGq+Cllk+usIxLzUwFstsyFY=
-257,91,qYgz97TvrzgNDmeSaTf+akTxiP8=,sD0sGq+Cllk+usIxLzUwFstsyFY=
-258,81,qYgz97TvrzgNDmeSaTf+akTxiP8=,sD0sGq+Cllk+usIxLzUwFstsyFY=
-258,91,qYgz97TvrzgNDmeSaTf+akTxiP8=,sD0sGq+Cllk+usIxLzUwFstsyFY=
-259,91,qYgz97TvrzgNDmeSaTf+akTxiP8=,sD0sGq+Cllk+usIxLzUwFstsyFY=
-260,91,qYgz97TvrzgNDmeSaTf+akTxiP8=,sD0sGq+Cllk+usIxLzUwFstsyFY=
-261,91,qYgz97TvrzgNDmeSaTf+akTxiP8=,sD0sGq+Cllk+usIxLzUwFstsyFY=
-262,91,qYgz97TvrzgNDmeSaTf+akTxiP8=,sD0sGq+Cllk+usIxLzUwFstsyFY=
-264,91,qYgz97TvrzgNDmeSaTf+akTxiP8=,sD0sGq+Cllk+usIxLzUwFstsyFY=
-263,91,qYgz97TvrzgNDmeSaTf+akTxiP8=,sD0sGq+Cllk+usIxLzUwFstsyFY=
-265,91,qYgz97TvrzgNDmeSaTf+akTxiP8=,sD0sGq+Cllk+usIxLzUwFstsyFY=
-266,91,qYgz97TvrzgNDmeSaTf+akTxiP8=,sD0sGq+Cllk+usIxLzUwFstsyFY=
-267,91,qYgz97TvrzgNDmeSaTf+akTxiP8=,sD0sGq+Cllk+usIxLzUwFstsyFY=
-269,91,qYgz97TvrzgNDmeSaTf+akTxiP8=,sD0sGq+Cllk+usIxLzUwFstsyFY=
-268,91,qYgz97TvrzgNDmeSaTf+akTxiP8=,sD0sGq+Cllk+usIxLzUwFstsyFY=
-270,91,qYgz97TvrzgNDmeSaTf+akTxiP8=,sD0sGq+Cllk+usIxLzUwFstsyFY=
-271,91,qYgz97TvrzgNDmeSaTf+akTxiP8=,sD0sGq+Cllk+usIxLzUwFstsyFY=
-272,91,qYgz97TvrzgNDmeSaTf+akTxiP8=,sD0sGq+Cllk+usIxLzUwFstsyFY=
-259,80,qYgz97TvrzgNDmeSaTf+akTxiP8=,sD0sGq+Cllk+usIxLzUwFstsyFY=
-258,82,qYgz97TvrzgNDmeSaTf+akTxiP8=,sD0sGq+Cllk+usIxLzUwFstsyFY=
-259,81,qYgz97TvrzgNDmeSaTf+akTxiP8=,sD0sGq+Cllk+usIxLzUwFstsyFY=
-257,90,qYgz97TvrzgNDmeSaTf+akTxiP8=,sD0sGq+Cllk+usIxLzUwFstsyFY=
-258,90,qYgz97TvrzgNDmeSaTf+akTxiP8=,sD0sGq+Cllk+usIxLzUwFstsyFY=
-259,90,qYgz97TvrzgNDmeSaTf+akTxiP8=,sD0sGq+Cllk+usIxLzUwFstsyFY=
-260,90,qYgz97TvrzgNDmeSaTf+akTxiP8=,sD0sGq+Cllk+usIxLzUwFstsyFY=
-261,90,qYgz97TvrzgNDmeSaTf+akTxiP8=,sD0sGq+Cllk+usIxLzUwFstsyFY=
-262,90,qYgz97TvrzgNDmeSaTf+akTxiP8=,sD0sGq+Cllk+usIxLzUwFstsyFY=
-263,90,qYgz97TvrzgNDmeSaTf+akTxiP8=,sD0sGq+Cllk+usIxLzUwFstsyFY=
-264,90,qYgz97TvrzgNDmeSaTf+akTxiP8=,sD0sGq+Cllk+usIxLzUwFstsyFY=
-265,90,qYgz97TvrzgNDmeSaTf+akTxiP8=,sD0sGq+Cllk+usIxLzUwFstsyFY=
-266,90,qYgz97TvrzgNDmeSaTf+akTxiP8=,sD0sGq+Cllk+usIxLzUwFstsyFY=
-267,90,qYgz97TvrzgNDmeSaTf+akTxiP8=,sD0sGq+Cllk+usIxLzUwFstsyFY=
-268,90,qYgz97TvrzgNDmeSaTf+akTxiP8=,sD0sGq+Cllk+usIxLzUwFstsyFY=
-269,90,qYgz97TvrzgNDmeSaTf+akTxiP8=,sD0sGq+Cllk+usIxLzUwFstsyFY=
-270,90,qYgz97TvrzgNDmeSaTf+akTxiP8=,sD0sGq+Cllk+usIxLzUwFstsyFY=
-271,90,qYgz97TvrzgNDmeSaTf+akTxiP8=,sD0sGq+Cllk+usIxLzUwFstsyFY=
-272,90,qYgz97TvrzgNDmeSaTf+akTxiP8=,sD0sGq+Cllk+usIxLzUwFstsyFY=
-260,80,qYgz97TvrzgNDmeSaTf+akTxiP8=,sD0sGq+Cllk+usIxLzUwFstsyFY=
-259,82,qYgz97TvrzgNDmeSaTf+akTxiP8=,sD0sGq+Cllk+usIxLzUwFstsyFY=
-260,81,qYgz97TvrzgNDmeSaTf+akTxiP8=,sD0sGq+Cllk+usIxLzUwFstsyFY=
-257,89,qYgz97TvrzgNDmeSaTf+akTxiP8=,sD0sGq+Cllk+usIxLzUwFstsyFY=
-258,89,qYgz97TvrzgNDmeSaTf+akTxiP8=,sD0sGq+Cllk+usIxLzUwFstsyFY=
-259,89,qYgz97TvrzgNDmeSaTf+akTxiP8=,sD0sGq+Cllk+usIxLzUwFstsyFY=
-260,89,qYgz97TvrzgNDmeSaTf+akTxiP8=,sD0sGq+Cllk+usIxLzUwFstsyFY=
-261,89,qYgz97TvrzgNDmeSaTf+akTxiP8=,sD0sGq+Cllk+usIxLzUwFstsyFY=
-262,89,qYgz97TvrzgNDmeSaTf+akTxiP8=,sD0sGq+Cllk+usIxLzUwFstsyFY=
-264,89,qYgz97TvrzgNDmeSaTf+akTxiP8=,sD0sGq+Cllk+usIxLzUwFstsyFY=
-263,89,qYgz97TvrzgNDmeSaTf+akTxiP8=,sD0sGq+Cllk+usIxLzUwFstsyFY=
-265,89,qYgz97TvrzgNDmeSaTf+akTxiP8=,sD0sGq+Cllk+usIxLzUwFstsyFY=
-266,89,qYgz97TvrzgNDmeSaTf+akTxiP8=,sD0sGq+Cllk+usIxLzUwFstsyFY=
-268,89,qYgz97TvrzgNDmeSaTf+akTxiP8=,sD0sGq+Cllk+usIxLzUwFstsyFY=
-267,89,qYgz97TvrzgNDmeSaTf+akTxiP8=,sD0sGq+Cllk+usIxLzUwFstsyFY=
-269,89,qYgz97TvrzgNDmeSaTf+akTxiP8=,sD0sGq+Cllk+usIxLzUwFstsyFY=
-270,89,qYgz97TvrzgNDmeSaTf+akTxiP8=,sD0sGq+Cllk+usIxLzUwFstsyFY=
-271,89,qYgz97TvrzgNDmeSaTf+akTxiP8=,sD0sGq+Cllk+usIxLzUwFstsyFY=
-272,89,qYgz97TvrzgNDmeSaTf+akTxiP8=,sD0sGq+Cllk+usIxLzUwFstsyFY=
-260,82,qYgz97TvrzgNDmeSaTf+akTxiP8=,sD0sGq+Cllk+usIxLzUwFstsyFY=
-261,80,qYgz97TvrzgNDmeSaTf+akTxiP8=,sD0sGq+Cllk+usIxLzUwFstsyFY=
-257,88,qYgz97TvrzgNDmeSaTf+akTxiP8=,sD0sGq+Cllk+usIxLzUwFstsyFY=
-261,81,qYgz97TvrzgNDmeSaTf+akTxiP8=,sD0sGq+Cllk+usIxLzUwFstsyFY=
-258,88,qYgz97TvrzgNDmeSaTf+akTxiP8=,sD0sGq+Cllk+usIxLzUwFstsyFY=
-259,88,qYgz97TvrzgNDmeSaTf+akTxiP8=,sD0sGq+Cllk+usIxLzUwFstsyFY=
-260,88,qYgz97TvrzgNDmeSaTf+akTxiP8=,sD0sGq+Cllk+usIxLzUwFstsyFY=
-261,88,qYgz97TvrzgNDmeSaTf+akTxiP8=,sD0sGq+Cllk+usIxLzUwFstsyFY=
-262,88,qYgz97TvrzgNDmeSaTf+akTxiP8=,sD0sGq+Cllk+usIxLzUwFstsyFY=
-264,88,qYgz97TvrzgNDmeSaTf+akTxiP8=,sD0sGq+Cllk+usIxLzUwFstsyFY=
-263,88,qYgz97TvrzgNDmeSaTf+akTxiP8=,sD0sGq+Cllk+usIxLzUwFstsyFY=
-265,88,qYgz97TvrzgNDmeSaTf+akTxiP8=,sD0sGq+Cllk+usIxLzUwFstsyFY=
-266,88,qYgz97TvrzgNDmeSaTf+akTxiP8=,sD0sGq+Cllk+usIxLzUwFstsyFY=
-267,88,qYgz97TvrzgNDmeSaTf+akTxiP8=,sD0sGq+Cllk+usIxLzUwFstsyFY=
-269,88,qYgz97TvrzgNDmeSaTf+akTxiP8=,sD0sGq+Cllk+usIxLzUwFstsyFY=
-268,88,qYgz97TvrzgNDmeSaTf+akTxiP8=,sD0sGq+Cllk+usIxLzUwFstsyFY=
-270,88,qYgz97TvrzgNDmeSaTf+akTxiP8=,sD0sGq+Cllk+usIxLzUwFstsyFY=
-271,88,qYgz97TvrzgNDmeSaTf+akTxiP8=,sD0sGq+Cllk+usIxLzUwFstsyFY=
-272,88,qYgz97TvrzgNDmeSaTf+akTxiP8=,sD0sGq+Cllk+usIxLzUwFstsyFY=
-262,80,qYgz97TvrzgNDmeSaTf+akTxiP8=,sD0sGq+Cllk+usIxLzUwFstsyFY=
-261,82,qYgz97TvrzgNDmeSaTf+akTxiP8=,sD0sGq+Cllk+usIxLzUwFstsyFY=
-262,81,qYgz97TvrzgNDmeSaTf+akTxiP8=,sD0sGq+Cllk+usIxLzUwFstsyFY=
-257,87,qYgz97TvrzgNDmeSaTf+akTxiP8=,sD0sGq+Cllk+usIxLzUwFstsyFY=
-258,87,qYgz97TvrzgNDmeSaTf+akTxiP8=,sD0sGq+Cllk+usIxLzUwFstsyFY=
-259,87,qYgz97TvrzgNDmeSaTf+akTxiP8=,sD0sGq+Cllk+usIxLzUwFstsyFY=
-260,87,qYgz97TvrzgNDmeSaTf+akTxiP8=,sD0sGq+Cllk+usIxLzUwFstsyFY=
-261,87,qYgz97TvrzgNDmeSaTf+akTxiP8=,sD0sGq+Cllk+usIxLzUwFstsyFY=
-262,87,qYgz97TvrzgNDmeSaTf+akTxiP8=,sD0sGq+Cllk+usIxLzUwFstsyFY=
-263,87,qYgz97TvrzgNDmeSaTf+akTxiP8=,sD0sGq+Cllk+usIxLzUwFstsyFY=
-264,87,qYgz97TvrzgNDmeSaTf+akTxiP8=,sD0sGq+Cllk+usIxLzUwFstsyFY=
-265,87,qYgz97TvrzgNDmeSaTf+akTxiP8=,sD0sGq+Cllk+usIxLzUwFstsyFY=
-266,87,qYgz97TvrzgNDmeSaTf+akTxiP8=,sD0sGq+Cllk+usIxLzUwFstsyFY=
-267,87,qYgz97TvrzgNDmeSaTf+akTxiP8=,sD0sGq+Cllk+usIxLzUwFstsyFY=
-268,87,qYgz97TvrzgNDmeSaTf+akTxiP8=,sD0sGq+Cllk+usIxLzUwFstsyFY=
-269,87,qYgz97TvrzgNDmeSaTf+akTxiP8=,sD0sGq+Cllk+usIxLzUwFstsyFY=
-270,87,qYgz97TvrzgNDmeSaTf+akTxiP8=,sD0sGq+Cllk+usIxLzUwFstsyFY=
-271,87,qYgz97TvrzgNDmeSaTf+akTxiP8=,sD0sGq+Cllk+usIxLzUwFstsyFY=
-272,87,qYgz97TvrzgNDmeSaTf+akTxiP8=,sD0sGq+Cllk+usIxLzUwFstsyFY=
-263,80,qYgz97TvrzgNDmeSaTf+akTxiP8=,sD0sGq+Cllk+usIxLzUwFstsyFY=
-262,82,qYgz97TvrzgNDmeSaTf+akTxiP8=,sD0sGq+Cllk+usIxLzUwFstsyFY=
-263,81,qYgz97TvrzgNDmeSaTf+akTxiP8=,sD0sGq+Cllk+usIxLzUwFstsyFY=
-257,86,qYgz97TvrzgNDmeSaTf+akTxiP8=,sD0sGq+Cllk+usIxLzUwFstsyFY=
-258,86,qYgz97TvrzgNDmeSaTf+akTxiP8=,sD0sGq+Cllk+usIxLzUwFstsyFY=
-259,86,qYgz97TvrzgNDmeSaTf+akTxiP8=,sD0sGq+Cllk+usIxLzUwFstsyFY=
-261,86,qYgz97TvrzgNDmeSaTf+akTxiP8=,sD0sGq+Cllk+usIxLzUwFstsyFY=
-260,86,qYgz97TvrzgNDmeSaTf+akTxiP8=,sD0sGq+Cllk+usIxLzUwFstsyFY=
-262,86,qYgz97TvrzgNDmeSaTf+akTxiP8=,sD0sGq+Cllk+usIxLzUwFstsyFY=
-263,86,qYgz97TvrzgNDmeSaTf+akTxiP8=,sD0sGq+Cllk+usIxLzUwFstsyFY=
-264,86,qYgz97TvrzgNDmeSaTf+akTxiP8=,sD0sGq+Cllk+usIxLzUwFstsyFY=
-265,86,qYgz97TvrzgNDmeSaTf+akTxiP8=,sD0sGq+Cllk+usIxLzUwFstsyFY=
-266,86,qYgz97TvrzgNDmeSaTf+akTxiP8=,sD0sGq+Cllk+usIxLzUwFstsyFY=
-267,86,qYgz97TvrzgNDmeSaTf+akTxiP8=,sD0sGq+Cllk+usIxLzUwFstsyFY=
-268,86,qYgz97TvrzgNDmeSaTf+akTxiP8=,sD0sGq+Cllk+usIxLzUwFstsyFY=
-269,86,qYgz97TvrzgNDmeSaTf+akTxiP8=,sD0sGq+Cllk+usIxLzUwFstsyFY=
-270,86,qYgz97TvrzgNDmeSaTf+akTxiP8=,sD0sGq+Cllk+usIxLzUwFstsyFY=
-271,86,qYgz97TvrzgNDmeSaTf+akTxiP8=,sD0sGq+Cllk+usIxLzUwFstsyFY=
-272,86,qYgz97TvrzgNDmeSaTf+akTxiP8=,sD0sGq+Cllk+usIxLzUwFstsyFY=
-264,80,qYgz97TvrzgNDmeSaTf+akTxiP8=,sD0sGq+Cllk+usIxLzUwFstsyFY=
-263,82,qYgz97TvrzgNDmeSaTf+akTxiP8=,sD0sGq+Cllk+usIxLzUwFstsyFY=
-264,81,qYgz97TvrzgNDmeSaTf+akTxiP8=,sD0sGq+Cllk+usIxLzUwFstsyFY=
-257,85,qYgz97TvrzgNDmeSaTf+akTxiP8=,sD0sGq+Cllk+usIxLzUwFstsyFY=
-258,85,qYgz97TvrzgNDmeSaTf+akTxiP8=,sD0sGq+Cllk+usIxLzUwFstsyFY=
-259,85,qYgz97TvrzgNDmeSaTf+akTxiP8=,sD0sGq+Cllk+usIxLzUwFstsyFY=
-260,85,qYgz97TvrzgNDmeSaTf+akTxiP8=,sD0sGq+Cllk+usIxLzUwFstsyFY=
-261,85,qYgz97TvrzgNDmeSaTf+akTxiP8=,sD0sGq+Cllk+usIxLzUwFstsyFY=
-262,85,qYgz97TvrzgNDmeSaTf+akTxiP8=,sD0sGq+Cllk+usIxLzUwFstsyFY=
-263,85,qYgz97TvrzgNDmeSaTf+akTxiP8=,sD0sGq+Cllk+usIxLzUwFstsyFY=
-264,85,qYgz97TvrzgNDmeSaTf+akTxiP8=,sD0sGq+Cllk+usIxLzUwFstsyFY=
-265,85,qYgz97TvrzgNDmeSaTf+akTxiP8=,sD0sGq+Cllk+usIxLzUwFstsyFY=
-266,85,qYgz97TvrzgNDmeSaTf+akTxiP8=,sD0sGq+Cllk+usIxLzUwFstsyFY=
-267,85,qYgz97TvrzgNDmeSaTf+akTxiP8=,sD0sGq+Cllk+usIxLzUwFstsyFY=
-268,85,qYgz97TvrzgNDmeSaTf+akTxiP8=,sD0sGq+Cllk+usIxLzUwFstsyFY=
-269,85,qYgz97TvrzgNDmeSaTf+akTxiP8=,sD0sGq+Cllk+usIxLzUwFstsyFY=
-270,85,qYgz97TvrzgNDmeSaTf+akTxiP8=,sD0sGq+Cllk+usIxLzUwFstsyFY=
-271,85,qYgz97TvrzgNDmeSaTf+akTxiP8=,sD0sGq+Cllk+usIxLzUwFstsyFY=
-272,85,qYgz97TvrzgNDmeSaTf+akTxiP8=,sD0sGq+Cllk+usIxLzUwFstsyFY=
-265,80,qYgz97TvrzgNDmeSaTf+akTxiP8=,sD0sGq+Cllk+usIxLzUwFstsyFY=
-264,82,qYgz97TvrzgNDmeSaTf+akTxiP8=,sD0sGq+Cllk+usIxLzUwFstsyFY=
-257,84,qYgz97TvrzgNDmeSaTf+akTxiP8=,sD0sGq+Cllk+usIxLzUwFstsyFY=
-265,81,qYgz97TvrzgNDmeSaTf+akTxiP8=,sD0sGq+Cllk+usIxLzUwFstsyFY=
-258,84,qYgz97TvrzgNDmeSaTf+akTxiP8=,sD0sGq+Cllk+usIxLzUwFstsyFY=
-259,84,qYgz97TvrzgNDmeSaTf+akTxiP8=,sD0sGq+Cllk+usIxLzUwFstsyFY=
-260,84,qYgz97TvrzgNDmeSaTf+akTxiP8=,sD0sGq+Cllk+usIxLzUwFstsyFY=
-261,84,qYgz97TvrzgNDmeSaTf+akTxiP8=,sD0sGq+Cllk+usIxLzUwFstsyFY=
-262,84,qYgz97TvrzgNDmeSaTf+akTxiP8=,sD0sGq+Cllk+usIxLzUwFstsyFY=
-263,84,qYgz97TvrzgNDmeSaTf+akTxiP8=,sD0sGq+Cllk+usIxLzUwFstsyFY=
-264,84,qYgz97TvrzgNDmeSaTf+akTxiP8=,sD0sGq+Cllk+usIxLzUwFstsyFY=
-265,84,qYgz97TvrzgNDmeSaTf+akTxiP8=,sD0sGq+Cllk+usIxLzUwFstsyFY=
-266,84,qYgz97TvrzgNDmeSaTf+akTxiP8=,sD0sGq+Cllk+usIxLzUwFstsyFY=
-267,84,qYgz97TvrzgNDmeSaTf+akTxiP8=,sD0sGq+Cllk+usIxLzUwFstsyFY=
-268,84,qYgz97TvrzgNDmeSaTf+akTxiP8=,sD0sGq+Cllk+usIxLzUwFstsyFY=
-269,84,qYgz97TvrzgNDmeSaTf+akTxiP8=,sD0sGq+Cllk+usIxLzUwFstsyFY=
-270,84,qYgz97TvrzgNDmeSaTf+akTxiP8=,sD0sGq+Cllk+usIxLzUwFstsyFY=
-271,84,qYgz97TvrzgNDmeSaTf+akTxiP8=,sD0sGq+Cllk+usIxLzUwFstsyFY=
-272,84,qYgz97TvrzgNDmeSaTf+akTxiP8=,sD0sGq+Cllk+usIxLzUwFstsyFY=
-266,80,qYgz97TvrzgNDmeSaTf+akTxiP8=,sD0sGq+Cllk+usIxLzUwFstsyFY=
-265,82,qYgz97TvrzgNDmeSaTf+akTxiP8=,sD0sGq+Cllk+usIxLzUwFstsyFY=
-257,83,qYgz97TvrzgNDmeSaTf+akTxiP8=,sD0sGq+Cllk+usIxLzUwFstsyFY=
-266,81,qYgz97TvrzgNDmeSaTf+akTxiP8=,sD0sGq+Cllk+usIxLzUwFstsyFY=
-258,83,qYgz97TvrzgNDmeSaTf+akTxiP8=,sD0sGq+Cllk+usIxLzUwFstsyFY=
-259,83,qYgz97TvrzgNDmeSaTf+akTxiP8=,sD0sGq+Cllk+usIxLzUwFstsyFY=
-260,83,qYgz97TvrzgNDmeSaTf+akTxiP8=,sD0sGq+Cllk+usIxLzUwFstsyFY=
-261,83,qYgz97TvrzgNDmeSaTf+akTxiP8=,sD0sGq+Cllk+usIxLzUwFstsyFY=
-262,83,qYgz97TvrzgNDmeSaTf+akTxiP8=,sD0sGq+Cllk+usIxLzUwFstsyFY=
-264,83,qYgz97TvrzgNDmeSaTf+akTxiP8=,sD0sGq+Cllk+usIxLzUwFstsyFY=
-263,83,qYgz97TvrzgNDmeSaTf+akTxiP8=,sD0sGq+Cllk+usIxLzUwFstsyFY=
-265,67,harrDG/563oYn+ptDQrzrqYmnRQ=,RYiPHXJ3h59VjP1cb8oJ2LCg8Ko=
-266,67,harrDG/563oYn+ptDQrzrqYmnRQ=,RYiPHXJ3h59VjP1cb8oJ2LCg8Ko=
-267,64,harrDG/563oYn+ptDQrzrqYmnRQ=,RYiPHXJ3h59VjP1cb8oJ2LCg8Ko=
-266,66,harrDG/563oYn+ptDQrzrqYmnRQ=,RYiPHXJ3h59VjP1cb8oJ2LCg8Ko=
-267,66,harrDG/563oYn+ptDQrzrqYmnRQ=,RYiPHXJ3h59VjP1cb8oJ2LCg8Ko=
-269,64,harrDG/563oYn+ptDQrzrqYmnRQ=,RYiPHXJ3h59VjP1cb8oJ2LCg8Ko=
-267,67,harrDG/563oYn+ptDQrzrqYmnRQ=,RYiPHXJ3h59VjP1cb8oJ2LCg8Ko=
-268,67,harrDG/563oYn+ptDQrzrqYmnRQ=,RYiPHXJ3h59VjP1cb8oJ2LCg8Ko=
-269,67,harrDG/563oYn+ptDQrzrqYmnRQ=,RYiPHXJ3h59VjP1cb8oJ2LCg8Ko=
-267,65,harrDG/563oYn+ptDQrzrqYmnRQ=,RYiPHXJ3h59VjP1cb8oJ2LCg8Ko=
-268,65,harrDG/563oYn+ptDQrzrqYmnRQ=,RYiPHXJ3h59VjP1cb8oJ2LCg8Ko=
-271,64,harrDG/563oYn+ptDQrzrqYmnRQ=,RYiPHXJ3h59VjP1cb8oJ2LCg8Ko=
-270,67,harrDG/563oYn+ptDQrzrqYmnRQ=,RYiPHXJ3h59VjP1cb8oJ2LCg8Ko=
-257,79,harrDG/563oYn+ptDQrzrqYmnRQ=,RYiPHXJ3h59VjP1cb8oJ2LCg8Ko=
-268,66,harrDG/563oYn+ptDQrzrqYmnRQ=,RYiPHXJ3h59VjP1cb8oJ2LCg8Ko=
-258,79,harrDG/563oYn+ptDQrzrqYmnRQ=,RYiPHXJ3h59VjP1cb8oJ2LCg8Ko=
-259,79,harrDG/563oYn+ptDQrzrqYmnRQ=,RYiPHXJ3h59VjP1cb8oJ2LCg8Ko=
-260,79,harrDG/563oYn+ptDQrzrqYmnRQ=,RYiPHXJ3h59VjP1cb8oJ2LCg8Ko=
-261,79,harrDG/563oYn+ptDQrzrqYmnRQ=,RYiPHXJ3h59VjP1cb8oJ2LCg8Ko=
-262,79,harrDG/563oYn+ptDQrzrqYmnRQ=,RYiPHXJ3h59VjP1cb8oJ2LCg8Ko=
-263,79,harrDG/563oYn+ptDQrzrqYmnRQ=,RYiPHXJ3h59VjP1cb8oJ2LCg8Ko=
-264,79,harrDG/563oYn+ptDQrzrqYmnRQ=,RYiPHXJ3h59VjP1cb8oJ2LCg8Ko=
-265,79,harrDG/563oYn+ptDQrzrqYmnRQ=,RYiPHXJ3h59VjP1cb8oJ2LCg8Ko=
-266,79,harrDG/563oYn+ptDQrzrqYmnRQ=,RYiPHXJ3h59VjP1cb8oJ2LCg8Ko=
-267,79,harrDG/563oYn+ptDQrzrqYmnRQ=,RYiPHXJ3h59VjP1cb8oJ2LCg8Ko=
-268,79,harrDG/563oYn+ptDQrzrqYmnRQ=,RYiPHXJ3h59VjP1cb8oJ2LCg8Ko=
-269,79,harrDG/563oYn+ptDQrzrqYmnRQ=,RYiPHXJ3h59VjP1cb8oJ2LCg8Ko=
-270,79,harrDG/563oYn+ptDQrzrqYmnRQ=,RYiPHXJ3h59VjP1cb8oJ2LCg8Ko=
-271,79,harrDG/563oYn+ptDQrzrqYmnRQ=,RYiPHXJ3h59VjP1cb8oJ2LCg8Ko=
-271,67,harrDG/563oYn+ptDQrzrqYmnRQ=,RYiPHXJ3h59VjP1cb8oJ2LCg8Ko=
-272,79,harrDG/563oYn+ptDQrzrqYmnRQ=,RYiPHXJ3h59VjP1cb8oJ2LCg8Ko=
-268,64,harrDG/563oYn+ptDQrzrqYmnRQ=,RYiPHXJ3h59VjP1cb8oJ2LCg8Ko=
-257,78,harrDG/563oYn+ptDQrzrqYmnRQ=,RYiPHXJ3h59VjP1cb8oJ2LCg8Ko=
-269,66,harrDG/563oYn+ptDQrzrqYmnRQ=,RYiPHXJ3h59VjP1cb8oJ2LCg8Ko=
-258,78,harrDG/563oYn+ptDQrzrqYmnRQ=,RYiPHXJ3h59VjP1cb8oJ2LCg8Ko=
-259,78,harrDG/563oYn+ptDQrzrqYmnRQ=,RYiPHXJ3h59VjP1cb8oJ2LCg8Ko=
-260,78,harrDG/563oYn+ptDQrzrqYmnRQ=,RYiPHXJ3h59VjP1cb8oJ2LCg8Ko=
-261,78,harrDG/563oYn+ptDQrzrqYmnRQ=,RYiPHXJ3h59VjP1cb8oJ2LCg8Ko=
-262,78,harrDG/563oYn+ptDQrzrqYmnRQ=,RYiPHXJ3h59VjP1cb8oJ2LCg8Ko=
-263,78,harrDG/563oYn+ptDQrzrqYmnRQ=,RYiPHXJ3h59VjP1cb8oJ2LCg8Ko=
-264,78,harrDG/563oYn+ptDQrzrqYmnRQ=,RYiPHXJ3h59VjP1cb8oJ2LCg8Ko=
-265,78,harrDG/563oYn+ptDQrzrqYmnRQ=,RYiPHXJ3h59VjP1cb8oJ2LCg8Ko=
-266,78,harrDG/563oYn+ptDQrzrqYmnRQ=,RYiPHXJ3h59VjP1cb8oJ2LCg8Ko=
-267,78,harrDG/563oYn+ptDQrzrqYmnRQ=,RYiPHXJ3h59VjP1cb8oJ2LCg8Ko=
-268,78,harrDG/563oYn+ptDQrzrqYmnRQ=,RYiPHXJ3h59VjP1cb8oJ2LCg8Ko=
-269,78,harrDG/563oYn+ptDQrzrqYmnRQ=,RYiPHXJ3h59VjP1cb8oJ2LCg8Ko=
-270,78,harrDG/563oYn+ptDQrzrqYmnRQ=,RYiPHXJ3h59VjP1cb8oJ2LCg8Ko=
-271,78,harrDG/563oYn+ptDQrzrqYmnRQ=,RYiPHXJ3h59VjP1cb8oJ2LCg8Ko=
-269,65,harrDG/563oYn+ptDQrzrqYmnRQ=,RYiPHXJ3h59VjP1cb8oJ2LCg8Ko=
-270,66,harrDG/563oYn+ptDQrzrqYmnRQ=,RYiPHXJ3h59VjP1cb8oJ2LCg8Ko=
-272,78,harrDG/563oYn+ptDQrzrqYmnRQ=,RYiPHXJ3h59VjP1cb8oJ2LCg8Ko=
-257,77,harrDG/563oYn+ptDQrzrqYmnRQ=,RYiPHXJ3h59VjP1cb8oJ2LCg8Ko=
-258,77,harrDG/563oYn+ptDQrzrqYmnRQ=,RYiPHXJ3h59VjP1cb8oJ2LCg8Ko=
-259,77,harrDG/563oYn+ptDQrzrqYmnRQ=,RYiPHXJ3h59VjP1cb8oJ2LCg8Ko=
-260,77,harrDG/563oYn+ptDQrzrqYmnRQ=,RYiPHXJ3h59VjP1cb8oJ2LCg8Ko=
-261,77,harrDG/563oYn+ptDQrzrqYmnRQ=,RYiPHXJ3h59VjP1cb8oJ2LCg8Ko=
-262,77,harrDG/563oYn+ptDQrzrqYmnRQ=,RYiPHXJ3h59VjP1cb8oJ2LCg8Ko=
-263,77,harrDG/563oYn+ptDQrzrqYmnRQ=,RYiPHXJ3h59VjP1cb8oJ2LCg8Ko=
-264,77,harrDG/563oYn+ptDQrzrqYmnRQ=,RYiPHXJ3h59VjP1cb8oJ2LCg8Ko=
-265,77,harrDG/563oYn+ptDQrzrqYmnRQ=,RYiPHXJ3h59VjP1cb8oJ2LCg8Ko=
-266,77,harrDG/563oYn+ptDQrzrqYmnRQ=,RYiPHXJ3h59VjP1cb8oJ2LCg8Ko=
-267,77,harrDG/563oYn+ptDQrzrqYmnRQ=,RYiPHXJ3h59VjP1cb8oJ2LCg8Ko=
-268,77,harrDG/563oYn+ptDQrzrqYmnRQ=,RYiPHXJ3h59VjP1cb8oJ2LCg8Ko=
-269,77,harrDG/563oYn+ptDQrzrqYmnRQ=,RYiPHXJ3h59VjP1cb8oJ2LCg8Ko=
-270,77,harrDG/563oYn+ptDQrzrqYmnRQ=,RYiPHXJ3h59VjP1cb8oJ2LCg8Ko=
-271,77,harrDG/563oYn+ptDQrzrqYmnRQ=,RYiPHXJ3h59VjP1cb8oJ2LCg8Ko=
-270,65,harrDG/563oYn+ptDQrzrqYmnRQ=,RYiPHXJ3h59VjP1cb8oJ2LCg8Ko=
-271,66,harrDG/563oYn+ptDQrzrqYmnRQ=,RYiPHXJ3h59VjP1cb8oJ2LCg8Ko=
-272,77,harrDG/563oYn+ptDQrzrqYmnRQ=,RYiPHXJ3h59VjP1cb8oJ2LCg8Ko=
-257,76,harrDG/563oYn+ptDQrzrqYmnRQ=,RYiPHXJ3h59VjP1cb8oJ2LCg8Ko=
-258,76,harrDG/563oYn+ptDQrzrqYmnRQ=,RYiPHXJ3h59VjP1cb8oJ2LCg8Ko=
-260,76,harrDG/563oYn+ptDQrzrqYmnRQ=,RYiPHXJ3h59VjP1cb8oJ2LCg8Ko=
-259,76,harrDG/563oYn+ptDQrzrqYmnRQ=,RYiPHXJ3h59VjP1cb8oJ2LCg8Ko=
-261,76,harrDG/563oYn+ptDQrzrqYmnRQ=,RYiPHXJ3h59VjP1cb8oJ2LCg8Ko=
-262,76,harrDG/563oYn+ptDQrzrqYmnRQ=,RYiPHXJ3h59VjP1cb8oJ2LCg8Ko=
-263,76,harrDG/563oYn+ptDQrzrqYmnRQ=,RYiPHXJ3h59VjP1cb8oJ2LCg8Ko=
-264,76,harrDG/563oYn+ptDQrzrqYmnRQ=,RYiPHXJ3h59VjP1cb8oJ2LCg8Ko=
-266,76,harrDG/563oYn+ptDQrzrqYmnRQ=,RYiPHXJ3h59VjP1cb8oJ2LCg8Ko=
-265,76,harrDG/563oYn+ptDQrzrqYmnRQ=,RYiPHXJ3h59VjP1cb8oJ2LCg8Ko=
-268,76,harrDG/563oYn+ptDQrzrqYmnRQ=,RYiPHXJ3h59VjP1cb8oJ2LCg8Ko=
-267,76,harrDG/563oYn+ptDQrzrqYmnRQ=,RYiPHXJ3h59VjP1cb8oJ2LCg8Ko=
-269,76,harrDG/563oYn+ptDQrzrqYmnRQ=,RYiPHXJ3h59VjP1cb8oJ2LCg8Ko=
-270,76,harrDG/563oYn+ptDQrzrqYmnRQ=,RYiPHXJ3h59VjP1cb8oJ2LCg8Ko=
-271,76,harrDG/563oYn+ptDQrzrqYmnRQ=,RYiPHXJ3h59VjP1cb8oJ2LCg8Ko=
-271,65,harrDG/563oYn+ptDQrzrqYmnRQ=,RYiPHXJ3h59VjP1cb8oJ2LCg8Ko=
-272,76,harrDG/563oYn+ptDQrzrqYmnRQ=,RYiPHXJ3h59VjP1cb8oJ2LCg8Ko=
-272,65,harrDG/563oYn+ptDQrzrqYmnRQ=,RYiPHXJ3h59VjP1cb8oJ2LCg8Ko=
-257,64,harrDG/563oYn+ptDQrzrqYmnRQ=,RYiPHXJ3h59VjP1cb8oJ2LCg8Ko=
-270,64,harrDG/563oYn+ptDQrzrqYmnRQ=,RYiPHXJ3h59VjP1cb8oJ2LCg8Ko=
-272,67,harrDG/563oYn+ptDQrzrqYmnRQ=,RYiPHXJ3h59VjP1cb8oJ2LCg8Ko=
-272,64,harrDG/563oYn+ptDQrzrqYmnRQ=,RYiPHXJ3h59VjP1cb8oJ2LCg8Ko=
-258,64,harrDG/563oYn+ptDQrzrqYmnRQ=,RYiPHXJ3h59VjP1cb8oJ2LCg8Ko=
-257,66,harrDG/563oYn+ptDQrzrqYmnRQ=,RYiPHXJ3h59VjP1cb8oJ2LCg8Ko=
-272,66,harrDG/563oYn+ptDQrzrqYmnRQ=,RYiPHXJ3h59VjP1cb8oJ2LCg8Ko=
-257,65,harrDG/563oYn+ptDQrzrqYmnRQ=,RYiPHXJ3h59VjP1cb8oJ2LCg8Ko=
-258,65,harrDG/563oYn+ptDQrzrqYmnRQ=,RYiPHXJ3h59VjP1cb8oJ2LCg8Ko=
-257,75,harrDG/563oYn+ptDQrzrqYmnRQ=,RYiPHXJ3h59VjP1cb8oJ2LCg8Ko=
-258,75,harrDG/563oYn+ptDQrzrqYmnRQ=,RYiPHXJ3h59VjP1cb8oJ2LCg8Ko=
-259,75,harrDG/563oYn+ptDQrzrqYmnRQ=,RYiPHXJ3h59VjP1cb8oJ2LCg8Ko=
-260,75,harrDG/563oYn+ptDQrzrqYmnRQ=,RYiPHXJ3h59VjP1cb8oJ2LCg8Ko=
-261,75,harrDG/563oYn+ptDQrzrqYmnRQ=,RYiPHXJ3h59VjP1cb8oJ2LCg8Ko=
-262,75,harrDG/563oYn+ptDQrzrqYmnRQ=,RYiPHXJ3h59VjP1cb8oJ2LCg8Ko=
-263,75,harrDG/563oYn+ptDQrzrqYmnRQ=,RYiPHXJ3h59VjP1cb8oJ2LCg8Ko=
-265,75,harrDG/563oYn+ptDQrzrqYmnRQ=,RYiPHXJ3h59VjP1cb8oJ2LCg8Ko=
-264,75,harrDG/563oYn+ptDQrzrqYmnRQ=,RYiPHXJ3h59VjP1cb8oJ2LCg8Ko=
-266,75,harrDG/563oYn+ptDQrzrqYmnRQ=,RYiPHXJ3h59VjP1cb8oJ2LCg8Ko=
-267,75,harrDG/563oYn+ptDQrzrqYmnRQ=,RYiPHXJ3h59VjP1cb8oJ2LCg8Ko=
-268,75,harrDG/563oYn+ptDQrzrqYmnRQ=,RYiPHXJ3h59VjP1cb8oJ2LCg8Ko=
-269,75,harrDG/563oYn+ptDQrzrqYmnRQ=,RYiPHXJ3h59VjP1cb8oJ2LCg8Ko=
-270,75,harrDG/563oYn+ptDQrzrqYmnRQ=,RYiPHXJ3h59VjP1cb8oJ2LCg8Ko=
-271,75,harrDG/563oYn+ptDQrzrqYmnRQ=,RYiPHXJ3h59VjP1cb8oJ2LCg8Ko=
-259,64,harrDG/563oYn+ptDQrzrqYmnRQ=,RYiPHXJ3h59VjP1cb8oJ2LCg8Ko=
-258,66,harrDG/563oYn+ptDQrzrqYmnRQ=,RYiPHXJ3h59VjP1cb8oJ2LCg8Ko=
-272,75,harrDG/563oYn+ptDQrzrqYmnRQ=,RYiPHXJ3h59VjP1cb8oJ2LCg8Ko=
-257,74,harrDG/563oYn+ptDQrzrqYmnRQ=,RYiPHXJ3h59VjP1cb8oJ2LCg8Ko=
-259,65,harrDG/563oYn+ptDQrzrqYmnRQ=,RYiPHXJ3h59VjP1cb8oJ2LCg8Ko=
-258,74,harrDG/563oYn+ptDQrzrqYmnRQ=,RYiPHXJ3h59VjP1cb8oJ2LCg8Ko=
-259,74,harrDG/563oYn+ptDQrzrqYmnRQ=,RYiPHXJ3h59VjP1cb8oJ2LCg8Ko=
-260,74,harrDG/563oYn+ptDQrzrqYmnRQ=,RYiPHXJ3h59VjP1cb8oJ2LCg8Ko=
-261,74,harrDG/563oYn+ptDQrzrqYmnRQ=,RYiPHXJ3h59VjP1cb8oJ2LCg8Ko=
-262,74,harrDG/563oYn+ptDQrzrqYmnRQ=,RYiPHXJ3h59VjP1cb8oJ2LCg8Ko=
-263,74,harrDG/563oYn+ptDQrzrqYmnRQ=,RYiPHXJ3h59VjP1cb8oJ2LCg8Ko=
-264,74,harrDG/563oYn+ptDQrzrqYmnRQ=,RYiPHXJ3h59VjP1cb8oJ2LCg8Ko=
-265,74,harrDG/563oYn+ptDQrzrqYmnRQ=,RYiPHXJ3h59VjP1cb8oJ2LCg8Ko=
-266,74,harrDG/563oYn+ptDQrzrqYmnRQ=,RYiPHXJ3h59VjP1cb8oJ2LCg8Ko=
-267,74,harrDG/563oYn+ptDQrzrqYmnRQ=,RYiPHXJ3h59VjP1cb8oJ2LCg8Ko=
-268,74,harrDG/563oYn+ptDQrzrqYmnRQ=,RYiPHXJ3h59VjP1cb8oJ2LCg8Ko=
-270,74,harrDG/563oYn+ptDQrzrqYmnRQ=,RYiPHXJ3h59VjP1cb8oJ2LCg8Ko=
-271,74,harrDG/563oYn+ptDQrzrqYmnRQ=,RYiPHXJ3h59VjP1cb8oJ2LCg8Ko=
-269,74,harrDG/563oYn+ptDQrzrqYmnRQ=,RYiPHXJ3h59VjP1cb8oJ2LCg8Ko=
-260,64,harrDG/563oYn+ptDQrzrqYmnRQ=,RYiPHXJ3h59VjP1cb8oJ2LCg8Ko=
-259,66,harrDG/563oYn+ptDQrzrqYmnRQ=,RYiPHXJ3h59VjP1cb8oJ2LCg8Ko=
-272,74,harrDG/563oYn+ptDQrzrqYmnRQ=,RYiPHXJ3h59VjP1cb8oJ2LCg8Ko=
-257,73,harrDG/563oYn+ptDQrzrqYmnRQ=,RYiPHXJ3h59VjP1cb8oJ2LCg8Ko=
-260,65,harrDG/563oYn+ptDQrzrqYmnRQ=,RYiPHXJ3h59VjP1cb8oJ2LCg8Ko=
-258,73,harrDG/563oYn+ptDQrzrqYmnRQ=,RYiPHXJ3h59VjP1cb8oJ2LCg8Ko=
-259,73,harrDG/563oYn+ptDQrzrqYmnRQ=,RYiPHXJ3h59VjP1cb8oJ2LCg8Ko=
-260,73,harrDG/563oYn+ptDQrzrqYmnRQ=,RYiPHXJ3h59VjP1cb8oJ2LCg8Ko=
-261,73,harrDG/563oYn+ptDQrzrqYmnRQ=,RYiPHXJ3h59VjP1cb8oJ2LCg8Ko=
-262,73,harrDG/563oYn+ptDQrzrqYmnRQ=,RYiPHXJ3h59VjP1cb8oJ2LCg8Ko=
-263,73,harrDG/563oYn+ptDQrzrqYmnRQ=,RYiPHXJ3h59VjP1cb8oJ2LCg8Ko=
-264,73,harrDG/563oYn+ptDQrzrqYmnRQ=,RYiPHXJ3h59VjP1cb8oJ2LCg8Ko=
-265,73,harrDG/563oYn+ptDQrzrqYmnRQ=,RYiPHXJ3h59VjP1cb8oJ2LCg8Ko=
-266,73,harrDG/563oYn+ptDQrzrqYmnRQ=,RYiPHXJ3h59VjP1cb8oJ2LCg8Ko=
-267,73,harrDG/563oYn+ptDQrzrqYmnRQ=,RYiPHXJ3h59VjP1cb8oJ2LCg8Ko=
-268,73,harrDG/563oYn+ptDQrzrqYmnRQ=,RYiPHXJ3h59VjP1cb8oJ2LCg8Ko=
-269,73,harrDG/563oYn+ptDQrzrqYmnRQ=,RYiPHXJ3h59VjP1cb8oJ2LCg8Ko=
-270,73,harrDG/563oYn+ptDQrzrqYmnRQ=,RYiPHXJ3h59VjP1cb8oJ2LCg8Ko=
-271,73,harrDG/563oYn+ptDQrzrqYmnRQ=,RYiPHXJ3h59VjP1cb8oJ2LCg8Ko=
-261,64,harrDG/563oYn+ptDQrzrqYmnRQ=,RYiPHXJ3h59VjP1cb8oJ2LCg8Ko=
-260,66,harrDG/563oYn+ptDQrzrqYmnRQ=,RYiPHXJ3h59VjP1cb8oJ2LCg8Ko=
-272,73,harrDG/563oYn+ptDQrzrqYmnRQ=,RYiPHXJ3h59VjP1cb8oJ2LCg8Ko=
-257,72,harrDG/563oYn+ptDQrzrqYmnRQ=,RYiPHXJ3h59VjP1cb8oJ2LCg8Ko=
-261,65,harrDG/563oYn+ptDQrzrqYmnRQ=,RYiPHXJ3h59VjP1cb8oJ2LCg8Ko=
-258,72,harrDG/563oYn+ptDQrzrqYmnRQ=,RYiPHXJ3h59VjP1cb8oJ2LCg8Ko=
-260,72,harrDG/563oYn+ptDQrzrqYmnRQ=,RYiPHXJ3h59VjP1cb8oJ2LCg8Ko=
-259,72,harrDG/563oYn+ptDQrzrqYmnRQ=,RYiPHXJ3h59VjP1cb8oJ2LCg8Ko=
-261,72,harrDG/563oYn+ptDQrzrqYmnRQ=,RYiPHXJ3h59VjP1cb8oJ2LCg8Ko=
-262,72,harrDG/563oYn+ptDQrzrqYmnRQ=,RYiPHXJ3h59VjP1cb8oJ2LCg8Ko=
-263,72,harrDG/563oYn+ptDQrzrqYmnRQ=,RYiPHXJ3h59VjP1cb8oJ2LCg8Ko=
-264,72,harrDG/563oYn+ptDQrzrqYmnRQ=,RYiPHXJ3h59VjP1cb8oJ2LCg8Ko=
-265,72,harrDG/563oYn+ptDQrzrqYmnRQ=,RYiPHXJ3h59VjP1cb8oJ2LCg8Ko=
-266,72,harrDG/563oYn+ptDQrzrqYmnRQ=,RYiPHXJ3h59VjP1cb8oJ2LCg8Ko=
-267,72,harrDG/563oYn+ptDQrzrqYmnRQ=,RYiPHXJ3h59VjP1cb8oJ2LCg8Ko=
-268,72,harrDG/563oYn+ptDQrzrqYmnRQ=,RYiPHXJ3h59VjP1cb8oJ2LCg8Ko=
-269,72,harrDG/563oYn+ptDQrzrqYmnRQ=,RYiPHXJ3h59VjP1cb8oJ2LCg8Ko=
-270,72,harrDG/563oYn+ptDQrzrqYmnRQ=,RYiPHXJ3h59VjP1cb8oJ2LCg8Ko=
-271,72,harrDG/563oYn+ptDQrzrqYmnRQ=,RYiPHXJ3h59VjP1cb8oJ2LCg8Ko=
-262,64,harrDG/563oYn+ptDQrzrqYmnRQ=,RYiPHXJ3h59VjP1cb8oJ2LCg8Ko=
-261,66,harrDG/563oYn+ptDQrzrqYmnRQ=,RYiPHXJ3h59VjP1cb8oJ2LCg8Ko=
-272,72,harrDG/563oYn+ptDQrzrqYmnRQ=,RYiPHXJ3h59VjP1cb8oJ2LCg8Ko=
-257,71,harrDG/563oYn+ptDQrzrqYmnRQ=,RYiPHXJ3h59VjP1cb8oJ2LCg8Ko=
-262,65,harrDG/563oYn+ptDQrzrqYmnRQ=,RYiPHXJ3h59VjP1cb8oJ2LCg8Ko=
-258,71,harrDG/563oYn+ptDQrzrqYmnRQ=,RYiPHXJ3h59VjP1cb8oJ2LCg8Ko=
-259,71,harrDG/563oYn+ptDQrzrqYmnRQ=,RYiPHXJ3h59VjP1cb8oJ2LCg8Ko=
-260,71,harrDG/563oYn+ptDQrzrqYmnRQ=,RYiPHXJ3h59VjP1cb8oJ2LCg8Ko=
-261,71,harrDG/563oYn+ptDQrzrqYmnRQ=,RYiPHXJ3h59VjP1cb8oJ2LCg8Ko=
-263,71,harrDG/563oYn+ptDQrzrqYmnRQ=,RYiPHXJ3h59VjP1cb8oJ2LCg8Ko=
-262,71,harrDG/563oYn+ptDQrzrqYmnRQ=,RYiPHXJ3h59VjP1cb8oJ2LCg8Ko=
-264,71,harrDG/563oYn+ptDQrzrqYmnRQ=,RYiPHXJ3h59VjP1cb8oJ2LCg8Ko=
-265,71,harrDG/563oYn+ptDQrzrqYmnRQ=,RYiPHXJ3h59VjP1cb8oJ2LCg8Ko=
-266,71,harrDG/563oYn+ptDQrzrqYmnRQ=,RYiPHXJ3h59VjP1cb8oJ2LCg8Ko=
-267,71,harrDG/563oYn+ptDQrzrqYmnRQ=,RYiPHXJ3h59VjP1cb8oJ2LCg8Ko=
-268,71,harrDG/563oYn+ptDQrzrqYmnRQ=,RYiPHXJ3h59VjP1cb8oJ2LCg8Ko=
-270,71,harrDG/563oYn+ptDQrzrqYmnRQ=,RYiPHXJ3h59VjP1cb8oJ2LCg8Ko=
-269,71,harrDG/563oYn+ptDQrzrqYmnRQ=,RYiPHXJ3h59VjP1cb8oJ2LCg8Ko=
-271,71,harrDG/563oYn+ptDQrzrqYmnRQ=,RYiPHXJ3h59VjP1cb8oJ2LCg8Ko=
-263,64,harrDG/563oYn+ptDQrzrqYmnRQ=,RYiPHXJ3h59VjP1cb8oJ2LCg8Ko=
-272,71,harrDG/563oYn+ptDQrzrqYmnRQ=,RYiPHXJ3h59VjP1cb8oJ2LCg8Ko=
-257,70,harrDG/563oYn+ptDQrzrqYmnRQ=,RYiPHXJ3h59VjP1cb8oJ2LCg8Ko=
-262,66,harrDG/563oYn+ptDQrzrqYmnRQ=,RYiPHXJ3h59VjP1cb8oJ2LCg8Ko=
-263,65,harrDG/563oYn+ptDQrzrqYmnRQ=,RYiPHXJ3h59VjP1cb8oJ2LCg8Ko=
-259,70,harrDG/563oYn+ptDQrzrqYmnRQ=,RYiPHXJ3h59VjP1cb8oJ2LCg8Ko=
-258,70,harrDG/563oYn+ptDQrzrqYmnRQ=,RYiPHXJ3h59VjP1cb8oJ2LCg8Ko=
-260,70,harrDG/563oYn+ptDQrzrqYmnRQ=,RYiPHXJ3h59VjP1cb8oJ2LCg8Ko=
-261,70,harrDG/563oYn+ptDQrzrqYmnRQ=,RYiPHXJ3h59VjP1cb8oJ2LCg8Ko=
-262,70,harrDG/563oYn+ptDQrzrqYmnRQ=,RYiPHXJ3h59VjP1cb8oJ2LCg8Ko=
-263,70,harrDG/563oYn+ptDQrzrqYmnRQ=,RYiPHXJ3h59VjP1cb8oJ2LCg8Ko=
-264,70,harrDG/563oYn+ptDQrzrqYmnRQ=,RYiPHXJ3h59VjP1cb8oJ2LCg8Ko=
-265,70,harrDG/563oYn+ptDQrzrqYmnRQ=,RYiPHXJ3h59VjP1cb8oJ2LCg8Ko=
-266,70,harrDG/563oYn+ptDQrzrqYmnRQ=,RYiPHXJ3h59VjP1cb8oJ2LCg8Ko=
-267,70,harrDG/563oYn+ptDQrzrqYmnRQ=,RYiPHXJ3h59VjP1cb8oJ2LCg8Ko=
-268,70,harrDG/563oYn+ptDQrzrqYmnRQ=,RYiPHXJ3h59VjP1cb8oJ2LCg8Ko=
-269,70,harrDG/563oYn+ptDQrzrqYmnRQ=,RYiPHXJ3h59VjP1cb8oJ2LCg8Ko=
-270,70,harrDG/563oYn+ptDQrzrqYmnRQ=,RYiPHXJ3h59VjP1cb8oJ2LCg8Ko=
-271,70,harrDG/563oYn+ptDQrzrqYmnRQ=,RYiPHXJ3h59VjP1cb8oJ2LCg8Ko=
-264,64,harrDG/563oYn+ptDQrzrqYmnRQ=,RYiPHXJ3h59VjP1cb8oJ2LCg8Ko=
-263,66,harrDG/563oYn+ptDQrzrqYmnRQ=,RYiPHXJ3h59VjP1cb8oJ2LCg8Ko=
-272,70,harrDG/563oYn+ptDQrzrqYmnRQ=,RYiPHXJ3h59VjP1cb8oJ2LCg8Ko=
-257,69,harrDG/563oYn+ptDQrzrqYmnRQ=,RYiPHXJ3h59VjP1cb8oJ2LCg8Ko=
-264,65,harrDG/563oYn+ptDQrzrqYmnRQ=,RYiPHXJ3h59VjP1cb8oJ2LCg8Ko=
-258,69,harrDG/563oYn+ptDQrzrqYmnRQ=,RYiPHXJ3h59VjP1cb8oJ2LCg8Ko=
-259,69,harrDG/563oYn+ptDQrzrqYmnRQ=,RYiPHXJ3h59VjP1cb8oJ2LCg8Ko=
-260,69,harrDG/563oYn+ptDQrzrqYmnRQ=,RYiPHXJ3h59VjP1cb8oJ2LCg8Ko=
-261,69,harrDG/563oYn+ptDQrzrqYmnRQ=,RYiPHXJ3h59VjP1cb8oJ2LCg8Ko=
-262,69,harrDG/563oYn+ptDQrzrqYmnRQ=,RYiPHXJ3h59VjP1cb8oJ2LCg8Ko=
-264,69,harrDG/563oYn+ptDQrzrqYmnRQ=,RYiPHXJ3h59VjP1cb8oJ2LCg8Ko=
-265,69,harrDG/563oYn+ptDQrzrqYmnRQ=,RYiPHXJ3h59VjP1cb8oJ2LCg8Ko=
-263,69,harrDG/563oYn+ptDQrzrqYmnRQ=,RYiPHXJ3h59VjP1cb8oJ2LCg8Ko=
-266,69,harrDG/563oYn+ptDQrzrqYmnRQ=,RYiPHXJ3h59VjP1cb8oJ2LCg8Ko=
-267,69,harrDG/563oYn+ptDQrzrqYmnRQ=,RYiPHXJ3h59VjP1cb8oJ2LCg8Ko=
-268,69,harrDG/563oYn+ptDQrzrqYmnRQ=,RYiPHXJ3h59VjP1cb8oJ2LCg8Ko=
-269,69,harrDG/563oYn+ptDQrzrqYmnRQ=,RYiPHXJ3h59VjP1cb8oJ2LCg8Ko=
-270,69,harrDG/563oYn+ptDQrzrqYmnRQ=,RYiPHXJ3h59VjP1cb8oJ2LCg8Ko=
-271,69,harrDG/563oYn+ptDQrzrqYmnRQ=,RYiPHXJ3h59VjP1cb8oJ2LCg8Ko=
-265,64,harrDG/563oYn+ptDQrzrqYmnRQ=,RYiPHXJ3h59VjP1cb8oJ2LCg8Ko=
-264,66,harrDG/563oYn+ptDQrzrqYmnRQ=,RYiPHXJ3h59VjP1cb8oJ2LCg8Ko=
-272,69,harrDG/563oYn+ptDQrzrqYmnRQ=,RYiPHXJ3h59VjP1cb8oJ2LCg8Ko=
-265,65,harrDG/563oYn+ptDQrzrqYmnRQ=,RYiPHXJ3h59VjP1cb8oJ2LCg8Ko=
-257,68,harrDG/563oYn+ptDQrzrqYmnRQ=,RYiPHXJ3h59VjP1cb8oJ2LCg8Ko=
-258,68,harrDG/563oYn+ptDQrzrqYmnRQ=,RYiPHXJ3h59VjP1cb8oJ2LCg8Ko=
-259,68,harrDG/563oYn+ptDQrzrqYmnRQ=,RYiPHXJ3h59VjP1cb8oJ2LCg8Ko=
-260,68,harrDG/563oYn+ptDQrzrqYmnRQ=,RYiPHXJ3h59VjP1cb8oJ2LCg8Ko=
-261,68,harrDG/563oYn+ptDQrzrqYmnRQ=,RYiPHXJ3h59VjP1cb8oJ2LCg8Ko=
-262,68,harrDG/563oYn+ptDQrzrqYmnRQ=,RYiPHXJ3h59VjP1cb8oJ2LCg8Ko=
-263,68,harrDG/563oYn+ptDQrzrqYmnRQ=,RYiPHXJ3h59VjP1cb8oJ2LCg8Ko=
-264,68,harrDG/563oYn+ptDQrzrqYmnRQ=,RYiPHXJ3h59VjP1cb8oJ2LCg8Ko=
-265,68,harrDG/563oYn+ptDQrzrqYmnRQ=,RYiPHXJ3h59VjP1cb8oJ2LCg8Ko=
-266,68,harrDG/563oYn+ptDQrzrqYmnRQ=,RYiPHXJ3h59VjP1cb8oJ2LCg8Ko=
-267,68,harrDG/563oYn+ptDQrzrqYmnRQ=,RYiPHXJ3h59VjP1cb8oJ2LCg8Ko=
-268,68,harrDG/563oYn+ptDQrzrqYmnRQ=,RYiPHXJ3h59VjP1cb8oJ2LCg8Ko=
-269,68,harrDG/563oYn+ptDQrzrqYmnRQ=,RYiPHXJ3h59VjP1cb8oJ2LCg8Ko=
-270,68,harrDG/563oYn+ptDQrzrqYmnRQ=,RYiPHXJ3h59VjP1cb8oJ2LCg8Ko=
-271,68,harrDG/563oYn+ptDQrzrqYmnRQ=,RYiPHXJ3h59VjP1cb8oJ2LCg8Ko=
-266,64,harrDG/563oYn+ptDQrzrqYmnRQ=,RYiPHXJ3h59VjP1cb8oJ2LCg8Ko=
-265,66,harrDG/563oYn+ptDQrzrqYmnRQ=,RYiPHXJ3h59VjP1cb8oJ2LCg8Ko=
-272,68,harrDG/563oYn+ptDQrzrqYmnRQ=,RYiPHXJ3h59VjP1cb8oJ2LCg8Ko=
-266,65,harrDG/563oYn+ptDQrzrqYmnRQ=,RYiPHXJ3h59VjP1cb8oJ2LCg8Ko=
-257,67,harrDG/563oYn+ptDQrzrqYmnRQ=,RYiPHXJ3h59VjP1cb8oJ2LCg8Ko=
-258,67,harrDG/563oYn+ptDQrzrqYmnRQ=,RYiPHXJ3h59VjP1cb8oJ2LCg8Ko=
-259,67,harrDG/563oYn+ptDQrzrqYmnRQ=,RYiPHXJ3h59VjP1cb8oJ2LCg8Ko=
-260,67,harrDG/563oYn+ptDQrzrqYmnRQ=,RYiPHXJ3h59VjP1cb8oJ2LCg8Ko=
-261,67,harrDG/563oYn+ptDQrzrqYmnRQ=,RYiPHXJ3h59VjP1cb8oJ2LCg8Ko=
-262,67,harrDG/563oYn+ptDQrzrqYmnRQ=,RYiPHXJ3h59VjP1cb8oJ2LCg8Ko=
-263,67,harrDG/563oYn+ptDQrzrqYmnRQ=,RYiPHXJ3h59VjP1cb8oJ2LCg8Ko=
-264,67,harrDG/563oYn+ptDQrzrqYmnRQ=,RYiPHXJ3h59VjP1cb8oJ2LCg8Ko=
