775,451,OuCCmQ4SKL47XiNbWEi1QBbZTFQ=,AZ5e4g3/1uBwdomJ0MGn6MFs4f0=
774,451,OuCCmQ4SKL47XiNbWEi1QBbZTFQ=,AZ5e4g3/1uBwdomJ0MGn6MFs4f0=
776,451,OuCCmQ4SKL47XiNbWEi1QBbZTFQ=,AZ5e4g3/1uBwdomJ0MGn6MFs4f0=
777,451,OuCCmQ4SKL47XiNbWEi1QBbZTFQ=,AZ5e4g3/1uBwdomJ0MGn6MFs4f0=
778,451,OuCCmQ4SKL47XiNbWEi1QBbZTFQ=,AZ5e4g3/1uBwdomJ0MGn6MFs4f0=
779,451,OuCCmQ4SKL47XiNbWEi1QBbZTFQ=,AZ5e4g3/1uBwdomJ0MGn6MFs4f0=
780,451,OuCCmQ4SKL47XiNbWEi1QBbZTFQ=,AZ5e4g3/1uBwdomJ0MGn6MFs4f0=
781,451,OuCCmQ4SKL47XiNbWEi1QBbZTFQ=,AZ5e4g3/1uBwdomJ0MGn6MFs4f0=
782,451,OuCCmQ4SKL47XiNbWEi1QBbZTFQ=,AZ5e4g3/1uBwdomJ0MGn6MFs4f0=
783,451,OuCCmQ4SKL47XiNbWEi1QBbZTFQ=,AZ5e4g3/1uBwdomJ0MGn6MFs4f0=
774,449,OuCCmQ4SKL47XiNbWEi1QBbZTFQ=,AZ5e4g3/1uBwdomJ0MGn6MFs4f0=
774,448,OuCCmQ4SKL47XiNbWEi1QBbZTFQ=,AZ5e4g3/1uBwdomJ0MGn6MFs4f0=
768,452,OuCCmQ4SKL47XiNbWEi1QBbZTFQ=,AZ5e4g3/1uBwdomJ0MGn6MFs4f0=
775,450,OuCCmQ4SKL47XiNbWEi1QBbZTFQ=,AZ5e4g3/1uBwdomJ0MGn6MFs4f0=
769,452,OuCCmQ4SKL47XiNbWEi1QBbZTFQ=,AZ5e4g3/1uBwdomJ0MGn6MFs4f0=
770,452,OuCCmQ4SKL47XiNbWEi1QBbZTFQ=,AZ5e4g3/1uBwdomJ0MGn6MFs4f0=
771,452,OuCCmQ4SKL47XiNbWEi1QBbZTFQ=,AZ5e4g3/1uBwdomJ0MGn6MFs4f0=
772,452,OuCCmQ4SKL47XiNbWEi1QBbZTFQ=,AZ5e4g3/1uBwdomJ0MGn6MFs4f0=
773,452,OuCCmQ4SKL47XiNbWEi1QBbZTFQ=,AZ5e4g3/1uBwdomJ0MGn6MFs4f0=
774,452,OuCCmQ4SKL47XiNbWEi1QBbZTFQ=,AZ5e4g3/1uBwdomJ0MGn6MFs4f0=
775,452,OuCCmQ4SKL47XiNbWEi1QBbZTFQ=,AZ5e4g3/1uBwdomJ0MGn6MFs4f0=
776,452,OuCCmQ4SKL47XiNbWEi1QBbZTFQ=,AZ5e4g3/1uBwdomJ0MGn6MFs4f0=
777,452,OuCCmQ4SKL47XiNbWEi1QBbZTFQ=,AZ5e4g3/1uBwdomJ0MGn6MFs4f0=
779,452,OuCCmQ4SKL47XiNbWEi1QBbZTFQ=,AZ5e4g3/1uBwdomJ0MGn6MFs4f0=
778,452,OuCCmQ4SKL47XiNbWEi1QBbZTFQ=,AZ5e4g3/1uBwdomJ0MGn6MFs4f0=
780,452,OuCCmQ4SKL47XiNbWEi1QBbZTFQ=,AZ5e4g3/1uBwdomJ0MGn6MFs4f0=
781,452,OuCCmQ4SKL47XiNbWEi1QBbZTFQ=,AZ5e4g3/1uBwdomJ0MGn6MFs4f0=
782,452,OuCCmQ4SKL47XiNbWEi1QBbZTFQ=,AZ5e4g3/1uBwdomJ0MGn6MFs4f0=
775,449,OuCCmQ4SKL47XiNbWEi1QBbZTFQ=,AZ5e4g3/1uBwdomJ0MGn6MFs4f0=
783,452,OuCCmQ4SKL47XiNbWEi1QBbZTFQ=,AZ5e4g3/1uBwdomJ0MGn6MFs4f0=
775,448,OuCCmQ4SKL47XiNbWEi1QBbZTFQ=,AZ5e4g3/1uBwdomJ0MGn6MFs4f0=
768,453,OuCCmQ4SKL47XiNbWEi1QBbZTFQ=,AZ5e4g3/1uBwdomJ0MGn6MFs4f0=
769,453,OuCCmQ4SKL47XiNbWEi1QBbZTFQ=,AZ5e4g3/1uBwdomJ0MGn6MFs4f0=
776,450,OuCCmQ4SKL47XiNbWEi1QBbZTFQ=,AZ5e4g3/1uBwdomJ0MGn6MFs4f0=
770,453,OuCCmQ4SKL47XiNbWEi1QBbZTFQ=,AZ5e4g3/1uBwdomJ0MGn6MFs4f0=
772,453,OuCCmQ4SKL47XiNbWEi1QBbZTFQ=,AZ5e4g3/1uBwdomJ0MGn6MFs4f0=
771,453,OuCCmQ4SKL47XiNbWEi1QBbZTFQ=,AZ5e4g3/1uBwdomJ0MGn6MFs4f0=
773,453,OuCCmQ4SKL47XiNbWEi1QBbZTFQ=,AZ5e4g3/1uBwdomJ0MGn6MFs4f0=
774,453,OuCCmQ4SKL47XiNbWEi1QBbZTFQ=,AZ5e4g3/1uBwdomJ0MGn6MFs4f0=
775,453,OuCCmQ4SKL47XiNbWEi1QBbZTFQ=,AZ5e4g3/1uBwdomJ0MGn6MFs4f0=
776,453,OuCCmQ4SKL47XiNbWEi1QBbZTFQ=,AZ5e4g3/1uBwdomJ0MGn6MFs4f0=
777,453,OuCCmQ4SKL47XiNbWEi1QBbZTFQ=,AZ5e4g3/1uBwdomJ0MGn6MFs4f0=
773,448,OuCCmQ4SKL47XiNbWEi1QBbZTFQ=,AZ5e4g3/1uBwdomJ0MGn6MFs4f0=
779,453,OuCCmQ4SKL47XiNbWEi1QBbZTFQ=,AZ5e4g3/1uBwdomJ0MGn6MFs4f0=
778,453,OuCCmQ4SKL47XiNbWEi1QBbZTFQ=,AZ5e4g3/1uBwdomJ0MGn6MFs4f0=
780,453,OuCCmQ4SKL47XiNbWEi1QBbZTFQ=,AZ5e4g3/1uBwdomJ0MGn6MFs4f0=
774,450,OuCCmQ4SKL47XiNbWEi1QBbZTFQ=,AZ5e4g3/1uBwdomJ0MGn6MFs4f0=
781,453,OuCCmQ4SKL47XiNbWEi1QBbZTFQ=,AZ5e4g3/1uBwdomJ0MGn6MFs4f0=
773,450,OuCCmQ4SKL47XiNbWEi1QBbZTFQ=,AZ5e4g3/1uBwdomJ0MGn6MFs4f0=
782,453,OuCCmQ4SKL47XiNbWEi1QBbZTFQ=,AZ5e4g3/1uBwdomJ0MGn6MFs4f0=
776,449,OuCCmQ4SKL47XiNbWEi1QBbZTFQ=,AZ5e4g3/1uBwdomJ0MGn6MFs4f0=
773,451,OuCCmQ4SKL47XiNbWEi1QBbZTFQ=,AZ5e4g3/1uBwdomJ0MGn6MFs4f0=
771,448,OuCCmQ4SKL47XiNbWEi1QBbZTFQ=,AZ5e4g3/1uBwdomJ0MGn6MFs4f0=
776,448,OuCCmQ4SKL47XiNbWEi1QBbZTFQ=,AZ5e4g3/1uBwdomJ0MGn6MFs4f0=
783,453,OuCCmQ4SKL47XiNbWEi1QBbZTFQ=,AZ5e4g3/1uBwdomJ0MGn6MFs4f0=
768,454,OuCCmQ4SKL47XiNbWEi1QBbZTFQ=,AZ5e4g3/1uBwdomJ0MGn6MFs4f0=
772,451,OuCCmQ4SKL47XiNbWEi1QBbZTFQ=,AZ5e4g3/1uBwdomJ0MGn6MFs4f0=
777,450,OuCCmQ4SKL47XiNbWEi1QBbZTFQ=,AZ5e4g3/1uBwdomJ0MGn6MFs4f0=
769,454,OuCCmQ4SKL47XiNbWEi1QBbZTFQ=,AZ5e4g3/1uBwdomJ0MGn6MFs4f0=
771,451,OuCCmQ4SKL47XiNbWEi1QBbZTFQ=,AZ5e4g3/1uBwdomJ0MGn6MFs4f0=
770,454,OuCCmQ4SKL47XiNbWEi1QBbZTFQ=,AZ5e4g3/1uBwdomJ0MGn6MFs4f0=
773,449,OuCCmQ4SKL47XiNbWEi1QBbZTFQ=,AZ5e4g3/1uBwdomJ0MGn6MFs4f0=
771,454,OuCCmQ4SKL47XiNbWEi1QBbZTFQ=,AZ5e4g3/1uBwdomJ0MGn6MFs4f0=
772,449,OuCCmQ4SKL47XiNbWEi1QBbZTFQ=,AZ5e4g3/1uBwdomJ0MGn6MFs4f0=
772,454,OuCCmQ4SKL47XiNbWEi1QBbZTFQ=,AZ5e4g3/1uBwdomJ0MGn6MFs4f0=
769,448,OuCCmQ4SKL47XiNbWEi1QBbZTFQ=,AZ5e4g3/1uBwdomJ0MGn6MFs4f0=
773,454,OuCCmQ4SKL47XiNbWEi1QBbZTFQ=,AZ5e4g3/1uBwdomJ0MGn6MFs4f0=
770,451,OuCCmQ4SKL47XiNbWEi1QBbZTFQ=,AZ5e4g3/1uBwdomJ0MGn6MFs4f0=
774,454,OuCCmQ4SKL47XiNbWEi1QBbZTFQ=,AZ5e4g3/1uBwdomJ0MGn6MFs4f0=
772,450,OuCCmQ4SKL47XiNbWEi1QBbZTFQ=,AZ5e4g3/1uBwdomJ0MGn6MFs4f0=
775,454,OuCCmQ4SKL47XiNbWEi1QBbZTFQ=,AZ5e4g3/1uBwdomJ0MGn6MFs4f0=
776,454,OuCCmQ4SKL47XiNbWEi1QBbZTFQ=,AZ5e4g3/1uBwdomJ0MGn6MFs4f0=
783,463,OuCCmQ4SKL47XiNbWEi1QBbZTFQ=,AZ5e4g3/1uBwdomJ0MGn6MFs4f0=
782,463,OuCCmQ4SKL47XiNbWEi1QBbZTFQ=,AZ5e4g3/1uBwdomJ0MGn6MFs4f0=
777,454,OuCCmQ4SKL47XiNbWEi1QBbZTFQ=,AZ5e4g3/1uBwdomJ0MGn6MFs4f0=
778,454,OuCCmQ4SKL47XiNbWEi1QBbZTFQ=,AZ5e4g3/1uBwdomJ0MGn6MFs4f0=
781,463,OuCCmQ4SKL47XiNbWEi1QBbZTFQ=,AZ5e4g3/1uBwdomJ0MGn6MFs4f0=
779,454,OuCCmQ4SKL47XiNbWEi1QBbZTFQ=,AZ5e4g3/1uBwdomJ0MGn6MFs4f0=
780,463,OuCCmQ4SKL47XiNbWEi1QBbZTFQ=,AZ5e4g3/1uBwdomJ0MGn6MFs4f0=
780,454,OuCCmQ4SKL47XiNbWEi1QBbZTFQ=,AZ5e4g3/1uBwdomJ0MGn6MFs4f0=
779,463,OuCCmQ4SKL47XiNbWEi1QBbZTFQ=,AZ5e4g3/1uBwdomJ0MGn6MFs4f0=
781,454,OuCCmQ4SKL47XiNbWEi1QBbZTFQ=,AZ5e4g3/1uBwdomJ0MGn6MFs4f0=
778,463,OuCCmQ4SKL47XiNbWEi1QBbZTFQ=,AZ5e4g3/1uBwdomJ0MGn6MFs4f0=
782,454,OuCCmQ4SKL47XiNbWEi1QBbZTFQ=,AZ5e4g3/1uBwdomJ0MGn6MFs4f0=
777,463,OuCCmQ4SKL47XiNbWEi1QBbZTFQ=,AZ5e4g3/1uBwdomJ0MGn6MFs4f0=
777,449,OuCCmQ4SKL47XiNbWEi1QBbZTFQ=,AZ5e4g3/1uBwdomJ0MGn6MFs4f0=
776,463,OuCCmQ4SKL47XiNbWEi1QBbZTFQ=,AZ5e4g3/1uBwdomJ0MGn6MFs4f0=
783,454,OuCCmQ4SKL47XiNbWEi1QBbZTFQ=,AZ5e4g3/1uBwdomJ0MGn6MFs4f0=
775,463,OuCCmQ4SKL47XiNbWEi1QBbZTFQ=,AZ5e4g3/1uBwdomJ0MGn6MFs4f0=
777,448,OuCCmQ4SKL47XiNbWEi1QBbZTFQ=,AZ5e4g3/1uBwdomJ0MGn6MFs4f0=
768,455,OuCCmQ4SKL47XiNbWEi1QBbZTFQ=,AZ5e4g3/1uBwdomJ0MGn6MFs4f0=
774,463,OuCCmQ4SKL47XiNbWEi1QBbZTFQ=,AZ5e4g3/1uBwdomJ0MGn6MFs4f0=
778,450,OuCCmQ4SKL47XiNbWEi1QBbZTFQ=,AZ5e4g3/1uBwdomJ0MGn6MFs4f0=
773,463,OuCCmQ4SKL47XiNbWEi1QBbZTFQ=,AZ5e4g3/1uBwdomJ0MGn6MFs4f0=
769,455,OuCCmQ4SKL47XiNbWEi1QBbZTFQ=,AZ5e4g3/1uBwdomJ0MGn6MFs4f0=
770,455,OuCCmQ4SKL47XiNbWEi1QBbZTFQ=,AZ5e4g3/1uBwdomJ0MGn6MFs4f0=
772,463,OuCCmQ4SKL47XiNbWEi1QBbZTFQ=,AZ5e4g3/1uBwdomJ0MGn6MFs4f0=
771,463,OuCCmQ4SKL47XiNbWEi1QBbZTFQ=,AZ5e4g3/1uBwdomJ0MGn6MFs4f0=
771,455,OuCCmQ4SKL47XiNbWEi1QBbZTFQ=,AZ5e4g3/1uBwdomJ0MGn6MFs4f0=
770,463,OuCCmQ4SKL47XiNbWEi1QBbZTFQ=,AZ5e4g3/1uBwdomJ0MGn6MFs4f0=
772,455,OuCCmQ4SKL47XiNbWEi1QBbZTFQ=,AZ5e4g3/1uBwdomJ0MGn6MFs4f0=
769,463,OuCCmQ4SKL47XiNbWEi1QBbZTFQ=,AZ5e4g3/1uBwdomJ0MGn6MFs4f0=
773,455,OuCCmQ4SKL47XiNbWEi1QBbZTFQ=,AZ5e4g3/1uBwdomJ0MGn6MFs4f0=
774,455,OuCCmQ4SKL47XiNbWEi1QBbZTFQ=,AZ5e4g3/1uBwdomJ0MGn6MFs4f0=
768,463,OuCCmQ4SKL47XiNbWEi1QBbZTFQ=,AZ5e4g3/1uBwdomJ0MGn6MFs4f0=
769,451,OuCCmQ4SKL47XiNbWEi1QBbZTFQ=,AZ5e4g3/1uBwdomJ0MGn6MFs4f0=
775,455,OuCCmQ4SKL47XiNbWEi1QBbZTFQ=,AZ5e4g3/1uBwdomJ0MGn6MFs4f0=
776,455,OuCCmQ4SKL47XiNbWEi1QBbZTFQ=,AZ5e4g3/1uBwdomJ0MGn6MFs4f0=
772,448,OuCCmQ4SKL47XiNbWEi1QBbZTFQ=,AZ5e4g3/1uBwdomJ0MGn6MFs4f0=
771,450,OuCCmQ4SKL47XiNbWEi1QBbZTFQ=,AZ5e4g3/1uBwdomJ0MGn6MFs4f0=
777,455,OuCCmQ4SKL47XiNbWEi1QBbZTFQ=,AZ5e4g3/1uBwdomJ0MGn6MFs4f0=
783,462,OuCCmQ4SKL47XiNbWEi1QBbZTFQ=,AZ5e4g3/1uBwdomJ0MGn6MFs4f0=
778,455,OuCCmQ4SKL47XiNbWEi1QBbZTFQ=,AZ5e4g3/1uBwdomJ0MGn6MFs4f0=
782,462,OuCCmQ4SKL47XiNbWEi1QBbZTFQ=,AZ5e4g3/1uBwdomJ0MGn6MFs4f0=
779,455,OuCCmQ4SKL47XiNbWEi1QBbZTFQ=,AZ5e4g3/1uBwdomJ0MGn6MFs4f0=
781,462,OuCCmQ4SKL47XiNbWEi1QBbZTFQ=,AZ5e4g3/1uBwdomJ0MGn6MFs4f0=
780,455,OuCCmQ4SKL47XiNbWEi1QBbZTFQ=,AZ5e4g3/1uBwdomJ0MGn6MFs4f0=
781,455,OuCCmQ4SKL47XiNbWEi1QBbZTFQ=,AZ5e4g3/1uBwdomJ0MGn6MFs4f0=
780,462,OuCCmQ4SKL47XiNbWEi1QBbZTFQ=,AZ5e4g3/1uBwdomJ0MGn6MFs4f0=
782,455,OuCCmQ4SKL47XiNbWEi1QBbZTFQ=,AZ5e4g3/1uBwdomJ0MGn6MFs4f0=
779,462,OuCCmQ4SKL47XiNbWEi1QBbZTFQ=,AZ5e4g3/1uBwdomJ0MGn6MFs4f0=
778,449,OuCCmQ4SKL47XiNbWEi1QBbZTFQ=,AZ5e4g3/1uBwdomJ0MGn6MFs4f0=
778,462,OuCCmQ4SKL47XiNbWEi1QBbZTFQ=,AZ5e4g3/1uBwdomJ0MGn6MFs4f0=
783,455,OuCCmQ4SKL47XiNbWEi1QBbZTFQ=,AZ5e4g3/1uBwdomJ0MGn6MFs4f0=
777,462,OuCCmQ4SKL47XiNbWEi1QBbZTFQ=,AZ5e4g3/1uBwdomJ0MGn6MFs4f0=
778,448,OuCCmQ4SKL47XiNbWEi1QBbZTFQ=,AZ5e4g3/1uBwdomJ0MGn6MFs4f0=
776,462,OuCCmQ4SKL47XiNbWEi1QBbZTFQ=,AZ5e4g3/1uBwdomJ0MGn6MFs4f0=
768,456,OuCCmQ4SKL47XiNbWEi1QBbZTFQ=,AZ5e4g3/1uBwdomJ0MGn6MFs4f0=
775,462,OuCCmQ4SKL47XiNbWEi1QBbZTFQ=,AZ5e4g3/1uBwdomJ0MGn6MFs4f0=
779,450,OuCCmQ4SKL47XiNbWEi1QBbZTFQ=,AZ5e4g3/1uBwdomJ0MGn6MFs4f0=
774,462,OuCCmQ4SKL47XiNbWEi1QBbZTFQ=,AZ5e4g3/1uBwdomJ0MGn6MFs4f0=
769,456,OuCCmQ4SKL47XiNbWEi1QBbZTFQ=,AZ5e4g3/1uBwdomJ0MGn6MFs4f0=
770,456,OuCCmQ4SKL47XiNbWEi1QBbZTFQ=,AZ5e4g3/1uBwdomJ0MGn6MFs4f0=
773,462,OuCCmQ4SKL47XiNbWEi1QBbZTFQ=,AZ5e4g3/1uBwdomJ0MGn6MFs4f0=
772,462,OuCCmQ4SKL47XiNbWEi1QBbZTFQ=,AZ5e4g3/1uBwdomJ0MGn6MFs4f0=
771,456,OuCCmQ4SKL47XiNbWEi1QBbZTFQ=,AZ5e4g3/1uBwdomJ0MGn6MFs4f0=
771,462,OuCCmQ4SKL47XiNbWEi1QBbZTFQ=,AZ5e4g3/1uBwdomJ0MGn6MFs4f0=
772,456,OuCCmQ4SKL47XiNbWEi1QBbZTFQ=,AZ5e4g3/1uBwdomJ0MGn6MFs4f0=
770,462,OuCCmQ4SKL47XiNbWEi1QBbZTFQ=,AZ5e4g3/1uBwdomJ0MGn6MFs4f0=
773,456,OuCCmQ4SKL47XiNbWEi1QBbZTFQ=,AZ5e4g3/1uBwdomJ0MGn6MFs4f0=
769,462,OuCCmQ4SKL47XiNbWEi1QBbZTFQ=,AZ5e4g3/1uBwdomJ0MGn6MFs4f0=
774,456,OuCCmQ4SKL47XiNbWEi1QBbZTFQ=,AZ5e4g3/1uBwdomJ0MGn6MFs4f0=
771,449,OuCCmQ4SKL47XiNbWEi1QBbZTFQ=,AZ5e4g3/1uBwdomJ0MGn6MFs4f0=
775,456,OuCCmQ4SKL47XiNbWEi1QBbZTFQ=,AZ5e4g3/1uBwdomJ0MGn6MFs4f0=
770,450,OuCCmQ4SKL47XiNbWEi1QBbZTFQ=,AZ5e4g3/1uBwdomJ0MGn6MFs4f0=
776,456,OuCCmQ4SKL47XiNbWEi1QBbZTFQ=,AZ5e4g3/1uBwdomJ0MGn6MFs4f0=
768,462,OuCCmQ4SKL47XiNbWEi1QBbZTFQ=,AZ5e4g3/1uBwdomJ0MGn6MFs4f0=
777,456,OuCCmQ4SKL47XiNbWEi1QBbZTFQ=,AZ5e4g3/1uBwdomJ0MGn6MFs4f0=
783,461,OuCCmQ4SKL47XiNbWEi1QBbZTFQ=,AZ5e4g3/1uBwdomJ0MGn6MFs4f0=
778,456,OuCCmQ4SKL47XiNbWEi1QBbZTFQ=,AZ5e4g3/1uBwdomJ0MGn6MFs4f0=
782,461,OuCCmQ4SKL47XiNbWEi1QBbZTFQ=,AZ5e4g3/1uBwdomJ0MGn6MFs4f0=
779,456,OuCCmQ4SKL47XiNbWEi1QBbZTFQ=,AZ5e4g3/1uBwdomJ0MGn6MFs4f0=
781,461,OuCCmQ4SKL47XiNbWEi1QBbZTFQ=,AZ5e4g3/1uBwdomJ0MGn6MFs4f0=
780,456,OuCCmQ4SKL47XiNbWEi1QBbZTFQ=,AZ5e4g3/1uBwdomJ0MGn6MFs4f0=
780,461,OuCCmQ4SKL47XiNbWEi1QBbZTFQ=,AZ5e4g3/1uBwdomJ0MGn6MFs4f0=
781,456,OuCCmQ4SKL47XiNbWEi1QBbZTFQ=,AZ5e4g3/1uBwdomJ0MGn6MFs4f0=
779,461,OuCCmQ4SKL47XiNbWEi1QBbZTFQ=,AZ5e4g3/1uBwdomJ0MGn6MFs4f0=
782,456,OuCCmQ4SKL47XiNbWEi1QBbZTFQ=,AZ5e4g3/1uBwdomJ0MGn6MFs4f0=
778,461,OuCCmQ4SKL47XiNbWEi1QBbZTFQ=,AZ5e4g3/1uBwdomJ0MGn6MFs4f0=
779,449,OuCCmQ4SKL47XiNbWEi1QBbZTFQ=,AZ5e4g3/1uBwdomJ0MGn6MFs4f0=
777,461,OuCCmQ4SKL47XiNbWEi1QBbZTFQ=,AZ5e4g3/1uBwdomJ0MGn6MFs4f0=
783,456,OuCCmQ4SKL47XiNbWEi1QBbZTFQ=,AZ5e4g3/1uBwdomJ0MGn6MFs4f0=
776,461,OuCCmQ4SKL47XiNbWEi1QBbZTFQ=,AZ5e4g3/1uBwdomJ0MGn6MFs4f0=
779,448,OuCCmQ4SKL47XiNbWEi1QBbZTFQ=,AZ5e4g3/1uBwdomJ0MGn6MFs4f0=
775,461,OuCCmQ4SKL47XiNbWEi1QBbZTFQ=,AZ5e4g3/1uBwdomJ0MGn6MFs4f0=
768,457,OuCCmQ4SKL47XiNbWEi1QBbZTFQ=,AZ5e4g3/1uBwdomJ0MGn6MFs4f0=
774,461,OuCCmQ4SKL47XiNbWEi1QBbZTFQ=,AZ5e4g3/1uBwdomJ0MGn6MFs4f0=
780,450,OuCCmQ4SKL47XiNbWEi1QBbZTFQ=,AZ5e4g3/1uBwdomJ0MGn6MFs4f0=
773,461,OuCCmQ4SKL47XiNbWEi1QBbZTFQ=,AZ5e4g3/1uBwdomJ0MGn6MFs4f0=
769,457,OuCCmQ4SKL47XiNbWEi1QBbZTFQ=,AZ5e4g3/1uBwdomJ0MGn6MFs4f0=
772,461,OuCCmQ4SKL47XiNbWEi1QBbZTFQ=,AZ5e4g3/1uBwdomJ0MGn6MFs4f0=
770,457,OuCCmQ4SKL47XiNbWEi1QBbZTFQ=,AZ5e4g3/1uBwdomJ0MGn6MFs4f0=
771,461,OuCCmQ4SKL47XiNbWEi1QBbZTFQ=,AZ5e4g3/1uBwdomJ0MGn6MFs4f0=
771,457,OuCCmQ4SKL47XiNbWEi1QBbZTFQ=,AZ5e4g3/1uBwdomJ0MGn6MFs4f0=
770,461,OuCCmQ4SKL47XiNbWEi1QBbZTFQ=,AZ5e4g3/1uBwdomJ0MGn6MFs4f0=
772,457,OuCCmQ4SKL47XiNbWEi1QBbZTFQ=,AZ5e4g3/1uBwdomJ0MGn6MFs4f0=
769,461,OuCCmQ4SKL47XiNbWEi1QBbZTFQ=,AZ5e4g3/1uBwdomJ0MGn6MFs4f0=
773,457,OuCCmQ4SKL47XiNbWEi1QBbZTFQ=,AZ5e4g3/1uBwdomJ0MGn6MFs4f0=
770,449,OuCCmQ4SKL47XiNbWEi1QBbZTFQ=,AZ5e4g3/1uBwdomJ0MGn6MFs4f0=
774,457,OuCCmQ4SKL47XiNbWEi1QBbZTFQ=,AZ5e4g3/1uBwdomJ0MGn6MFs4f0=
769,450,OuCCmQ4SKL47XiNbWEi1QBbZTFQ=,AZ5e4g3/1uBwdomJ0MGn6MFs4f0=
775,457,OuCCmQ4SKL47XiNbWEi1QBbZTFQ=,AZ5e4g3/1uBwdomJ0MGn6MFs4f0=
768,461,OuCCmQ4SKL47XiNbWEi1QBbZTFQ=,AZ5e4g3/1uBwdomJ0MGn6MFs4f0=
776,457,OuCCmQ4SKL47XiNbWEi1QBbZTFQ=,AZ5e4g3/1uBwdomJ0MGn6MFs4f0=
777,457,OuCCmQ4SKL47XiNbWEi1QBbZTFQ=,AZ5e4g3/1uBwdomJ0MGn6MFs4f0=
783,460,OuCCmQ4SKL47XiNbWEi1QBbZTFQ=,AZ5e4g3/1uBwdomJ0MGn6MFs4f0=
782,460,OuCCmQ4SKL47XiNbWEi1QBbZTFQ=,AZ5e4g3/1uBwdomJ0MGn6MFs4f0=
778,457,OuCCmQ4SKL47XiNbWEi1QBbZTFQ=,AZ5e4g3/1uBwdomJ0MGn6MFs4f0=
779,457,OuCCmQ4SKL47XiNbWEi1QBbZTFQ=,AZ5e4g3/1uBwdomJ0MGn6MFs4f0=
781,460,OuCCmQ4SKL47XiNbWEi1QBbZTFQ=,AZ5e4g3/1uBwdomJ0MGn6MFs4f0=
780,457,OuCCmQ4SKL47XiNbWEi1QBbZTFQ=,AZ5e4g3/1uBwdomJ0MGn6MFs4f0=
780,460,OuCCmQ4SKL47XiNbWEi1QBbZTFQ=,AZ5e4g3/1uBwdomJ0MGn6MFs4f0=
781,457,OuCCmQ4SKL47XiNbWEi1QBbZTFQ=,AZ5e4g3/1uBwdomJ0MGn6MFs4f0=
779,460,OuCCmQ4SKL47XiNbWEi1QBbZTFQ=,AZ5e4g3/1uBwdomJ0MGn6MFs4f0=
782,457,OuCCmQ4SKL47XiNbWEi1QBbZTFQ=,AZ5e4g3/1uBwdomJ0MGn6MFs4f0=
778,460,OuCCmQ4SKL47XiNbWEi1QBbZTFQ=,AZ5e4g3/1uBwdomJ0MGn6MFs4f0=
780,449,OuCCmQ4SKL47XiNbWEi1QBbZTFQ=,AZ5e4g3/1uBwdomJ0MGn6MFs4f0=
777,460,OuCCmQ4SKL47XiNbWEi1QBbZTFQ=,AZ5e4g3/1uBwdomJ0MGn6MFs4f0=
783,457,OuCCmQ4SKL47XiNbWEi1QBbZTFQ=,AZ5e4g3/1uBwdomJ0MGn6MFs4f0=
776,460,OuCCmQ4SKL47XiNbWEi1QBbZTFQ=,AZ5e4g3/1uBwdomJ0MGn6MFs4f0=
780,448,OuCCmQ4SKL47XiNbWEi1QBbZTFQ=,AZ5e4g3/1uBwdomJ0MGn6MFs4f0=
775,460,OuCCmQ4SKL47XiNbWEi1QBbZTFQ=,AZ5e4g3/1uBwdomJ0MGn6MFs4f0=
781,450,OuCCmQ4SKL47XiNbWEi1QBbZTFQ=,AZ5e4g3/1uBwdomJ0MGn6MFs4f0=
774,460,OuCCmQ4SKL47XiNbWEi1QBbZTFQ=,AZ5e4g3/1uBwdomJ0MGn6MFs4f0=
768,458,OuCCmQ4SKL47XiNbWEi1QBbZTFQ=,AZ5e4g3/1uBwdomJ0MGn6MFs4f0=
773,460,OuCCmQ4SKL47XiNbWEi1QBbZTFQ=,AZ5e4g3/1uBwdomJ0MGn6MFs4f0=
769,458,OuCCmQ4SKL47XiNbWEi1QBbZTFQ=,AZ5e4g3/1uBwdomJ0MGn6MFs4f0=
772,460,OuCCmQ4SKL47XiNbWEi1QBbZTFQ=,AZ5e4g3/1uBwdomJ0MGn6MFs4f0=
770,458,OuCCmQ4SKL47XiNbWEi1QBbZTFQ=,AZ5e4g3/1uBwdomJ0MGn6MFs4f0=
771,460,OuCCmQ4SKL47XiNbWEi1QBbZTFQ=,AZ5e4g3/1uBwdomJ0MGn6MFs4f0=
771,458,OuCCmQ4SKL47XiNbWEi1QBbZTFQ=,AZ5e4g3/1uBwdomJ0MGn6MFs4f0=
770,460,OuCCmQ4SKL47XiNbWEi1QBbZTFQ=,AZ5e4g3/1uBwdomJ0MGn6MFs4f0=
772,458,OuCCmQ4SKL47XiNbWEi1QBbZTFQ=,AZ5e4g3/1uBwdomJ0MGn6MFs4f0=
769,460,OuCCmQ4SKL47XiNbWEi1QBbZTFQ=,AZ5e4g3/1uBwdomJ0MGn6MFs4f0=
768,460,OuCCmQ4SKL47XiNbWEi1QBbZTFQ=,AZ5e4g3/1uBwdomJ0MGn6MFs4f0=
773,458,OuCCmQ4SKL47XiNbWEi1QBbZTFQ=,AZ5e4g3/1uBwdomJ0MGn6MFs4f0=
769,449,OuCCmQ4SKL47XiNbWEi1QBbZTFQ=,AZ5e4g3/1uBwdomJ0MGn6MFs4f0=
774,458,OuCCmQ4SKL47XiNbWEi1QBbZTFQ=,AZ5e4g3/1uBwdomJ0MGn6MFs4f0=
768,449,OuCCmQ4SKL47XiNbWEi1QBbZTFQ=,AZ5e4g3/1uBwdomJ0MGn6MFs4f0=
775,458,OuCCmQ4SKL47XiNbWEi1QBbZTFQ=,AZ5e4g3/1uBwdomJ0MGn6MFs4f0=
768,451,OuCCmQ4SKL47XiNbWEi1QBbZTFQ=,AZ5e4g3/1uBwdomJ0MGn6MFs4f0=
776,458,OuCCmQ4SKL47XiNbWEi1QBbZTFQ=,AZ5e4g3/1uBwdomJ0MGn6MFs4f0=
770,448,OuCCmQ4SKL47XiNbWEi1QBbZTFQ=,AZ5e4g3/1uBwdomJ0MGn6MFs4f0=
777,458,OuCCmQ4SKL47XiNbWEi1QBbZTFQ=,AZ5e4g3/1uBwdomJ0MGn6MFs4f0=
783,448,OuCCmQ4SKL47XiNbWEi1QBbZTFQ=,AZ5e4g3/1uBwdomJ0MGn6MFs4f0=
778,458,OuCCmQ4SKL47XiNbWEi1QBbZTFQ=,AZ5e4g3/1uBwdomJ0MGn6MFs4f0=
768,448,OuCCmQ4SKL47XiNbWEi1QBbZTFQ=,AZ5e4g3/1uBwdomJ0MGn6MFs4f0=
779,458,OuCCmQ4SKL47XiNbWEi1QBbZTFQ=,AZ5e4g3/1uBwdomJ0MGn6MFs4f0=
768,450,OuCCmQ4SKL47XiNbWEi1QBbZTFQ=,AZ5e4g3/1uBwdomJ0MGn6MFs4f0=
780,458,OuCCmQ4SKL47XiNbWEi1QBbZTFQ=,AZ5e4g3/1uBwdomJ0MGn6MFs4f0=
783,450,OuCCmQ4SKL47XiNbWEi1QBbZTFQ=,AZ5e4g3/1uBwdomJ0MGn6MFs4f0=
781,458,OuCCmQ4SKL47XiNbWEi1QBbZTFQ=,AZ5e4g3/1uBwdomJ0MGn6MFs4f0=
782,448,OuCCmQ4SKL47XiNbWEi1QBbZTFQ=,AZ5e4g3/1uBwdomJ0MGn6MFs4f0=
782,458,OuCCmQ4SKL47XiNbWEi1QBbZTFQ=,AZ5e4g3/1uBwdomJ0MGn6MFs4f0=
783,449,OuCCmQ4SKL47XiNbWEi1QBbZTFQ=,AZ5e4g3/1uBwdomJ0MGn6MFs4f0=
781,449,OuCCmQ4SKL47XiNbWEi1QBbZTFQ=,AZ5e4g3/1uBwdomJ0MGn6MFs4f0=
782,449,OuCCmQ4SKL47XiNbWEi1QBbZTFQ=,AZ5e4g3/1uBwdomJ0MGn6MFs4f0=
783,458,OuCCmQ4SKL47XiNbWEi1QBbZTFQ=,AZ5e4g3/1uBwdomJ0MGn6MFs4f0=
783,459,OuCCmQ4SKL47XiNbWEi1QBbZTFQ=,AZ5e4g3/1uBwdomJ0MGn6MFs4f0=
781,448,OuCCmQ4SKL47XiNbWEi1QBbZTFQ=,AZ5e4g3/1uBwdomJ0MGn6MFs4f0=
782,459,OuCCmQ4SKL47XiNbWEi1QBbZTFQ=,AZ5e4g3/1uBwdomJ0MGn6MFs4f0=
782,450,OuCCmQ4SKL47XiNbWEi1QBbZTFQ=,AZ5e4g3/1uBwdomJ0MGn6MFs4f0=
781,459,OuCCmQ4SKL47XiNbWEi1QBbZTFQ=,AZ5e4g3/1uBwdomJ0MGn6MFs4f0=
768,459,OuCCmQ4SKL47XiNbWEi1QBbZTFQ=,AZ5e4g3/1uBwdomJ0MGn6MFs4f0=
769,459,OuCCmQ4SKL47XiNbWEi1QBbZTFQ=,AZ5e4g3/1uBwdomJ0MGn6MFs4f0=
780,459,OuCCmQ4SKL47XiNbWEi1QBbZTFQ=,AZ5e4g3/1uBwdomJ0MGn6MFs4f0=
770,459,OuCCmQ4SKL47XiNbWEi1QBbZTFQ=,AZ5e4g3/1uBwdomJ0MGn6MFs4f0=
779,459,OuCCmQ4SKL47XiNbWEi1QBbZTFQ=,AZ5e4g3/1uBwdomJ0MGn6MFs4f0=
771,459,OuCCmQ4SKL47XiNbWEi1QBbZTFQ=,AZ5e4g3/1uBwdomJ0MGn6MFs4f0=
778,459,OuCCmQ4SKL47XiNbWEi1QBbZTFQ=,AZ5e4g3/1uBwdomJ0MGn6MFs4f0=
772,459,OuCCmQ4SKL47XiNbWEi1QBbZTFQ=,AZ5e4g3/1uBwdomJ0MGn6MFs4f0=
777,459,OuCCmQ4SKL47XiNbWEi1QBbZTFQ=,AZ5e4g3/1uBwdomJ0MGn6MFs4f0=
773,459,OuCCmQ4SKL47XiNbWEi1QBbZTFQ=,AZ5e4g3/1uBwdomJ0MGn6MFs4f0=
776,459,OuCCmQ4SKL47XiNbWEi1QBbZTFQ=,AZ5e4g3/1uBwdomJ0MGn6MFs4f0=
774,459,OuCCmQ4SKL47XiNbWEi1QBbZTFQ=,AZ5e4g3/1uBwdomJ0MGn6MFs4f0=
775,459,OuCCmQ4SKL47XiNbWEi1QBbZTFQ=,AZ5e4g3/1uBwdomJ0MGn6MFs4f0=
