32,40,+07QNP9/9WKc/vzY/lX6ox8eX3U=,gjHuIzH3jhXJERTONALFAZHvsXA=
33,33,bJkY63u1fDsGIIzfke/a+SYk9RE=,T1wDrp+J8ZnPjwSZ6k0UWWW6xio=
33,35,bJkY63u1fDsGIIzfke/a+SYk9RE=,T1wDrp+J8ZnPjwSZ6k0UWWW6xio=
33,38,bJkY63u1fDsGIIzfke/a+SYk9RE=,T1wDrp+J8ZnPjwSZ6k0UWWW6xio=
33,43,bJkY63u1fDsGIIzfke/a+SYk9RE=,gjHuIzH3jhXJERTONALFAZHvsXA=
33,45,bJkY63u1fDsGIIzfke/a+SYk9RE=,gjHuIzH3jhXJERTONALFAZHvsXA=
33,48,bJkY63u1fDsGIIzfke/a+SYk9RE=,eIVwz7b5Ruhq5upj2sx5eMZfpLw=
33,50,bJkY63u1fDsGIIzfke/a+SYk9RE=,eIVwz7b5Ruhq5upj2sx5eMZfpLw=
33,53,bJkY63u1fDsGIIzfke/a+SYk9RE=,eIVwz7b5Ruhq5upj2sx5eMZfpLw=
36,39,bJkY63u1fDsGIIzfke/a+SYk9RE=,T1wDrp+J8ZnPjwSZ6k0UWWW6xio=
36,45,bJkY63u1fDsGIIzfke/a+SYk9RE=,gjHuIzH3jhXJERTONALFAZHvsXA=
36,43,vJQ7NbLVLZuxznYp0gikobk07Ig=,gjHuIzH3jhXJERTONALFAZHvsXA=
36,52,vJQ7NbLVLZuxznYp0gikobk07Ig=,eIVwz7b5Ruhq5upj2sx5eMZfpLw=
35,35,vJQ7NbLVLZuxznYp0gikobk07Ig=,T1wDrp+J8ZnPjwSZ6k0UWWW6xio=
35,32,vJQ7NbLVLZuxznYp0gikobk07Ig=,T1wDrp+J8ZnPjwSZ6k0UWWW6xio=
35,40,vJQ7NbLVLZuxznYp0gikobk07Ig=,gjHuIzH3jhXJERTONALFAZHvsXA=
35,50,vJQ7NbLVLZuxznYp0gikobk07Ig=,eIVwz7b5Ruhq5upj2sx5eMZfpLw=
35,48,vJQ7NbLVLZuxznYp0gikobk07Ig=,eIVwz7b5Ruhq5upj2sx5eMZfpLw=
38,39,vJQ7NbLVLZuxznYp0gikobk07Ig=,SM3lOreXkzah97p31uJlnh02JJI=
38,46,o1v/wFIYdnrkKZHwpUJvgbv7A2c=,gjHuIzH3jhXJERTONALFAZHvsXA=
38,43,o1v/wFIYdnrkKZHwpUJvgbv7A2c=,gjHuIzH3jhXJERTONALFAZHvsXA=
38,41,o1v/wFIYdnrkKZHwpUJvgbv7A2c=,gjHuIzH3jhXJERTONALFAZHvsXA=
38,48,o1v/wFIYdnrkKZHwpUJvgbv7A2c=,eIVwz7b5Ruhq5upj2sx5eMZfpLw=
37,36,o1v/wFIYdnrkKZHwpUJvgbv7A2c=,T1wDrp+J8ZnPjwSZ6k0UWWW6xio=
37,32,o1v/wFIYdnrkKZHwpUJvgbv7A2c=,T1wDrp+J8ZnPjwSZ6k0UWWW6xio=
37,53,o1v/wFIYdnrkKZHwpUJvgbv7A2c=,eIVwz7b5Ruhq5upj2sx5eMZfpLw=
37,51,o1v/wFIYdnrkKZHwpUJvgbv7A2c=,eIVwz7b5Ruhq5upj2sx5eMZfpLw=
40,40,5xun3oD5r6Cwk3b1XTafES13Wmc=,e/dzF7aN32oghp/Bptd7o0WIFdI=
40,47,5xun3oD5r6Cwk3b1XTafES13Wmc=,e/dzF7aN32oghp/Bptd7o0WIFdI=
40,33,5xun3oD5r6Cwk3b1XTafES13Wmc=,e/dzF7aN32oghp/Bptd7o0WIFdI=
40,35,5xun3oD5r6Cwk3b1XTafES13Wmc=,e/dzF7aN32oghp/Bptd7o0WIFdI=
42,51,DISx7EFn3hcFa0hVwrhyr+qnsYo=,6V6K0yAhdk/GL7qjQ4M5LeppSTU=
41,43,DISx7EFn3hcFa0hVwrhyr+qnsYo=,e/dzF7aN32oghp/Bptd7o0WIFdI=
41,45,DISx7EFn3hcFa0hVwrhyr+qnsYo=,e/dzF7aN32oghp/Bptd7o0WIFdI=
41,38,DISx7EFn3hcFa0hVwrhyr+qnsYo=,e/dzF7aN32oghp/Bptd7o0WIFdI=
41,51,DISx7EFn3hcFa0hVwrhyr+qnsYo=,6V6K0yAhdk/GL7qjQ4M5LeppSTU=
41,53,DISx7EFn3hcFa0hVwrhyr+qnsYo=,6V6K0yAhdk/GL7qjQ4M5LeppSTU=
44,32,DISx7EFn3hcFa0hVwrhyr+qnsYo=,e/dzF7aN32oghp/Bptd7o0WIFdI=
43,43,19LUJuHhIsBngEx82xFQZb3pRLs=,e/dzF7aN32oghp/Bptd7o0WIFdI=
43,40,19LUJuHhIsBngEx82xFQZb3pRLs=,e/dzF7aN32oghp/Bptd7o0WIFdI=
43,45,19LUJuHhIsBngEx82xFQZb3pRLs=,e/dzF7aN32oghp/Bptd7o0WIFdI=
43,35,19LUJuHhIsBngEx82xFQZb3pRLs=,e/dzF7aN32oghp/Bptd7o0WIFdI=
43,38,19LUJuHhIsBngEx82xFQZb3pRLs=,e/dzF7aN32oghp/Bptd7o0WIFdI=
43,48,19LUJuHhIsBngEx82xFQZb3pRLs=,6V6K0yAhdk/GL7qjQ4M5LeppSTU=
43,53,19LUJuHhIsBngEx82xFQZb3pRLs=,6V6K0yAhdk/GL7qjQ4M5LeppSTU=
46,47,19LUJuHhIsBngEx82xFQZb3pRLs=,e/dzF7aN32oghp/Bptd7o0WIFdI=
46,43,19LUJuHhIsBngEx82xFQZb3pRLs=,e/dzF7aN32oghp/Bptd7o0WIFdI=
46,32,19LUJuHhIsBngEx82xFQZb3pRLs=,e/dzF7aN32oghp/Bptd7o0WIFdI=
45,46,tGxiMi5AlVEHminRK9YOBvXIRUw=,fRV//gFJ50sjr8cT8h7vZ9v8FK4=
45,40,tGxiMi5AlVEHminRK9YOBvXIRUw=,e/dzF7aN32oghp/Bptd7o0WIFdI=
45,38,tGxiMi5AlVEHminRK9YOBvXIRUw=,e/dzF7aN32oghp/Bptd7o0WIFdI=
45,35,tGxiMi5AlVEHminRK9YOBvXIRUw=,e/dzF7aN32oghp/Bptd7o0WIFdI=
45,53,tGxiMi5AlVEHminRK9YOBvXIRUw=,6V6K0yAhdk/GL7qjQ4M5LeppSTU=
45,50,tGxiMi5AlVEHminRK9YOBvXIRUw=,6V6K0yAhdk/GL7qjQ4M5LeppSTU=
48,48,tGxiMi5AlVEHminRK9YOBvXIRUw=,xn6GrH7UAbFxQK1P2Veu8nXTVlo=
48,50,tGxiMi5AlVEHminRK9YOBvXIRUw=,xn6GrH7UAbFxQK1P2Veu8nXTVlo=
48,33,tGxiMi5AlVEHminRK9YOBvXIRUw=,xn6GrH7UAbFxQK1P2Veu8nXTVlo=
48,36,tGxiMi5AlVEHminRK9YOBvXIRUw=,xn6GrH7UAbFxQK1P2Veu8nXTVlo=
48,37,tGxiMi5AlVEHminRK9YOBvXIRUw=,xn6GrH7UAbFxQK1P2Veu8nXTVlo=
48,43,tGxiMi5AlVEHminRK9YOBvXIRUw=,xn6GrH7UAbFxQK1P2Veu8nXTVlo=
47,53,z5po6ALWR56zWLmPBrGuQ0zsKaY=,6V6K0yAhdk/GL7qjQ4M5LeppSTU=
49,40,z5po6ALWR56zWLmPBrGuQ0zsKaY=,xn6GrH7UAbFxQK1P2Veu8nXTVlo=
49,45,z5po6ALWR56zWLmPBrGuQ0zsKaY=,xn6GrH7UAbFxQK1P2Veu8nXTVlo=
