359,260,b8KdNpr+YiG4ZJX4GtSg0qVqreU=,Elv0kRHTNLfByDGE2NKzRt1fqio=
352,257,b8KdNpr+YiG4ZJX4GtSg0qVqreU=,Elv0kRHTNLfByDGE2NKzRt1fqio=
352,261,b8KdNpr+YiG4ZJX4GtSg0qVqreU=,Elv0kRHTNLfByDGE2NKzRt1fqio=
353,257,b8KdNpr+YiG4ZJX4GtSg0qVqreU=,Elv0kRHTNLfByDGE2NKzRt1fqio=
353,261,b8KdNpr+YiG4ZJX4GtSg0qVqreU=,Elv0kRHTNLfByDGE2NKzRt1fqio=
354,261,b8KdNpr+YiG4ZJX4GtSg0qVqreU=,Elv0kRHTNLfByDGE2NKzRt1fqio=
355,261,b8KdNpr+YiG4ZJX4GtSg0qVqreU=,Elv0kRHTNLfByDGE2NKzRt1fqio=
356,261,b8KdNpr+YiG4ZJX4GtSg0qVqreU=,Elv0kRHTNLfByDGE2NKzRt1fqio=
357,261,b8KdNpr+YiG4ZJX4GtSg0qVqreU=,Elv0kRHTNLfByDGE2NKzRt1fqio=
358,261,b8KdNpr+YiG4ZJX4GtSg0qVqreU=,Elv0kRHTNLfByDGE2NKzRt1fqio=
352,256,b8KdNpr+YiG4ZJX4GtSg0qVqreU=,Elv0kRHTNLfByDGE2NKzRt1fqio=
354,257,b8KdNpr+YiG4ZJX4GtSg0qVqreU=,Elv0kRHTNLfByDGE2NKzRt1fqio=
359,261,b8KdNpr+YiG4ZJX4GtSg0qVqreU=,Elv0kRHTNLfByDGE2NKzRt1fqio=
352,260,b8KdNpr+YiG4ZJX4GtSg0qVqreU=,Elv0kRHTNLfByDGE2NKzRt1fqio=
352,262,b8KdNpr+YiG4ZJX4GtSg0qVqreU=,Elv0kRHTNLfByDGE2NKzRt1fqio=
355,257,b8KdNpr+YiG4ZJX4GtSg0qVqreU=,Elv0kRHTNLfByDGE2NKzRt1fqio=
353,262,b8KdNpr+YiG4ZJX4GtSg0qVqreU=,Elv0kRHTNLfByDGE2NKzRt1fqio=
354,262,b8KdNpr+YiG4ZJX4GtSg0qVqreU=,Elv0kRHTNLfByDGE2NKzRt1fqio=
355,262,b8KdNpr+YiG4ZJX4GtSg0qVqreU=,Elv0kRHTNLfByDGE2NKzRt1fqio=
356,262,b8KdNpr+YiG4ZJX4GtSg0qVqreU=,Elv0kRHTNLfByDGE2NKzRt1fqio=
357,262,b8KdNpr+YiG4ZJX4GtSg0qVqreU=,Elv0kRHTNLfByDGE2NKzRt1fqio=
358,262,b8KdNpr+YiG4ZJX4GtSg0qVqreU=,Elv0kRHTNLfByDGE2NKzRt1fqio=
353,260,b8KdNpr+YiG4ZJX4GtSg0qVqreU=,Elv0kRHTNLfByDGE2NKzRt1fqio=
359,262,b8KdNpr+YiG4ZJX4GtSg0qVqreU=,Elv0kRHTNLfByDGE2NKzRt1fqio=
356,257,b8KdNpr+YiG4ZJX4GtSg0qVqreU=,Elv0kRHTNLfByDGE2NKzRt1fqio=
352,263,b8KdNpr+YiG4ZJX4GtSg0qVqreU=,Elv0kRHTNLfByDGE2NKzRt1fqio=
354,256,b8KdNpr+YiG4ZJX4GtSg0qVqreU=,Elv0kRHTNLfByDGE2NKzRt1fqio=
357,257,b8KdNpr+YiG4ZJX4GtSg0qVqreU=,Elv0kRHTNLfByDGE2NKzRt1fqio=
352,259,b8KdNpr+YiG4ZJX4GtSg0qVqreU=,Elv0kRHTNLfByDGE2NKzRt1fqio=
353,263,b8KdNpr+YiG4ZJX4GtSg0qVqreU=,Elv0kRHTNLfByDGE2NKzRt1fqio=
352,258,b8KdNpr+YiG4ZJX4GtSg0qVqreU=,Elv0kRHTNLfByDGE2NKzRt1fqio=
353,258,b8KdNpr+YiG4ZJX4GtSg0qVqreU=,Elv0kRHTNLfByDGE2NKzRt1fqio=
354,263,b8KdNpr+YiG4ZJX4GtSg0qVqreU=,Elv0kRHTNLfByDGE2NKzRt1fqio=
354,258,b8KdNpr+YiG4ZJX4GtSg0qVqreU=,Elv0kRHTNLfByDGE2NKzRt1fqio=
355,258,b8KdNpr+YiG4ZJX4GtSg0qVqreU=,Elv0kRHTNLfByDGE2NKzRt1fqio=
355,263,b8KdNpr+YiG4ZJX4GtSg0qVqreU=,Elv0kRHTNLfByDGE2NKzRt1fqio=
356,263,b8KdNpr+YiG4ZJX4GtSg0qVqreU=,Elv0kRHTNLfByDGE2NKzRt1fqio=
359,256,b8KdNpr+YiG4ZJX4GtSg0qVqreU=,Elv0kRHTNLfByDGE2NKzRt1fqio=
356,258,b8KdNpr+YiG4ZJX4GtSg0qVqreU=,Elv0kRHTNLfByDGE2NKzRt1fqio=
357,263,b8KdNpr+YiG4ZJX4GtSg0qVqreU=,Elv0kRHTNLfByDGE2NKzRt1fqio=
357,256,b8KdNpr+YiG4ZJX4GtSg0qVqreU=,Elv0kRHTNLfByDGE2NKzRt1fqio=
357,258,b8KdNpr+YiG4ZJX4GtSg0qVqreU=,Elv0kRHTNLfByDGE2NKzRt1fqio=
358,263,b8KdNpr+YiG4ZJX4GtSg0qVqreU=,Elv0kRHTNLfByDGE2NKzRt1fqio=
359,259,b8KdNpr+YiG4ZJX4GtSg0qVqreU=,Elv0kRHTNLfByDGE2NKzRt1fqio=
353,259,b8KdNpr+YiG4ZJX4GtSg0qVqreU=,Elv0kRHTNLfByDGE2NKzRt1fqio=
358,260,b8KdNpr+YiG4ZJX4GtSg0qVqreU=,Elv0kRHTNLfByDGE2NKzRt1fqio=
354,259,b8KdNpr+YiG4ZJX4GtSg0qVqreU=,Elv0kRHTNLfByDGE2NKzRt1fqio=
357,260,b8KdNpr+YiG4ZJX4GtSg0qVqreU=,Elv0kRHTNLfByDGE2NKzRt1fqio=
359,263,b8KdNpr+YiG4ZJX4GtSg0qVqreU=,Elv0kRHTNLfByDGE2NKzRt1fqio=
359,258,b8KdNpr+YiG4ZJX4GtSg0qVqreU=,Elv0kRHTNLfByDGE2NKzRt1fqio=
356,256,b8KdNpr+YiG4ZJX4GtSg0qVqreU=,Elv0kRHTNLfByDGE2NKzRt1fqio=
353,256,b8KdNpr+YiG4ZJX4GtSg0qVqreU=,Elv0kRHTNLfByDGE2NKzRt1fqio=
358,258,b8KdNpr+YiG4ZJX4GtSg0qVqreU=,Elv0kRHTNLfByDGE2NKzRt1fqio=
358,257,b8KdNpr+YiG4ZJX4GtSg0qVqreU=,Elv0kRHTNLfByDGE2NKzRt1fqio=
355,256,b8KdNpr+YiG4ZJX4GtSg0qVqreU=,Elv0kRHTNLfByDGE2NKzRt1fqio=
354,260,b8KdNpr+YiG4ZJX4GtSg0qVqreU=,Elv0kRHTNLfByDGE2NKzRt1fqio=
359,257,b8KdNpr+YiG4ZJX4GtSg0qVqreU=,Elv0kRHTNLfByDGE2NKzRt1fqio=
358,259,b8KdNpr+YiG4ZJX4GtSg0qVqreU=,Elv0kRHTNLfByDGE2NKzRt1fqio=
356,260,b8KdNpr+YiG4ZJX4GtSg0qVqreU=,Elv0kRHTNLfByDGE2NKzRt1fqio=
355,259,b8KdNpr+YiG4ZJX4GtSg0qVqreU=,Elv0kRHTNLfByDGE2NKzRt1fqio=
355,260,b8KdNpr+YiG4ZJX4GtSg0qVqreU=,Elv0kRHTNLfByDGE2NKzRt1fqio=
358,256,b8KdNpr+YiG4ZJX4GtSg0qVqreU=,Elv0kRHTNLfByDGE2NKzRt1fqio=
357,259,b8KdNpr+YiG4ZJX4GtSg0qVqreU=,Elv0kRHTNLfByDGE2NKzRt1fqio=
356,259,b8KdNpr+YiG4ZJX4GtSg0qVqreU=,Elv0kRHTNLfByDGE2NKzRt1fqio=
368,257,p5t9FNAUBGl363UN67oeKGVI0jw=,CNMP9r8FnfGriyqlWAYldliHEcU=
371,263,p5t9FNAUBGl363UN67oeKGVI0jw=,CNMP9r8FnfGriyqlWAYldliHEcU=
371,262,p5t9FNAUBGl363UN67oeKGVI0jw=,CNMP9r8FnfGriyqlWAYldliHEcU=
375,258,p5t9FNAUBGl363UN67oeKGVI0jw=,CNMP9r8FnfGriyqlWAYldliHEcU=
375,256,p5t9FNAUBGl363UN67oeKGVI0jw=,CNMP9r8FnfGriyqlWAYldliHEcU=
374,258,p5t9FNAUBGl363UN67oeKGVI0jw=,CNMP9r8FnfGriyqlWAYldliHEcU=
373,258,p5t9FNAUBGl363UN67oeKGVI0jw=,CNMP9r8FnfGriyqlWAYldliHEcU=
371,261,p5t9FNAUBGl363UN67oeKGVI0jw=,CNMP9r8FnfGriyqlWAYldliHEcU=
372,258,p5t9FNAUBGl363UN67oeKGVI0jw=,CNMP9r8FnfGriyqlWAYldliHEcU=
370,263,p5t9FNAUBGl363UN67oeKGVI0jw=,CNMP9r8FnfGriyqlWAYldliHEcU=
371,258,p5t9FNAUBGl363UN67oeKGVI0jw=,CNMP9r8FnfGriyqlWAYldliHEcU=
370,261,p5t9FNAUBGl363UN67oeKGVI0jw=,CNMP9r8FnfGriyqlWAYldliHEcU=
369,261,p5t9FNAUBGl363UN67oeKGVI0jw=,CNMP9r8FnfGriyqlWAYldliHEcU=
368,261,p5t9FNAUBGl363UN67oeKGVI0jw=,CNMP9r8FnfGriyqlWAYldliHEcU=
375,260,p5t9FNAUBGl363UN67oeKGVI0jw=,CNMP9r8FnfGriyqlWAYldliHEcU=
374,260,p5t9FNAUBGl363UN67oeKGVI0jw=,CNMP9r8FnfGriyqlWAYldliHEcU=
373,260,p5t9FNAUBGl363UN67oeKGVI0jw=,CNMP9r8FnfGriyqlWAYldliHEcU=
372,260,p5t9FNAUBGl363UN67oeKGVI0jw=,CNMP9r8FnfGriyqlWAYldliHEcU=
373,256,p5t9FNAUBGl363UN67oeKGVI0jw=,CNMP9r8FnfGriyqlWAYldliHEcU=
369,263,p5t9FNAUBGl363UN67oeKGVI0jw=,CNMP9r8FnfGriyqlWAYldliHEcU=
371,256,p5t9FNAUBGl363UN67oeKGVI0jw=,CNMP9r8FnfGriyqlWAYldliHEcU=
370,258,p5t9FNAUBGl363UN67oeKGVI0jw=,CNMP9r8FnfGriyqlWAYldliHEcU=
369,260,p5t9FNAUBGl363UN67oeKGVI0jw=,CNMP9r8FnfGriyqlWAYldliHEcU=
368,260,p5t9FNAUBGl363UN67oeKGVI0jw=,CNMP9r8FnfGriyqlWAYldliHEcU=
375,259,p5t9FNAUBGl363UN67oeKGVI0jw=,CNMP9r8FnfGriyqlWAYldliHEcU=
374,259,p5t9FNAUBGl363UN67oeKGVI0jw=,CNMP9r8FnfGriyqlWAYldliHEcU=
373,259,p5t9FNAUBGl363UN67oeKGVI0jw=,CNMP9r8FnfGriyqlWAYldliHEcU=
372,259,p5t9FNAUBGl363UN67oeKGVI0jw=,CNMP9r8FnfGriyqlWAYldliHEcU=
368,263,p5t9FNAUBGl363UN67oeKGVI0jw=,CNMP9r8FnfGriyqlWAYldliHEcU=
371,259,p5t9FNAUBGl363UN67oeKGVI0jw=,CNMP9r8FnfGriyqlWAYldliHEcU=
369,258,p5t9FNAUBGl363UN67oeKGVI0jw=,CNMP9r8FnfGriyqlWAYldliHEcU=
375,257,p5t9FNAUBGl363UN67oeKGVI0jw=,CNMP9r8FnfGriyqlWAYldliHEcU=
372,256,p5t9FNAUBGl363UN67oeKGVI0jw=,CNMP9r8FnfGriyqlWAYldliHEcU=
370,256,p5t9FNAUBGl363UN67oeKGVI0jw=,CNMP9r8FnfGriyqlWAYldliHEcU=
369,259,p5t9FNAUBGl363UN67oeKGVI0jw=,CNMP9r8FnfGriyqlWAYldliHEcU=
370,262,p5t9FNAUBGl363UN67oeKGVI0jw=,CNMP9r8FnfGriyqlWAYldliHEcU=
374,257,p5t9FNAUBGl363UN67oeKGVI0jw=,CNMP9r8FnfGriyqlWAYldliHEcU=
370,259,p5t9FNAUBGl363UN67oeKGVI0jw=,CNMP9r8FnfGriyqlWAYldliHEcU=
373,257,p5t9FNAUBGl363UN67oeKGVI0jw=,CNMP9r8FnfGriyqlWAYldliHEcU=
372,257,p5t9FNAUBGl363UN67oeKGVI0jw=,CNMP9r8FnfGriyqlWAYldliHEcU=
369,256,p5t9FNAUBGl363UN67oeKGVI0jw=,CNMP9r8FnfGriyqlWAYldliHEcU=
375,262,p5t9FNAUBGl363UN67oeKGVI0jw=,CNMP9r8FnfGriyqlWAYldliHEcU=
371,257,p5t9FNAUBGl363UN67oeKGVI0jw=,CNMP9r8FnfGriyqlWAYldliHEcU=
374,262,p5t9FNAUBGl363UN67oeKGVI0jw=,CNMP9r8FnfGriyqlWAYldliHEcU=
371,260,p5t9FNAUBGl363UN67oeKGVI0jw=,CNMP9r8FnfGriyqlWAYldliHEcU=
370,260,p5t9FNAUBGl363UN67oeKGVI0jw=,CNMP9r8FnfGriyqlWAYldliHEcU=
369,262,p5t9FNAUBGl363UN67oeKGVI0jw=,CNMP9r8FnfGriyqlWAYldliHEcU=
368,259,p5t9FNAUBGl363UN67oeKGVI0jw=,CNMP9r8FnfGriyqlWAYldliHEcU=
368,262,p5t9FNAUBGl363UN67oeKGVI0jw=,CNMP9r8FnfGriyqlWAYldliHEcU=
375,261,p5t9FNAUBGl363UN67oeKGVI0jw=,CNMP9r8FnfGriyqlWAYldliHEcU=
374,261,p5t9FNAUBGl363UN67oeKGVI0jw=,CNMP9r8FnfGriyqlWAYldliHEcU=
373,261,p5t9FNAUBGl363UN67oeKGVI0jw=,CNMP9r8FnfGriyqlWAYldliHEcU=
372,261,p5t9FNAUBGl363UN67oeKGVI0jw=,CNMP9r8FnfGriyqlWAYldliHEcU=
374,256,p5t9FNAUBGl363UN67oeKGVI0jw=,CNMP9r8FnfGriyqlWAYldliHEcU=
368,256,p5t9FNAUBGl363UN67oeKGVI0jw=,CNMP9r8FnfGriyqlWAYldliHEcU=
368,258,p5t9FNAUBGl363UN67oeKGVI0jw=,CNMP9r8FnfGriyqlWAYldliHEcU=
373,262,p5t9FNAUBGl363UN67oeKGVI0jw=,CNMP9r8FnfGriyqlWAYldliHEcU=
375,263,p5t9FNAUBGl363UN67oeKGVI0jw=,CNMP9r8FnfGriyqlWAYldliHEcU=
372,262,p5t9FNAUBGl363UN67oeKGVI0jw=,CNMP9r8FnfGriyqlWAYldliHEcU=
374,263,p5t9FNAUBGl363UN67oeKGVI0jw=,CNMP9r8FnfGriyqlWAYldliHEcU=
370,257,p5t9FNAUBGl363UN67oeKGVI0jw=,CNMP9r8FnfGriyqlWAYldliHEcU=
373,263,p5t9FNAUBGl363UN67oeKGVI0jw=,CNMP9r8FnfGriyqlWAYldliHEcU=
369,257,p5t9FNAUBGl363UN67oeKGVI0jw=,CNMP9r8FnfGriyqlWAYldliHEcU=
372,263,p5t9FNAUBGl363UN67oeKGVI0jw=,CNMP9r8FnfGriyqlWAYldliHEcU=
367,284,nmqlhmeQAw2t4hIDoBxW6ry/HUo=,WSVaw/u1TvQ4JlfRjyJLZ1S01q0=
360,281,nmqlhmeQAw2t4hIDoBxW6ry/HUo=,WSVaw/u1TvQ4JlfRjyJLZ1S01q0=
360,285,nmqlhmeQAw2t4hIDoBxW6ry/HUo=,WSVaw/u1TvQ4JlfRjyJLZ1S01q0=
361,281,nmqlhmeQAw2t4hIDoBxW6ry/HUo=,WSVaw/u1TvQ4JlfRjyJLZ1S01q0=
361,285,nmqlhmeQAw2t4hIDoBxW6ry/HUo=,WSVaw/u1TvQ4JlfRjyJLZ1S01q0=
362,285,nmqlhmeQAw2t4hIDoBxW6ry/HUo=,WSVaw/u1TvQ4JlfRjyJLZ1S01q0=
363,285,nmqlhmeQAw2t4hIDoBxW6ry/HUo=,WSVaw/u1TvQ4JlfRjyJLZ1S01q0=
364,285,nmqlhmeQAw2t4hIDoBxW6ry/HUo=,WSVaw/u1TvQ4JlfRjyJLZ1S01q0=
365,285,nmqlhmeQAw2t4hIDoBxW6ry/HUo=,WSVaw/u1TvQ4JlfRjyJLZ1S01q0=
366,285,nmqlhmeQAw2t4hIDoBxW6ry/HUo=,WSVaw/u1TvQ4JlfRjyJLZ1S01q0=
360,284,nmqlhmeQAw2t4hIDoBxW6ry/HUo=,WSVaw/u1TvQ4JlfRjyJLZ1S01q0=
360,280,nmqlhmeQAw2t4hIDoBxW6ry/HUo=,WSVaw/u1TvQ4JlfRjyJLZ1S01q0=
362,281,nmqlhmeQAw2t4hIDoBxW6ry/HUo=,WSVaw/u1TvQ4JlfRjyJLZ1S01q0=
367,285,nmqlhmeQAw2t4hIDoBxW6ry/HUo=,WSVaw/u1TvQ4JlfRjyJLZ1S01q0=
360,286,nmqlhmeQAw2t4hIDoBxW6ry/HUo=,WSVaw/u1TvQ4JlfRjyJLZ1S01q0=
363,281,nmqlhmeQAw2t4hIDoBxW6ry/HUo=,WSVaw/u1TvQ4JlfRjyJLZ1S01q0=
361,286,nmqlhmeQAw2t4hIDoBxW6ry/HUo=,WSVaw/u1TvQ4JlfRjyJLZ1S01q0=
362,286,nmqlhmeQAw2t4hIDoBxW6ry/HUo=,WSVaw/u1TvQ4JlfRjyJLZ1S01q0=
363,286,nmqlhmeQAw2t4hIDoBxW6ry/HUo=,WSVaw/u1TvQ4JlfRjyJLZ1S01q0=
364,286,nmqlhmeQAw2t4hIDoBxW6ry/HUo=,WSVaw/u1TvQ4JlfRjyJLZ1S01q0=
365,286,nmqlhmeQAw2t4hIDoBxW6ry/HUo=,WSVaw/u1TvQ4JlfRjyJLZ1S01q0=
366,286,nmqlhmeQAw2t4hIDoBxW6ry/HUo=,WSVaw/u1TvQ4JlfRjyJLZ1S01q0=
361,284,nmqlhmeQAw2t4hIDoBxW6ry/HUo=,WSVaw/u1TvQ4JlfRjyJLZ1S01q0=
367,286,nmqlhmeQAw2t4hIDoBxW6ry/HUo=,WSVaw/u1TvQ4JlfRjyJLZ1S01q0=
360,283,nmqlhmeQAw2t4hIDoBxW6ry/HUo=,WSVaw/u1TvQ4JlfRjyJLZ1S01q0=
364,281,nmqlhmeQAw2t4hIDoBxW6ry/HUo=,WSVaw/u1TvQ4JlfRjyJLZ1S01q0=
360,287,nmqlhmeQAw2t4hIDoBxW6ry/HUo=,WSVaw/u1TvQ4JlfRjyJLZ1S01q0=
362,280,nmqlhmeQAw2t4hIDoBxW6ry/HUo=,WSVaw/u1TvQ4JlfRjyJLZ1S01q0=
365,281,nmqlhmeQAw2t4hIDoBxW6ry/HUo=,WSVaw/u1TvQ4JlfRjyJLZ1S01q0=
361,287,nmqlhmeQAw2t4hIDoBxW6ry/HUo=,WSVaw/u1TvQ4JlfRjyJLZ1S01q0=
360,282,nmqlhmeQAw2t4hIDoBxW6ry/HUo=,WSVaw/u1TvQ4JlfRjyJLZ1S01q0=
361,282,nmqlhmeQAw2t4hIDoBxW6ry/HUo=,WSVaw/u1TvQ4JlfRjyJLZ1S01q0=
362,282,nmqlhmeQAw2t4hIDoBxW6ry/HUo=,WSVaw/u1TvQ4JlfRjyJLZ1S01q0=
363,282,nmqlhmeQAw2t4hIDoBxW6ry/HUo=,WSVaw/u1TvQ4JlfRjyJLZ1S01q0=
364,282,nmqlhmeQAw2t4hIDoBxW6ry/HUo=,WSVaw/u1TvQ4JlfRjyJLZ1S01q0=
362,287,nmqlhmeQAw2t4hIDoBxW6ry/HUo=,WSVaw/u1TvQ4JlfRjyJLZ1S01q0=
363,287,nmqlhmeQAw2t4hIDoBxW6ry/HUo=,WSVaw/u1TvQ4JlfRjyJLZ1S01q0=
364,287,nmqlhmeQAw2t4hIDoBxW6ry/HUo=,WSVaw/u1TvQ4JlfRjyJLZ1S01q0=
365,287,nmqlhmeQAw2t4hIDoBxW6ry/HUo=,WSVaw/u1TvQ4JlfRjyJLZ1S01q0=
366,287,nmqlhmeQAw2t4hIDoBxW6ry/HUo=,WSVaw/u1TvQ4JlfRjyJLZ1S01q0=
365,282,nmqlhmeQAw2t4hIDoBxW6ry/HUo=,WSVaw/u1TvQ4JlfRjyJLZ1S01q0=
364,280,nmqlhmeQAw2t4hIDoBxW6ry/HUo=,WSVaw/u1TvQ4JlfRjyJLZ1S01q0=
367,287,nmqlhmeQAw2t4hIDoBxW6ry/HUo=,WSVaw/u1TvQ4JlfRjyJLZ1S01q0=
361,280,nmqlhmeQAw2t4hIDoBxW6ry/HUo=,WSVaw/u1TvQ4JlfRjyJLZ1S01q0=
361,283,nmqlhmeQAw2t4hIDoBxW6ry/HUo=,WSVaw/u1TvQ4JlfRjyJLZ1S01q0=
362,283,nmqlhmeQAw2t4hIDoBxW6ry/HUo=,WSVaw/u1TvQ4JlfRjyJLZ1S01q0=
366,281,nmqlhmeQAw2t4hIDoBxW6ry/HUo=,WSVaw/u1TvQ4JlfRjyJLZ1S01q0=
367,281,nmqlhmeQAw2t4hIDoBxW6ry/HUo=,WSVaw/u1TvQ4JlfRjyJLZ1S01q0=
362,284,nmqlhmeQAw2t4hIDoBxW6ry/HUo=,WSVaw/u1TvQ4JlfRjyJLZ1S01q0=
363,283,nmqlhmeQAw2t4hIDoBxW6ry/HUo=,WSVaw/u1TvQ4JlfRjyJLZ1S01q0=
364,283,nmqlhmeQAw2t4hIDoBxW6ry/HUo=,WSVaw/u1TvQ4JlfRjyJLZ1S01q0=
365,283,nmqlhmeQAw2t4hIDoBxW6ry/HUo=,WSVaw/u1TvQ4JlfRjyJLZ1S01q0=
366,280,nmqlhmeQAw2t4hIDoBxW6ry/HUo=,WSVaw/u1TvQ4JlfRjyJLZ1S01q0=
363,284,nmqlhmeQAw2t4hIDoBxW6ry/HUo=,WSVaw/u1TvQ4JlfRjyJLZ1S01q0=
364,284,nmqlhmeQAw2t4hIDoBxW6ry/HUo=,WSVaw/u1TvQ4JlfRjyJLZ1S01q0=
363,280,nmqlhmeQAw2t4hIDoBxW6ry/HUo=,WSVaw/u1TvQ4JlfRjyJLZ1S01q0=
366,283,nmqlhmeQAw2t4hIDoBxW6ry/HUo=,WSVaw/u1TvQ4JlfRjyJLZ1S01q0=
366,282,nmqlhmeQAw2t4hIDoBxW6ry/HUo=,WSVaw/u1TvQ4JlfRjyJLZ1S01q0=
365,284,nmqlhmeQAw2t4hIDoBxW6ry/HUo=,WSVaw/u1TvQ4JlfRjyJLZ1S01q0=
367,282,nmqlhmeQAw2t4hIDoBxW6ry/HUo=,WSVaw/u1TvQ4JlfRjyJLZ1S01q0=
366,284,nmqlhmeQAw2t4hIDoBxW6ry/HUo=,WSVaw/u1TvQ4JlfRjyJLZ1S01q0=
365,280,nmqlhmeQAw2t4hIDoBxW6ry/HUo=,WSVaw/u1TvQ4JlfRjyJLZ1S01q0=
367,283,nmqlhmeQAw2t4hIDoBxW6ry/HUo=,WSVaw/u1TvQ4JlfRjyJLZ1S01q0=
367,280,nmqlhmeQAw2t4hIDoBxW6ry/HUo=,WSVaw/u1TvQ4JlfRjyJLZ1S01q0=
